0 verbose cli C:\Program Files\nodejs\node.exe C:\Program Files\nodejs\node_modules\npm\bin\npm-cli.js
1 info using npm@11.12.1
2 info using node@v24.15.0
3 silly config load:file:C:\Program Files\nodejs\node_modules\npm\npmrc
4 silly config load:file:C:\Users\deweb\Documents\VSME Supplier Passport\.npmrc
5 silly config load:file:C:\Users\deweb\.npmrc
6 silly config load:file:C:\Users\deweb\Documents\VSME Supplier Passport\.appdata\npm\etc\npmrc
7 verbose title npm install clsx tailwind-merge shadcn@latest class-variance-authority tw-animate-css @base-ui/react lucide-react
8 verbose argv "install" "clsx" "tailwind-merge" "shadcn@latest" "class-variance-authority" "tw-animate-css" "@base-ui/react" "lucide-react"
9 verbose logfile logs-max:10 dir:C:\Users\deweb\Documents\VSME Supplier Passport\.npm-cache\_logs\2026-05-16T07_56_13_002Z-
10 verbose logfile C:\Users\deweb\Documents\VSME Supplier Passport\.npm-cache\_logs\2026-05-16T07_56_13_002Z-debug-0.log
11 silly logfile done cleaning log files
12 silly packumentCache heap:4496293888 maxSize:1124073472 maxEntrySize:562036736
13 silly packumentCache corgi:https://registry.npmjs.org/shadcn cache-miss
14 http cache https://registry.npmjs.org/shadcn 107ms (cache hit)
15 silly packumentCache corgi:https://registry.npmjs.org/shadcn set size:391880 disposed:false
16 silly idealTree buildDeps
17 silly fetch manifest class-variance-authority@^0.7.1
18 silly packumentCache full:https://registry.npmjs.org/class-variance-authority cache-miss
19 http cache https://registry.npmjs.org/class-variance-authority 5ms (cache hit)
20 silly packumentCache full:https://registry.npmjs.org/class-variance-authority set size:96388 disposed:false
21 silly fetch manifest clsx@^2.1.1
22 silly packumentCache full:https://registry.npmjs.org/clsx cache-miss
23 http cache https://registry.npmjs.org/clsx 4ms (cache hit)
24 silly packumentCache full:https://registry.npmjs.org/clsx set size:42506 disposed:false
25 silly fetch manifest lucide-react@^1.16.0
26 silly packumentCache full:https://registry.npmjs.org/lucide-react cache-miss
27 http cache https://registry.npmjs.org/lucide-react 8ms (cache hit)
28 silly packumentCache full:https://registry.npmjs.org/lucide-react set size:2265850 disposed:false
29 silly fetch manifest react@19.2.4
30 silly packumentCache full:https://registry.npmjs.org/react cache-miss
31 http cache https://registry.npmjs.org/react 25ms (cache hit)
32 silly packumentCache full:https://registry.npmjs.org/react set size:6650647 disposed:false
33 silly fetch manifest tailwind-merge@^3.6.0
34 silly packumentCache full:https://registry.npmjs.org/tailwind-merge cache-miss
35 http cache https://registry.npmjs.org/tailwind-merge 9ms (cache hit)
36 silly packumentCache full:https://registry.npmjs.org/tailwind-merge set size:1613657 disposed:false
37 silly fetch manifest tw-animate-css@*
38 silly packumentCache full:https://registry.npmjs.org/tw-animate-css cache-miss
39 http fetch GET 200 https://registry.npmjs.org/tw-animate-css 311ms (cache miss)
40 silly packumentCache full:https://registry.npmjs.org/tw-animate-css set size:undefined disposed:false
41 silly fetch manifest @base-ui/react@*
42 silly packumentCache full:https://registry.npmjs.org/@base-ui%2freact cache-miss
43 http fetch GET 200 https://registry.npmjs.org/@base-ui%2freact 469ms (cache miss)
44 silly packumentCache full:https://registry.npmjs.org/@base-ui%2freact set size:undefined disposed:false
45 silly fetch manifest @date-fns/tz@^1.2.0
46 silly packumentCache full:https://registry.npmjs.org/@date-fns%2ftz cache-miss
47 http fetch GET 200 https://registry.npmjs.org/@date-fns%2ftz 56ms (cache miss)
48 silly packumentCache full:https://registry.npmjs.org/@date-fns%2ftz set size:undefined disposed:false
49 silly fetch manifest @types/react@^19
50 silly packumentCache full:https://registry.npmjs.org/@types%2freact cache-miss
51 http cache https://registry.npmjs.org/@types%2freact 10ms (cache hit)
52 silly packumentCache full:https://registry.npmjs.org/@types%2freact set size:2588964 disposed:false
53 silly fetch manifest date-fns@^4.0.0
54 silly packumentCache full:https://registry.npmjs.org/date-fns cache-miss
55 http fetch GET 200 https://registry.npmjs.org/date-fns 367ms (cache miss)
56 silly packumentCache full:https://registry.npmjs.org/date-fns set size:undefined disposed:false
57 silly fetch manifest react-dom@19.2.4
58 silly packumentCache full:https://registry.npmjs.org/react-dom cache-miss
59 http cache https://registry.npmjs.org/react-dom 37ms (cache hit)
60 silly packumentCache full:https://registry.npmjs.org/react-dom set size:8868827 disposed:false
61 silly fetch manifest shadcn@4.7.0
62 silly packumentCache full:https://registry.npmjs.org/shadcn cache-miss
63 http cache https://registry.npmjs.org/shadcn 6ms (cache hit)
64 silly packumentCache full:https://registry.npmjs.org/shadcn set size:986134 disposed:false
65 silly placeDep ROOT @base-ui/react@1.4.1 OK for: supplier-passport-temp@0.1.0 want: *
66 silly placeDep ROOT class-variance-authority@0.7.1 REPLACE for: supplier-passport-temp@0.1.0 want: ^0.7.1
67 silly placeDep ROOT clsx@2.1.1 REPLACE for: supplier-passport-temp@0.1.0 want: ^2.1.1
68 silly placeDep ROOT lucide-react@1.16.0 REPLACE for: supplier-passport-temp@0.1.0 want: ^1.16.0
69 silly placeDep ROOT shadcn@4.7.0 OK for: supplier-passport-temp@0.1.0 want: 4.7.0
70 silly placeDep ROOT tailwind-merge@3.6.0 REPLACE for: supplier-passport-temp@0.1.0 want: ^3.6.0
71 silly placeDep ROOT tw-animate-css@1.4.0 OK for: supplier-passport-temp@0.1.0 want: *
72 silly fetch manifest @babel/runtime@^7.29.2
73 silly packumentCache full:https://registry.npmjs.org/@babel%2fruntime cache-miss
74 silly fetch manifest @floating-ui/react-dom@^2.1.8
75 silly packumentCache full:https://registry.npmjs.org/@floating-ui%2freact-dom cache-miss
76 silly fetch manifest @floating-ui/utils@^0.2.11
77 silly packumentCache full:https://registry.npmjs.org/@floating-ui%2futils cache-miss
78 http fetch GET 200 https://registry.npmjs.org/@floating-ui%2futils 118ms (cache miss)
79 silly packumentCache full:https://registry.npmjs.org/@floating-ui%2futils set size:undefined disposed:false
80 silly fetch manifest @base-ui/utils@0.2.8
81 silly packumentCache full:https://registry.npmjs.org/@base-ui%2futils cache-miss
82 http fetch GET 200 https://registry.npmjs.org/@floating-ui%2freact-dom 126ms (cache miss)
83 silly packumentCache full:https://registry.npmjs.org/@floating-ui%2freact-dom set size:undefined disposed:false
84 silly fetch manifest @babel/plugin-transform-typescript@^7.28.0
85 silly packumentCache full:https://registry.npmjs.org/@babel%2fplugin-transform-typescript cache-miss
86 http cache https://registry.npmjs.org/@babel%2fplugin-transform-typescript 6ms (cache hit)
87 silly packumentCache full:https://registry.npmjs.org/@babel%2fplugin-transform-typescript set size:393009 disposed:false
88 silly fetch manifest @babel/preset-typescript@^7.27.1
89 silly packumentCache full:https://registry.npmjs.org/@babel%2fpreset-typescript cache-miss
90 http cache https://registry.npmjs.org/@babel%2fpreset-typescript 8ms (cache hit)
91 silly packumentCache full:https://registry.npmjs.org/@babel%2fpreset-typescript set size:261890 disposed:false
92 silly fetch manifest @dotenvx/dotenvx@^1.48.4
93 silly packumentCache full:https://registry.npmjs.org/@dotenvx%2fdotenvx cache-miss
94 http cache https://registry.npmjs.org/@dotenvx%2fdotenvx 9ms (cache hit)
95 silly packumentCache full:https://registry.npmjs.org/@dotenvx%2fdotenvx set size:708659 disposed:false
96 silly fetch manifest @modelcontextprotocol/sdk@^1.26.0
97 silly packumentCache full:https://registry.npmjs.org/@modelcontextprotocol%2fsdk cache-miss
98 http cache https://registry.npmjs.org/@modelcontextprotocol%2fsdk 7ms (cache hit)
99 silly packumentCache full:https://registry.npmjs.org/@modelcontextprotocol%2fsdk set size:295652 disposed:false
100 silly fetch manifest @types/validate-npm-package-name@^4.0.2
101 silly packumentCache full:https://registry.npmjs.org/@types%2fvalidate-npm-package-name cache-miss
102 http cache https://registry.npmjs.org/@types%2fvalidate-npm-package-name 5ms (cache hit)
103 silly packumentCache full:https://registry.npmjs.org/@types%2fvalidate-npm-package-name set size:17657 disposed:false
104 silly fetch manifest commander@^14.0.0
105 silly packumentCache full:https://registry.npmjs.org/commander cache-miss
106 http cache https://registry.npmjs.org/commander 7ms (cache hit)
107 silly packumentCache full:https://registry.npmjs.org/commander set size:306288 disposed:false
108 silly fetch manifest cosmiconfig@^9.0.0
109 silly packumentCache full:https://registry.npmjs.org/cosmiconfig cache-miss
110 http cache https://registry.npmjs.org/cosmiconfig 4ms (cache hit)
111 silly packumentCache full:https://registry.npmjs.org/cosmiconfig set size:222324 disposed:false
112 silly fetch manifest dedent@^1.6.0
113 silly packumentCache full:https://registry.npmjs.org/dedent cache-miss
114 http fetch GET 200 https://registry.npmjs.org/@babel%2fruntime 207ms (cache miss)
115 silly packumentCache full:https://registry.npmjs.org/@babel%2fruntime set size:undefined disposed:false
116 silly fetch manifest deepmerge@^4.3.1
117 silly packumentCache full:https://registry.npmjs.org/deepmerge cache-miss
118 http cache https://registry.npmjs.org/dedent 33ms (cache hit)
119 silly packumentCache full:https://registry.npmjs.org/dedent set size:77148 disposed:false
120 silly fetch manifest diff@^8.0.2
121 silly packumentCache full:https://registry.npmjs.org/diff cache-miss
122 http cache https://registry.npmjs.org/deepmerge 7ms (cache hit)
123 silly packumentCache full:https://registry.npmjs.org/deepmerge set size:101897 disposed:false
124 silly fetch manifest execa@^9.6.0
125 silly packumentCache full:https://registry.npmjs.org/execa cache-miss
126 http cache https://registry.npmjs.org/diff 8ms (cache hit)
127 silly packumentCache full:https://registry.npmjs.org/diff set size:154400 disposed:false
128 silly fetch manifest fast-glob@^3.3.3
129 silly packumentCache full:https://registry.npmjs.org/fast-glob cache-miss
130 http cache https://registry.npmjs.org/execa 8ms (cache hit)
131 silly packumentCache full:https://registry.npmjs.org/execa set size:181234 disposed:false
132 silly fetch manifest fs-extra@^11.3.1
133 silly packumentCache full:https://registry.npmjs.org/fs-extra cache-miss
134 http cache https://registry.npmjs.org/fast-glob 31ms (cache hit)
135 silly packumentCache full:https://registry.npmjs.org/fast-glob set size:220556 disposed:false
136 silly fetch manifest fuzzysort@^3.1.0
137 silly packumentCache full:https://registry.npmjs.org/fuzzysort cache-miss
138 http cache https://registry.npmjs.org/fs-extra 31ms (cache hit)
139 silly packumentCache full:https://registry.npmjs.org/fs-extra set size:234923 disposed:false
140 silly fetch manifest https-proxy-agent@^7.0.6
141 silly packumentCache full:https://registry.npmjs.org/https-proxy-agent cache-miss
142 http cache https://registry.npmjs.org/https-proxy-agent 4ms (cache hit)
143 silly packumentCache full:https://registry.npmjs.org/https-proxy-agent set size:81258 disposed:false
144 silly fetch manifest kleur@^4.1.5
145 silly packumentCache full:https://registry.npmjs.org/kleur cache-miss
146 http cache https://registry.npmjs.org/fuzzysort 10ms (cache hit)
147 silly packumentCache full:https://registry.npmjs.org/fuzzysort set size:83871 disposed:false
148 silly fetch manifest msw@^2.10.4
149 silly packumentCache full:https://registry.npmjs.org/msw cache-miss
150 http cache https://registry.npmjs.org/kleur 5ms (cache hit)
151 silly packumentCache full:https://registry.npmjs.org/kleur set size:61853 disposed:false
152 silly fetch manifest node-fetch@^3.3.2
153 silly packumentCache full:https://registry.npmjs.org/node-fetch cache-miss
154 http cache https://registry.npmjs.org/msw 9ms (cache hit)
155 silly packumentCache full:https://registry.npmjs.org/msw set size:2020540 disposed:false
156 silly fetch manifest open@^11.0.0
157 silly packumentCache full:https://registry.npmjs.org/open cache-miss
158 http cache https://registry.npmjs.org/open 4ms (cache hit)
159 silly packumentCache full:https://registry.npmjs.org/open set size:136392 disposed:false
160 silly fetch manifest ora@^8.2.0
161 silly packumentCache full:https://registry.npmjs.org/ora cache-miss
162 http cache https://registry.npmjs.org/node-fetch 27ms (cache hit)
163 silly packumentCache full:https://registry.npmjs.org/node-fetch set size:896010 disposed:false
164 silly fetch manifest postcss-selector-parser@^7.1.0
165 silly packumentCache full:https://registry.npmjs.org/postcss-selector-parser cache-miss
166 http cache https://registry.npmjs.org/ora 12ms (cache hit)
167 silly packumentCache full:https://registry.npmjs.org/ora set size:144913 disposed:false
168 silly fetch manifest prompts@^2.4.2
169 silly packumentCache full:https://registry.npmjs.org/prompts cache-miss
170 http cache https://registry.npmjs.org/postcss-selector-parser 8ms (cache hit)
171 silly packumentCache full:https://registry.npmjs.org/postcss-selector-parser set size:177140 disposed:false
172 silly fetch manifest recast@^0.23.11
173 silly packumentCache full:https://registry.npmjs.org/recast cache-miss
174 http cache https://registry.npmjs.org/prompts 8ms (cache hit)
175 silly packumentCache full:https://registry.npmjs.org/prompts set size:115896 disposed:false
176 silly fetch manifest stringify-object@^5.0.0
177 silly packumentCache full:https://registry.npmjs.org/stringify-object cache-miss
178 http cache https://registry.npmjs.org/recast 6ms (cache hit)
179 silly packumentCache full:https://registry.npmjs.org/recast set size:525922 disposed:false
180 silly fetch manifest ts-morph@^26.0.0
181 silly packumentCache full:https://registry.npmjs.org/ts-morph cache-miss
182 http cache https://registry.npmjs.org/stringify-object 12ms (cache hit)
183 silly packumentCache full:https://registry.npmjs.org/stringify-object set size:60566 disposed:false
184 silly fetch manifest tsconfig-paths@^4.2.0
185 silly packumentCache full:https://registry.npmjs.org/tsconfig-paths cache-miss
186 http cache https://registry.npmjs.org/ts-morph 8ms (cache hit)
187 silly packumentCache full:https://registry.npmjs.org/ts-morph set size:540557 disposed:false
188 silly fetch manifest validate-npm-package-name@^7.0.1
189 silly packumentCache full:https://registry.npmjs.org/validate-npm-package-name cache-miss
190 http cache https://registry.npmjs.org/validate-npm-package-name 4ms (cache hit)
191 silly packumentCache full:https://registry.npmjs.org/validate-npm-package-name set size:51156 disposed:false
192 silly fetch manifest zod@^3.24.1
193 silly packumentCache full:https://registry.npmjs.org/zod cache-miss
194 http cache https://registry.npmjs.org/tsconfig-paths 11ms (cache hit)
195 silly packumentCache full:https://registry.npmjs.org/tsconfig-paths set size:192565 disposed:false
196 silly fetch manifest zod-to-json-schema@^3.24.6
197 silly packumentCache full:https://registry.npmjs.org/zod-to-json-schema cache-miss
198 http cache https://registry.npmjs.org/zod-to-json-schema 4ms (cache hit)
199 silly packumentCache full:https://registry.npmjs.org/zod-to-json-schema set size:309584 disposed:false
200 http cache https://registry.npmjs.org/zod 16ms (cache hit)
201 silly packumentCache full:https://registry.npmjs.org/zod set size:3552562 disposed:false
202 http fetch GET 200 https://registry.npmjs.org/@base-ui%2futils 422ms (cache miss)
203 silly packumentCache full:https://registry.npmjs.org/@base-ui%2futils set size:undefined disposed:false
204 silly fetch manifest react@^17 || ^18 || ^19
205 silly packumentCache full:https://registry.npmjs.org/react cache-miss
206 http cache https://registry.npmjs.org/react 16ms (cache hit)
207 silly packumentCache full:https://registry.npmjs.org/react set size:6650647 disposed:false
208 silly fetch manifest react-dom@^17 || ^18 || ^19
209 silly packumentCache full:https://registry.npmjs.org/react-dom cache-miss
210 http cache https://registry.npmjs.org/react-dom 21ms (cache hit)
211 silly packumentCache full:https://registry.npmjs.org/react-dom set size:8868827 disposed:false
212 silly fetch manifest @types/react@^17 || ^18 || ^19
213 silly packumentCache full:https://registry.npmjs.org/@types%2freact cache-miss
214 http cache https://registry.npmjs.org/@types%2freact 9ms (cache hit)
215 silly packumentCache full:https://registry.npmjs.org/@types%2freact set size:2588964 disposed:false
216 silly placeDep ROOT @babel/runtime@7.29.2 OK for: @base-ui/react@1.4.1 want: ^7.29.2
217 silly placeDep ROOT @base-ui/utils@0.2.8 OK for: @base-ui/react@1.4.1 want: 0.2.8
218 silly placeDep ROOT @floating-ui/react-dom@2.1.8 OK for: @base-ui/react@1.4.1 want: ^2.1.8
219 silly placeDep ROOT @floating-ui/utils@0.2.11 OK for: @base-ui/react@1.4.1 want: ^0.2.11
220 silly fetch manifest @floating-ui/dom@^1.7.6
221 silly packumentCache full:https://registry.npmjs.org/@floating-ui%2fdom cache-miss
222 http fetch GET 200 https://registry.npmjs.org/@floating-ui%2fdom 234ms (cache miss)
223 silly packumentCache full:https://registry.npmjs.org/@floating-ui%2fdom set size:undefined disposed:false
224 silly placeDep ROOT @floating-ui/dom@1.7.6 OK for: @floating-ui/react-dom@2.1.8 want: ^1.7.6
225 silly fetch manifest @floating-ui/core@^1.7.5
226 silly packumentCache full:https://registry.npmjs.org/@floating-ui%2fcore cache-miss
227 http fetch GET 200 https://registry.npmjs.org/@floating-ui%2fcore 269ms (cache miss)
228 silly packumentCache full:https://registry.npmjs.org/@floating-ui%2fcore set size:undefined disposed:false
229 silly placeDep ROOT @floating-ui/core@1.7.5 OK for: @floating-ui/dom@1.7.6 want: ^1.7.5
230 silly fetch manifest @babel/core@^7.28.0
231 silly packumentCache full:https://registry.npmjs.org/@babel%2fcore cache-miss
232 http cache https://registry.npmjs.org/@babel%2fcore 7ms (cache hit)
233 silly packumentCache full:https://registry.npmjs.org/@babel%2fcore set size:768033 disposed:false
234 silly fetch manifest @cfworker/json-schema@^4.1.1
235 silly packumentCache full:https://registry.npmjs.org/@cfworker%2fjson-schema cache-miss
236 http cache https://registry.npmjs.org/@cfworker%2fjson-schema 4ms (cache hit)
237 silly packumentCache full:https://registry.npmjs.org/@cfworker%2fjson-schema set size:144207 disposed:false
238 silly fetch manifest typescript@>=4.9.5
239 silly packumentCache full:https://registry.npmjs.org/typescript cache-miss
240 http cache https://registry.npmjs.org/typescript 33ms (cache hit)
241 silly packumentCache full:https://registry.npmjs.org/typescript set size:15409943 disposed:false
242 silly fetch manifest babel-plugin-macros@^3.1.0
243 silly packumentCache full:https://registry.npmjs.org/babel-plugin-macros cache-miss
244 http cache https://registry.npmjs.org/babel-plugin-macros 24ms (cache hit)
245 silly packumentCache full:https://registry.npmjs.org/babel-plugin-macros set size:124320 disposed:false
246 silly fetch manifest typescript@>= 4.8.x
247 silly packumentCache full:https://registry.npmjs.org/typescript cache-miss
248 http cache https://registry.npmjs.org/typescript 34ms (cache hit)
249 silly packumentCache full:https://registry.npmjs.org/typescript set size:15409943 disposed:false
250 silly placeDep ROOT @babel/plugin-transform-typescript@7.28.6 OK for: shadcn@4.7.0 want: ^7.28.0
251 silly placeDep ROOT @babel/preset-typescript@7.28.5 OK for: shadcn@4.7.0 want: ^7.27.1
252 silly placeDep ROOT @dotenvx/dotenvx@1.66.0 OK for: shadcn@4.7.0 want: ^1.48.4
253 silly placeDep ROOT @modelcontextprotocol/sdk@1.29.0 OK for: shadcn@4.7.0 want: ^1.26.0
254 silly placeDep ROOT @types/validate-npm-package-name@4.0.2 OK for: shadcn@4.7.0 want: ^4.0.2
255 silly placeDep ROOT commander@14.0.3 OK for: shadcn@4.7.0 want: ^14.0.0
256 silly placeDep ROOT cosmiconfig@9.0.1 OK for: shadcn@4.7.0 want: ^9.0.0
257 silly placeDep ROOT dedent@1.7.2 OK for: shadcn@4.7.0 want: ^1.6.0
258 silly placeDep ROOT deepmerge@4.3.1 OK for: shadcn@4.7.0 want: ^4.3.1
259 silly placeDep ROOT diff@8.0.4 OK for: shadcn@4.7.0 want: ^8.0.2
260 silly placeDep ROOT execa@9.6.1 OK for: shadcn@4.7.0 want: ^9.6.0
261 silly placeDep node_modules/shadcn fast-glob@3.3.3 OK for: shadcn@4.7.0 want: ^3.3.3
262 silly placeDep ROOT fs-extra@11.3.5 OK for: shadcn@4.7.0 want: ^11.3.1
263 silly placeDep ROOT fuzzysort@3.1.0 OK for: shadcn@4.7.0 want: ^3.1.0
264 silly placeDep ROOT https-proxy-agent@7.0.6 OK for: shadcn@4.7.0 want: ^7.0.6
265 silly placeDep ROOT kleur@4.1.5 OK for: shadcn@4.7.0 want: ^4.1.5
266 silly placeDep ROOT msw@2.14.6 OK for: shadcn@4.7.0 want: ^2.10.4
267 silly placeDep ROOT node-fetch@3.3.2 OK for: shadcn@4.7.0 want: ^3.3.2
268 silly placeDep ROOT open@11.0.0 OK for: shadcn@4.7.0 want: ^11.0.0
269 silly placeDep ROOT ora@8.2.0 OK for: shadcn@4.7.0 want: ^8.2.0
270 silly placeDep ROOT postcss-selector-parser@7.1.1 OK for: shadcn@4.7.0 want: ^7.1.0
271 silly placeDep ROOT prompts@2.4.2 OK for: shadcn@4.7.0 want: ^2.4.2
272 silly placeDep ROOT recast@0.23.11 OK for: shadcn@4.7.0 want: ^0.23.11
273 silly placeDep ROOT stringify-object@5.0.0 OK for: shadcn@4.7.0 want: ^5.0.0
274 silly placeDep ROOT ts-morph@26.0.0 OK for: shadcn@4.7.0 want: ^26.0.0
275 silly placeDep node_modules/shadcn tsconfig-paths@4.2.0 OK for: shadcn@4.7.0 want: ^4.2.0
276 silly placeDep ROOT validate-npm-package-name@7.0.2 OK for: shadcn@4.7.0 want: ^7.0.1
277 silly placeDep node_modules/shadcn zod@3.25.76 OK for: shadcn@4.7.0 want: ^3.24.1
278 silly placeDep ROOT zod-to-json-schema@3.25.2 OK for: shadcn@4.7.0 want: ^3.24.6
279 silly fetch manifest @babel/helper-plugin-utils@^7.28.6
280 silly packumentCache full:https://registry.npmjs.org/@babel%2fhelper-plugin-utils cache-miss
281 silly fetch manifest @babel/helper-annotate-as-pure@^7.27.3
282 silly packumentCache full:https://registry.npmjs.org/@babel%2fhelper-annotate-as-pure cache-miss
283 silly fetch manifest @babel/plugin-syntax-typescript@^7.28.6
284 silly packumentCache full:https://registry.npmjs.org/@babel%2fplugin-syntax-typescript cache-miss
285 http cache https://registry.npmjs.org/@babel%2fhelper-annotate-as-pure 8ms (cache hit)
286 silly packumentCache full:https://registry.npmjs.org/@babel%2fhelper-annotate-as-pure set size:175447 disposed:false
287 silly fetch manifest @babel/helper-create-class-features-plugin@^7.28.6
288 silly packumentCache full:https://registry.npmjs.org/@babel%2fhelper-create-class-features-plugin cache-miss
289 http cache https://registry.npmjs.org/@babel%2fplugin-syntax-typescript 10ms (cache hit)
290 silly packumentCache full:https://registry.npmjs.org/@babel%2fplugin-syntax-typescript set size:210421 disposed:false
291 silly fetch manifest @babel/helper-skip-transparent-expression-wrappers@^7.27.1
292 silly packumentCache full:https://registry.npmjs.org/@babel%2fhelper-skip-transparent-expression-wrappers cache-miss
293 http cache https://registry.npmjs.org/@babel%2fhelper-plugin-utils 14ms (cache hit)
294 silly packumentCache full:https://registry.npmjs.org/@babel%2fhelper-plugin-utils set size:167686 disposed:false
295 silly fetch manifest @babel/plugin-syntax-jsx@^7.27.1
296 silly packumentCache full:https://registry.npmjs.org/@babel%2fplugin-syntax-jsx cache-miss
297 http cache https://registry.npmjs.org/@babel%2fhelper-skip-transparent-expression-wrappers 10ms (cache hit)
298 silly packumentCache full:https://registry.npmjs.org/@babel%2fhelper-skip-transparent-expression-wrappers set size:99419 disposed:false
299 silly fetch manifest @babel/helper-plugin-utils@^7.27.1
300 silly packumentCache full:https://registry.npmjs.org/@babel%2fhelper-plugin-utils cache-hit
301 silly fetch manifest @babel/plugin-transform-modules-commonjs@^7.27.1
302 silly packumentCache full:https://registry.npmjs.org/@babel%2fplugin-transform-modules-commonjs cache-miss
303 http cache https://registry.npmjs.org/@babel%2fhelper-create-class-features-plugin 15ms (cache hit)
304 silly packumentCache full:https://registry.npmjs.org/@babel%2fhelper-create-class-features-plugin set size:372214 disposed:false
305 silly fetch manifest commander@^11.1.0
306 silly packumentCache full:https://registry.npmjs.org/commander cache-hit
307 silly fetch manifest dotenv@^17.2.1
308 silly packumentCache full:https://registry.npmjs.org/dotenv cache-miss
309 http cache https://registry.npmjs.org/@babel%2fplugin-syntax-jsx 14ms (cache hit)
310 silly packumentCache full:https://registry.npmjs.org/@babel%2fplugin-syntax-jsx set size:186824 disposed:false
311 silly fetch manifest eciesjs@^0.4.10
312 silly packumentCache full:https://registry.npmjs.org/eciesjs cache-miss
313 http cache https://registry.npmjs.org/eciesjs 9ms (cache hit)
314 silly packumentCache full:https://registry.npmjs.org/eciesjs set size:137039 disposed:false
315 silly fetch manifest execa@^5.1.1
316 silly packumentCache full:https://registry.npmjs.org/execa cache-hit
317 silly fetch manifest fdir@^6.2.0
318 silly packumentCache full:https://registry.npmjs.org/fdir cache-miss
319 http cache https://registry.npmjs.org/dotenv 16ms (cache hit)
320 silly packumentCache full:https://registry.npmjs.org/dotenv set size:277832 disposed:false
321 silly fetch manifest object-treeify@1.1.33
322 silly packumentCache full:https://registry.npmjs.org/object-treeify cache-miss
323 http cache https://registry.npmjs.org/@babel%2fplugin-transform-modules-commonjs 24ms (cache hit)
324 silly packumentCache full:https://registry.npmjs.org/@babel%2fplugin-transform-modules-commonjs set size:304149 disposed:false
325 silly fetch manifest picomatch@^4.0.4
326 silly packumentCache full:https://registry.npmjs.org/picomatch cache-miss
327 http cache https://registry.npmjs.org/fdir 14ms (cache hit)
328 silly packumentCache full:https://registry.npmjs.org/fdir set size:136182 disposed:false
329 silly fetch manifest which@^4.0.0
330 silly packumentCache full:https://registry.npmjs.org/which cache-miss
331 http cache https://registry.npmjs.org/picomatch 9ms (cache hit)
332 silly packumentCache full:https://registry.npmjs.org/picomatch set size:126376 disposed:false
333 silly fetch manifest yocto-spinner@^1.1.0
334 silly packumentCache full:https://registry.npmjs.org/yocto-spinner cache-miss
335 http cache https://registry.npmjs.org/object-treeify 15ms (cache hit)
336 silly packumentCache full:https://registry.npmjs.org/object-treeify set size:214540 disposed:false
337 silly fetch manifest @hono/node-server@^1.19.9
338 silly packumentCache full:https://registry.npmjs.org/@hono%2fnode-server cache-miss
339 http cache https://registry.npmjs.org/which 13ms (cache hit)
340 silly packumentCache full:https://registry.npmjs.org/which set size:70143 disposed:false
341 silly fetch manifest ajv@^8.17.1
342 silly packumentCache full:https://registry.npmjs.org/ajv cache-miss
343 http cache https://registry.npmjs.org/yocto-spinner 13ms (cache hit)
344 silly packumentCache full:https://registry.npmjs.org/yocto-spinner set size:26302 disposed:false
345 silly fetch manifest ajv-formats@^3.0.1
346 silly packumentCache full:https://registry.npmjs.org/ajv-formats cache-miss
347 http cache https://registry.npmjs.org/@hono%2fnode-server 12ms (cache hit)
348 silly packumentCache full:https://registry.npmjs.org/@hono%2fnode-server set size:251493 disposed:false
349 silly fetch manifest content-type@^1.0.5
350 silly packumentCache full:https://registry.npmjs.org/content-type cache-miss
351 http cache https://registry.npmjs.org/content-type 7ms (cache hit)
352 silly packumentCache full:https://registry.npmjs.org/content-type set size:18994 disposed:false
353 silly fetch manifest cors@^2.8.5
354 silly packumentCache full:https://registry.npmjs.org/cors cache-miss
355 http cache https://registry.npmjs.org/ajv-formats 13ms (cache hit)
356 silly packumentCache full:https://registry.npmjs.org/ajv-formats set size:141264 disposed:false
357 silly fetch manifest eventsource@^3.0.2
358 silly packumentCache full:https://registry.npmjs.org/eventsource cache-miss
359 http cache https://registry.npmjs.org/ajv 19ms (cache hit)
360 silly packumentCache full:https://registry.npmjs.org/ajv set size:1142658 disposed:false
361 silly fetch manifest eventsource-parser@^3.0.0
362 silly packumentCache full:https://registry.npmjs.org/eventsource-parser cache-miss
363 http cache https://registry.npmjs.org/eventsource-parser 6ms (cache hit)
364 silly packumentCache full:https://registry.npmjs.org/eventsource-parser set size:72949 disposed:false
365 silly fetch manifest express@^5.2.1
366 silly packumentCache full:https://registry.npmjs.org/express cache-miss
367 http cache https://registry.npmjs.org/eventsource 17ms (cache hit)
368 silly packumentCache full:https://registry.npmjs.org/eventsource set size:128214 disposed:false
369 silly fetch manifest express-rate-limit@^8.2.1
370 silly packumentCache full:https://registry.npmjs.org/express-rate-limit cache-miss
371 http cache https://registry.npmjs.org/cors 22ms (cache hit)
372 silly packumentCache full:https://registry.npmjs.org/cors set size:77956 disposed:false
373 silly fetch manifest hono@^4.11.4
374 silly packumentCache full:https://registry.npmjs.org/hono cache-miss
375 http cache https://registry.npmjs.org/express-rate-limit 9ms (cache hit)
376 silly packumentCache full:https://registry.npmjs.org/express-rate-limit set size:443601 disposed:false
377 silly fetch manifest jose@^6.1.3
378 silly packumentCache full:https://registry.npmjs.org/jose cache-miss
379 http cache https://registry.npmjs.org/express 19ms (cache hit)
380 silly packumentCache full:https://registry.npmjs.org/express set size:804926 disposed:false
381 silly fetch manifest json-schema-typed@^8.0.2
382 silly packumentCache full:https://registry.npmjs.org/json-schema-typed cache-miss
383 http cache https://registry.npmjs.org/hono 30ms (cache hit)
384 silly packumentCache full:https://registry.npmjs.org/hono set size:5698400 disposed:false
385 silly fetch manifest pkce-challenge@^5.0.0
386 silly packumentCache full:https://registry.npmjs.org/pkce-challenge cache-miss
387 http cache https://registry.npmjs.org/jose 99ms (cache hit)
388 silly packumentCache full:https://registry.npmjs.org/jose set size:1413195 disposed:false
389 silly fetch manifest raw-body@^3.0.0
390 silly packumentCache full:https://registry.npmjs.org/raw-body cache-miss
391 http cache https://registry.npmjs.org/json-schema-typed 99ms (cache hit)
392 silly packumentCache full:https://registry.npmjs.org/json-schema-typed set size:26165 disposed:false
393 silly fetch manifest zod-to-json-schema@^3.25.1
394 silly packumentCache full:https://registry.npmjs.org/zod-to-json-schema cache-hit
395 silly fetch manifest env-paths@^2.2.1
396 silly packumentCache full:https://registry.npmjs.org/env-paths cache-miss
397 http cache https://registry.npmjs.org/pkce-challenge 32ms (cache hit)
398 silly packumentCache full:https://registry.npmjs.org/pkce-challenge set size:37734 disposed:false
399 silly fetch manifest parse-json@^5.2.0
400 silly packumentCache full:https://registry.npmjs.org/parse-json cache-miss
401 http cache https://registry.npmjs.org/raw-body 10ms (cache hit)
402 silly packumentCache full:https://registry.npmjs.org/raw-body set size:117822 disposed:false
403 silly fetch manifest @sindresorhus/merge-streams@^4.0.0
404 silly packumentCache full:https://registry.npmjs.org/@sindresorhus%2fmerge-streams cache-miss
405 http cache https://registry.npmjs.org/parse-json 8ms (cache hit)
406 silly packumentCache full:https://registry.npmjs.org/parse-json set size:48198 disposed:false
407 silly fetch manifest figures@^6.1.0
408 silly packumentCache full:https://registry.npmjs.org/figures cache-miss
409 http cache https://registry.npmjs.org/env-paths 12ms (cache hit)
410 silly packumentCache full:https://registry.npmjs.org/env-paths set size:26913 disposed:false
411 silly fetch manifest get-stream@^9.0.0
412 silly packumentCache full:https://registry.npmjs.org/get-stream cache-miss
413 http cache https://registry.npmjs.org/@sindresorhus%2fmerge-streams 10ms (cache hit)
414 silly packumentCache full:https://registry.npmjs.org/@sindresorhus%2fmerge-streams set size:23303 disposed:false
415 silly fetch manifest human-signals@^8.0.1
416 silly packumentCache full:https://registry.npmjs.org/human-signals cache-miss
417 http cache https://registry.npmjs.org/figures 10ms (cache hit)
418 silly packumentCache full:https://registry.npmjs.org/figures set size:64597 disposed:false
419 silly fetch manifest is-plain-obj@^4.1.0
420 silly packumentCache full:https://registry.npmjs.org/is-plain-obj cache-miss
421 http cache https://registry.npmjs.org/get-stream 11ms (cache hit)
422 silly packumentCache full:https://registry.npmjs.org/get-stream set size:57536 disposed:false
423 silly fetch manifest is-stream@^4.0.1
424 silly packumentCache full:https://registry.npmjs.org/is-stream cache-miss
425 http cache https://registry.npmjs.org/human-signals 8ms (cache hit)
426 silly packumentCache full:https://registry.npmjs.org/human-signals set size:47322 disposed:false
427 silly fetch manifest npm-run-path@^6.0.0
428 silly packumentCache full:https://registry.npmjs.org/npm-run-path cache-miss
429 http cache https://registry.npmjs.org/is-plain-obj 8ms (cache hit)
430 silly packumentCache full:https://registry.npmjs.org/is-plain-obj set size:17899 disposed:false
431 silly fetch manifest pretty-ms@^9.2.0
432 silly packumentCache full:https://registry.npmjs.org/pretty-ms cache-miss
433 http cache https://registry.npmjs.org/is-stream 7ms (cache hit)
434 silly packumentCache full:https://registry.npmjs.org/is-stream set size:18582 disposed:false
435 silly fetch manifest signal-exit@^4.1.0
436 silly packumentCache full:https://registry.npmjs.org/signal-exit cache-miss
437 http cache https://registry.npmjs.org/pretty-ms 8ms (cache hit)
438 silly packumentCache full:https://registry.npmjs.org/pretty-ms set size:61783 disposed:false
439 silly fetch manifest strip-final-newline@^4.0.0
440 silly packumentCache full:https://registry.npmjs.org/strip-final-newline cache-miss
441 http cache https://registry.npmjs.org/npm-run-path 10ms (cache hit)
442 silly packumentCache full:https://registry.npmjs.org/npm-run-path set size:33596 disposed:false
443 silly fetch manifest yoctocolors@^2.1.1
444 silly packumentCache full:https://registry.npmjs.org/yoctocolors cache-miss
445 http cache https://registry.npmjs.org/signal-exit 10ms (cache hit)
446 silly packumentCache full:https://registry.npmjs.org/signal-exit set size:53489 disposed:false
447 silly fetch manifest glob-parent@^5.1.2
448 silly packumentCache full:https://registry.npmjs.org/glob-parent cache-miss
449 http cache https://registry.npmjs.org/strip-final-newline 8ms (cache hit)
450 silly packumentCache full:https://registry.npmjs.org/strip-final-newline set size:9328 disposed:false
451 silly fetch manifest jsonfile@^6.0.1
452 silly packumentCache full:https://registry.npmjs.org/jsonfile cache-miss
453 http cache https://registry.npmjs.org/yoctocolors 8ms (cache hit)
454 silly packumentCache full:https://registry.npmjs.org/yoctocolors set size:25767 disposed:false
455 silly fetch manifest universalify@^2.0.0
456 silly packumentCache full:https://registry.npmjs.org/universalify cache-miss
457 http cache https://registry.npmjs.org/glob-parent 7ms (cache hit)
458 silly packumentCache full:https://registry.npmjs.org/glob-parent set size:42445 disposed:false
459 silly fetch manifest agent-base@^7.1.2
460 silly packumentCache full:https://registry.npmjs.org/agent-base cache-miss
461 http cache https://registry.npmjs.org/jsonfile 9ms (cache hit)
462 silly packumentCache full:https://registry.npmjs.org/jsonfile set size:53210 disposed:false
463 silly fetch manifest @inquirer/confirm@^6.0.11
464 silly packumentCache full:https://registry.npmjs.org/@inquirer%2fconfirm cache-miss
465 http cache https://registry.npmjs.org/universalify 10ms (cache hit)
466 silly packumentCache full:https://registry.npmjs.org/universalify set size:19431 disposed:false
467 silly fetch manifest @mswjs/interceptors@^0.41.3
468 silly packumentCache full:https://registry.npmjs.org/@mswjs%2finterceptors cache-miss
469 http cache https://registry.npmjs.org/agent-base 8ms (cache hit)
470 silly packumentCache full:https://registry.npmjs.org/agent-base set size:72085 disposed:false
471 silly fetch manifest @open-draft/deferred-promise@^3.0.0
472 silly packumentCache full:https://registry.npmjs.org/@open-draft%2fdeferred-promise cache-miss
473 http cache https://registry.npmjs.org/@open-draft%2fdeferred-promise 7ms (cache hit)
474 silly packumentCache full:https://registry.npmjs.org/@open-draft%2fdeferred-promise set size:31728 disposed:false
475 silly fetch manifest @types/statuses@^2.0.6
476 silly packumentCache full:https://registry.npmjs.org/@types%2fstatuses cache-miss
477 http cache https://registry.npmjs.org/@inquirer%2fconfirm 12ms (cache hit)
478 silly packumentCache full:https://registry.npmjs.org/@inquirer%2fconfirm set size:315999 disposed:false
479 silly fetch manifest cookie@^1.1.1
480 silly packumentCache full:https://registry.npmjs.org/cookie cache-miss
481 http cache https://registry.npmjs.org/@mswjs%2finterceptors 16ms (cache hit)
482 silly packumentCache full:https://registry.npmjs.org/@mswjs%2finterceptors set size:1133351 disposed:false
483 silly fetch manifest graphql@^16.13.2
484 silly packumentCache full:https://registry.npmjs.org/graphql cache-miss
485 http cache https://registry.npmjs.org/@types%2fstatuses 20ms (cache hit)
486 silly packumentCache full:https://registry.npmjs.org/@types%2fstatuses set size:39603 disposed:false
487 silly fetch manifest headers-polyfill@^5.0.1
488 silly packumentCache full:https://registry.npmjs.org/headers-polyfill cache-miss
489 http cache https://registry.npmjs.org/cookie 17ms (cache hit)
490 silly packumentCache full:https://registry.npmjs.org/cookie set size:72891 disposed:false
491 silly fetch manifest is-node-process@^1.2.0
492 silly packumentCache full:https://registry.npmjs.org/is-node-process cache-miss
493 http cache https://registry.npmjs.org/graphql 10ms (cache hit)
494 silly packumentCache full:https://registry.npmjs.org/graphql set size:844207 disposed:false
495 silly fetch manifest outvariant@^1.4.3
496 silly packumentCache full:https://registry.npmjs.org/outvariant cache-miss
497 http cache https://registry.npmjs.org/is-node-process 13ms (cache hit)
498 silly packumentCache full:https://registry.npmjs.org/is-node-process set size:12779 disposed:false
499 silly fetch manifest path-to-regexp@^6.3.0
500 silly packumentCache full:https://registry.npmjs.org/path-to-regexp cache-miss
501 http cache https://registry.npmjs.org/headers-polyfill 17ms (cache hit)
502 silly packumentCache full:https://registry.npmjs.org/headers-polyfill set size:74536 disposed:false
503 silly fetch manifest rettime@^0.11.11
504 silly packumentCache full:https://registry.npmjs.org/rettime cache-miss
505 http cache https://registry.npmjs.org/outvariant 9ms (cache hit)
506 silly packumentCache full:https://registry.npmjs.org/outvariant set size:39905 disposed:false
507 silly fetch manifest statuses@^2.0.2
508 silly packumentCache full:https://registry.npmjs.org/statuses cache-miss
509 http cache https://registry.npmjs.org/rettime 7ms (cache hit)
510 silly packumentCache full:https://registry.npmjs.org/rettime set size:84690 disposed:false
511 silly fetch manifest strict-event-emitter@^0.5.1
512 silly packumentCache full:https://registry.npmjs.org/strict-event-emitter cache-miss
513 http cache https://registry.npmjs.org/path-to-regexp 13ms (cache hit)
514 silly packumentCache full:https://registry.npmjs.org/path-to-regexp set size:216334 disposed:false
515 silly fetch manifest tough-cookie@^6.0.1
516 silly packumentCache full:https://registry.npmjs.org/tough-cookie cache-miss
517 http cache https://registry.npmjs.org/statuses 12ms (cache hit)
518 silly packumentCache full:https://registry.npmjs.org/statuses set size:37117 disposed:false
519 silly fetch manifest type-fest@^5.5.0
520 silly packumentCache full:https://registry.npmjs.org/type-fest cache-miss
521 http cache https://registry.npmjs.org/strict-event-emitter 11ms (cache hit)
522 silly packumentCache full:https://registry.npmjs.org/strict-event-emitter set size:59367 disposed:false
523 silly fetch manifest until-async@^3.0.2
524 silly packumentCache full:https://registry.npmjs.org/until-async cache-miss
525 http cache https://registry.npmjs.org/tough-cookie 8ms (cache hit)
526 silly packumentCache full:https://registry.npmjs.org/tough-cookie set size:149007 disposed:false
527 silly fetch manifest yargs@^17.7.2
528 silly packumentCache full:https://registry.npmjs.org/yargs cache-miss
529 http cache https://registry.npmjs.org/type-fest 12ms (cache hit)
530 silly packumentCache full:https://registry.npmjs.org/type-fest set size:560517 disposed:false
531 silly fetch manifest data-uri-to-buffer@^4.0.0
532 silly packumentCache full:https://registry.npmjs.org/data-uri-to-buffer cache-miss
533 http cache https://registry.npmjs.org/until-async 15ms (cache hit)
534 silly packumentCache full:https://registry.npmjs.org/until-async set size:5797 disposed:false
535 silly fetch manifest fetch-blob@^3.1.4
536 silly packumentCache full:https://registry.npmjs.org/fetch-blob cache-miss
537 http cache https://registry.npmjs.org/data-uri-to-buffer 8ms (cache hit)
538 silly packumentCache full:https://registry.npmjs.org/data-uri-to-buffer set size:48018 disposed:false
539 silly fetch manifest formdata-polyfill@^4.0.10
540 silly packumentCache full:https://registry.npmjs.org/formdata-polyfill cache-miss
541 http cache https://registry.npmjs.org/yargs 16ms (cache hit)
542 silly packumentCache full:https://registry.npmjs.org/yargs set size:743056 disposed:false
543 silly fetch manifest default-browser@^5.4.0
544 silly packumentCache full:https://registry.npmjs.org/default-browser cache-miss
545 http cache https://registry.npmjs.org/fetch-blob 17ms (cache hit)
546 silly packumentCache full:https://registry.npmjs.org/fetch-blob set size:73704 disposed:false
547 silly fetch manifest define-lazy-prop@^3.0.0
548 silly packumentCache full:https://registry.npmjs.org/define-lazy-prop cache-miss
549 http cache https://registry.npmjs.org/default-browser 8ms (cache hit)
550 silly packumentCache full:https://registry.npmjs.org/default-browser set size:31475 disposed:false
551 silly fetch manifest is-in-ssh@^1.0.0
552 silly packumentCache full:https://registry.npmjs.org/is-in-ssh cache-miss
553 http cache https://registry.npmjs.org/formdata-polyfill 20ms (cache hit)
554 silly packumentCache full:https://registry.npmjs.org/formdata-polyfill set size:94446 disposed:false
555 silly fetch manifest is-inside-container@^1.0.0
556 silly packumentCache full:https://registry.npmjs.org/is-inside-container cache-miss
557 http cache https://registry.npmjs.org/define-lazy-prop 9ms (cache hit)
558 silly packumentCache full:https://registry.npmjs.org/define-lazy-prop set size:9337 disposed:false
559 silly fetch manifest powershell-utils@^0.1.0
560 silly packumentCache full:https://registry.npmjs.org/powershell-utils cache-miss
561 http cache https://registry.npmjs.org/is-in-ssh 8ms (cache hit)
562 silly packumentCache full:https://registry.npmjs.org/is-in-ssh set size:3973 disposed:false
563 silly fetch manifest wsl-utils@^0.3.0
564 silly packumentCache full:https://registry.npmjs.org/wsl-utils cache-miss
565 http cache https://registry.npmjs.org/is-inside-container 7ms (cache hit)
566 silly packumentCache full:https://registry.npmjs.org/is-inside-container set size:4403 disposed:false
567 silly fetch manifest chalk@^5.3.0
568 silly packumentCache full:https://registry.npmjs.org/chalk cache-miss
569 http cache https://registry.npmjs.org/powershell-utils 9ms (cache hit)
570 silly packumentCache full:https://registry.npmjs.org/powershell-utils set size:9284 disposed:false
571 silly fetch manifest cli-cursor@^5.0.0
572 silly packumentCache full:https://registry.npmjs.org/cli-cursor cache-miss
573 http cache https://registry.npmjs.org/wsl-utils 10ms (cache hit)
574 silly packumentCache full:https://registry.npmjs.org/wsl-utils set size:15127 disposed:false
575 silly fetch manifest strip-ansi@^7.1.0
576 silly packumentCache full:https://registry.npmjs.org/strip-ansi cache-miss
577 http cache https://registry.npmjs.org/chalk 11ms (cache hit)
578 silly packumentCache full:https://registry.npmjs.org/chalk set size:117861 disposed:false
579 silly fetch manifest log-symbols@^6.0.0
580 silly packumentCache full:https://registry.npmjs.org/log-symbols cache-miss
581 http cache https://registry.npmjs.org/strip-ansi 8ms (cache hit)
582 silly packumentCache full:https://registry.npmjs.org/strip-ansi set size:44998 disposed:false
583 silly fetch manifest cli-spinners@^2.9.2
584 silly packumentCache full:https://registry.npmjs.org/cli-spinners cache-miss
585 http cache https://registry.npmjs.org/cli-cursor 11ms (cache hit)
586 silly packumentCache full:https://registry.npmjs.org/cli-cursor set size:18913 disposed:false
587 silly fetch manifest string-width@^7.2.0
588 silly packumentCache full:https://registry.npmjs.org/string-width cache-miss
589 http cache https://registry.npmjs.org/log-symbols 9ms (cache hit)
590 silly packumentCache full:https://registry.npmjs.org/log-symbols set size:31977 disposed:false
591 silly fetch manifest is-interactive@^2.0.0
592 silly packumentCache full:https://registry.npmjs.org/is-interactive cache-miss
593 http cache https://registry.npmjs.org/cli-spinners 11ms (cache hit)
594 silly packumentCache full:https://registry.npmjs.org/cli-spinners set size:67473 disposed:false
595 silly fetch manifest stdin-discarder@^0.2.2
596 silly packumentCache full:https://registry.npmjs.org/stdin-discarder cache-miss
597 http cache https://registry.npmjs.org/is-interactive 7ms (cache hit)
598 silly packumentCache full:https://registry.npmjs.org/is-interactive set size:10692 disposed:false
599 silly fetch manifest is-unicode-supported@^2.0.0
600 silly packumentCache full:https://registry.npmjs.org/is-unicode-supported cache-miss
601 http cache https://registry.npmjs.org/string-width 11ms (cache hit)
602 silly packumentCache full:https://registry.npmjs.org/string-width set size:70381 disposed:false
603 silly fetch manifest cssesc@^3.0.0
604 silly packumentCache full:https://registry.npmjs.org/cssesc cache-miss
605 http cache https://registry.npmjs.org/is-unicode-supported 8ms (cache hit)
606 silly packumentCache full:https://registry.npmjs.org/is-unicode-supported set size:19461 disposed:false
607 silly fetch manifest util-deprecate@^1.0.2
608 silly packumentCache full:https://registry.npmjs.org/util-deprecate cache-miss
609 http cache https://registry.npmjs.org/stdin-discarder 11ms (cache hit)
610 silly packumentCache full:https://registry.npmjs.org/stdin-discarder set size:15211 disposed:false
611 silly fetch manifest kleur@^3.0.3
612 silly packumentCache full:https://registry.npmjs.org/kleur cache-hit
613 silly fetch manifest sisteransi@^1.0.5
614 silly packumentCache full:https://registry.npmjs.org/sisteransi cache-miss
615 http cache https://registry.npmjs.org/cssesc 10ms (cache hit)
616 silly packumentCache full:https://registry.npmjs.org/cssesc set size:18815 disposed:false
617 silly fetch manifest ast-types@^0.16.1
618 silly packumentCache full:https://registry.npmjs.org/ast-types cache-miss
619 http cache https://registry.npmjs.org/util-deprecate 8ms (cache hit)
620 silly packumentCache full:https://registry.npmjs.org/util-deprecate set size:6674 disposed:false
621 silly fetch manifest esprima@~4.0.0
622 silly packumentCache full:https://registry.npmjs.org/esprima cache-miss
623 http cache https://registry.npmjs.org/ast-types 7ms (cache hit)
624 silly packumentCache full:https://registry.npmjs.org/ast-types set size:443020 disposed:false
625 silly fetch manifest source-map@~0.6.1
626 silly packumentCache full:https://registry.npmjs.org/source-map cache-miss
627 http cache https://registry.npmjs.org/sisteransi 14ms (cache hit)
628 silly packumentCache full:https://registry.npmjs.org/sisteransi set size:23215 disposed:false
629 silly fetch manifest is-obj@^3.0.0
630 silly packumentCache full:https://registry.npmjs.org/is-obj cache-miss
631 http cache https://registry.npmjs.org/is-obj 5ms (cache hit)
632 silly packumentCache full:https://registry.npmjs.org/is-obj set size:9560 disposed:false
633 silly fetch manifest is-regexp@^3.1.0
634 silly packumentCache full:https://registry.npmjs.org/is-regexp cache-miss
635 http cache https://registry.npmjs.org/esprima 14ms (cache hit)
636 silly packumentCache full:https://registry.npmjs.org/esprima set size:118410 disposed:false
637 silly fetch manifest get-own-enumerable-keys@^1.0.0
638 silly packumentCache full:https://registry.npmjs.org/get-own-enumerable-keys cache-miss
639 http cache https://registry.npmjs.org/source-map 11ms (cache hit)
640 silly packumentCache full:https://registry.npmjs.org/source-map set size:226212 disposed:false
641 silly fetch manifest @ts-morph/common@~0.27.0
642 silly packumentCache full:https://registry.npmjs.org/@ts-morph%2fcommon cache-miss
643 http cache https://registry.npmjs.org/is-regexp 39ms (cache hit)
644 silly packumentCache full:https://registry.npmjs.org/is-regexp set size:12459 disposed:false
645 silly fetch manifest code-block-writer@^13.0.3
646 silly packumentCache full:https://registry.npmjs.org/code-block-writer cache-miss
647 http cache https://registry.npmjs.org/get-own-enumerable-keys 37ms (cache hit)
648 silly packumentCache full:https://registry.npmjs.org/get-own-enumerable-keys set size:7316 disposed:false
649 http cache https://registry.npmjs.org/@ts-morph%2fcommon 34ms (cache hit)
650 silly packumentCache full:https://registry.npmjs.org/@ts-morph%2fcommon set size:164227 disposed:false
651 http cache https://registry.npmjs.org/code-block-writer 7ms (cache hit)
652 silly packumentCache full:https://registry.npmjs.org/code-block-writer set size:203952 disposed:false
653 silly fetch manifest @babel/core@^7.0.0-0
654 silly packumentCache full:https://registry.npmjs.org/@babel%2fcore cache-hit
655 silly placeDep ROOT @babel/helper-annotate-as-pure@7.27.3 OK for: @babel/plugin-transform-typescript@7.28.6 want: ^7.27.3
656 silly placeDep ROOT @babel/helper-create-class-features-plugin@7.29.3 OK for: @babel/plugin-transform-typescript@7.28.6 want: ^7.28.6
657 silly placeDep ROOT @babel/helper-plugin-utils@7.28.6 OK for: @babel/plugin-transform-typescript@7.28.6 want: ^7.28.6
658 silly placeDep ROOT @babel/helper-skip-transparent-expression-wrappers@7.27.1 OK for: @babel/plugin-transform-typescript@7.28.6 want: ^7.27.1
659 silly placeDep ROOT @babel/plugin-syntax-typescript@7.28.6 OK for: @babel/plugin-transform-typescript@7.28.6 want: ^7.28.6
660 silly fetch manifest @babel/helper-replace-supers@^7.28.6
661 silly packumentCache full:https://registry.npmjs.org/@babel%2fhelper-replace-supers cache-miss
662 silly fetch manifest @babel/helper-optimise-call-expression@^7.27.1
663 silly packumentCache full:https://registry.npmjs.org/@babel%2fhelper-optimise-call-expression cache-miss
664 silly fetch manifest @babel/helper-member-expression-to-functions@^7.28.5
665 silly packumentCache full:https://registry.npmjs.org/@babel%2fhelper-member-expression-to-functions cache-miss
666 http cache https://registry.npmjs.org/@babel%2fhelper-optimise-call-expression 6ms (cache hit)
667 silly packumentCache full:https://registry.npmjs.org/@babel%2fhelper-optimise-call-expression set size:186686 disposed:false
668 http cache https://registry.npmjs.org/@babel%2fhelper-replace-supers 9ms (cache hit)
669 silly packumentCache full:https://registry.npmjs.org/@babel%2fhelper-replace-supers set size:261639 disposed:false
670 http cache https://registry.npmjs.org/@babel%2fhelper-member-expression-to-functions 10ms (cache hit)
671 silly packumentCache full:https://registry.npmjs.org/@babel%2fhelper-member-expression-to-functions set size:222818 disposed:false
672 silly fetch manifest @babel/core@^7.0.0
673 silly packumentCache full:https://registry.npmjs.org/@babel%2fcore cache-hit
674 silly placeDep ROOT @babel/helper-member-expression-to-functions@7.28.5 OK for: @babel/helper-create-class-features-plugin@7.29.3 want: ^7.28.5
675 silly placeDep ROOT @babel/helper-optimise-call-expression@7.27.1 OK for: @babel/helper-create-class-features-plugin@7.29.3 want: ^7.27.1
676 silly placeDep ROOT @babel/helper-replace-supers@7.28.6 OK for: @babel/helper-create-class-features-plugin@7.29.3 want: ^7.28.6
677 silly placeDep ROOT @babel/plugin-syntax-jsx@7.28.6 OK for: @babel/preset-typescript@7.28.5 want: ^7.27.1
678 silly placeDep ROOT @babel/plugin-transform-modules-commonjs@7.28.6 OK for: @babel/preset-typescript@7.28.5 want: ^7.27.1
679 silly placeDep node_modules/@dotenvx/dotenvx commander@11.1.0 OK for: @dotenvx/dotenvx@1.66.0 want: ^11.1.0
680 silly placeDep ROOT dotenv@17.4.2 OK for: @dotenvx/dotenvx@1.66.0 want: ^17.2.1
681 silly placeDep ROOT eciesjs@0.4.18 OK for: @dotenvx/dotenvx@1.66.0 want: ^0.4.10
682 silly placeDep node_modules/@dotenvx/dotenvx execa@5.1.1 OK for: @dotenvx/dotenvx@1.66.0 want: ^5.1.1
683 silly placeDep node_modules/@dotenvx/dotenvx fdir@6.5.0 OK for: @dotenvx/dotenvx@1.66.0 want: ^6.2.0
684 silly placeDep node_modules/@dotenvx/dotenvx picomatch@4.0.4 OK for: fdir@6.5.0 want: ^3 || ^4
685 silly placeDep ROOT object-treeify@1.1.33 OK for: @dotenvx/dotenvx@1.66.0 want: 1.1.33
686 silly placeDep node_modules/@dotenvx/dotenvx which@4.0.0 OK for: @dotenvx/dotenvx@1.66.0 want: ^4.0.0
687 silly placeDep ROOT yocto-spinner@1.2.0 OK for: @dotenvx/dotenvx@1.66.0 want: ^1.1.0
688 silly fetch manifest @noble/curves@^1.9.7
689 silly packumentCache full:https://registry.npmjs.org/@noble%2fcurves cache-miss
690 silly fetch manifest @noble/hashes@^1.8.0
691 silly packumentCache full:https://registry.npmjs.org/@noble%2fhashes cache-miss
692 silly fetch manifest @ecies/ciphers@^0.2.5
693 silly packumentCache full:https://registry.npmjs.org/@ecies%2fciphers cache-miss
694 http cache https://registry.npmjs.org/@ecies%2fciphers 5ms (cache hit)
695 silly packumentCache full:https://registry.npmjs.org/@ecies%2fciphers set size:25349 disposed:false
696 silly fetch manifest @noble/ciphers@^1.3.0
697 silly packumentCache full:https://registry.npmjs.org/@noble%2fciphers cache-miss
698 http cache https://registry.npmjs.org/@noble%2fhashes 9ms (cache hit)
699 silly packumentCache full:https://registry.npmjs.org/@noble%2fhashes set size:217737 disposed:false
700 silly fetch manifest onetime@^5.1.2
701 silly packumentCache full:https://registry.npmjs.org/onetime cache-miss
702 http cache https://registry.npmjs.org/@noble%2fcurves 14ms (cache hit)
703 silly packumentCache full:https://registry.npmjs.org/@noble%2fcurves set size:314007 disposed:false
704 silly fetch manifest is-stream@^2.0.0
705 silly packumentCache full:https://registry.npmjs.org/is-stream cache-hit
706 silly fetch manifest get-stream@^6.0.0
707 silly packumentCache full:https://registry.npmjs.org/get-stream cache-hit
708 silly fetch manifest signal-exit@^3.0.3
709 silly packumentCache full:https://registry.npmjs.org/signal-exit cache-hit
710 silly fetch manifest merge-stream@^2.0.0
711 silly packumentCache full:https://registry.npmjs.org/merge-stream cache-miss
712 http cache https://registry.npmjs.org/merge-stream 7ms (cache hit)
713 silly packumentCache full:https://registry.npmjs.org/merge-stream set size:22168 disposed:false
714 silly fetch manifest npm-run-path@^4.0.1
715 silly packumentCache full:https://registry.npmjs.org/npm-run-path cache-hit
716 silly fetch manifest human-signals@^2.1.0
717 silly packumentCache full:https://registry.npmjs.org/human-signals cache-hit
718 silly fetch manifest strip-final-newline@^2.0.0
719 silly packumentCache full:https://registry.npmjs.org/strip-final-newline cache-hit
720 silly fetch manifest isexe@^3.1.1
721 silly packumentCache full:https://registry.npmjs.org/isexe cache-miss
722 http cache https://registry.npmjs.org/@noble%2fciphers 21ms (cache hit)
723 silly packumentCache full:https://registry.npmjs.org/@noble%2fciphers set size:126062 disposed:false
724 http cache https://registry.npmjs.org/onetime 18ms (cache hit)
725 silly packumentCache full:https://registry.npmjs.org/onetime set size:32314 disposed:false
726 http cache https://registry.npmjs.org/isexe 6ms (cache hit)
727 silly packumentCache full:https://registry.npmjs.org/isexe set size:31756 disposed:false
728 silly placeDep ROOT @hono/node-server@1.19.14 OK for: @modelcontextprotocol/sdk@1.29.0 want: ^1.19.9
729 silly placeDep ROOT hono@4.12.18 OK for: @hono/node-server@1.19.14 want: ^4
730 silly placeDep node_modules/@modelcontextprotocol/sdk ajv@8.20.0 OK for: @modelcontextprotocol/sdk@1.29.0 want: ^8.17.1
731 silly placeDep ROOT ajv-formats@3.0.1 OK for: @modelcontextprotocol/sdk@1.29.0 want: ^3.0.1
732 silly placeDep ROOT content-type@1.0.5 OK for: @modelcontextprotocol/sdk@1.29.0 want: ^1.0.5
733 silly placeDep ROOT cors@2.8.6 OK for: @modelcontextprotocol/sdk@1.29.0 want: ^2.8.5
734 silly placeDep ROOT eventsource@3.0.7 OK for: @modelcontextprotocol/sdk@1.29.0 want: ^3.0.2
735 silly placeDep ROOT eventsource-parser@3.0.8 OK for: @modelcontextprotocol/sdk@1.29.0 want: ^3.0.0
736 silly placeDep ROOT express@5.2.1 OK for: @modelcontextprotocol/sdk@1.29.0 want: ^5.2.1
737 silly placeDep ROOT express-rate-limit@8.5.2 OK for: @modelcontextprotocol/sdk@1.29.0 want: ^8.2.1
738 silly placeDep ROOT jose@6.2.3 OK for: @modelcontextprotocol/sdk@1.29.0 want: ^6.1.3
739 silly placeDep ROOT json-schema-typed@8.0.2 OK for: @modelcontextprotocol/sdk@1.29.0 want: ^8.0.2
740 silly placeDep ROOT pkce-challenge@5.0.1 OK for: @modelcontextprotocol/sdk@1.29.0 want: ^5.0.0
741 silly placeDep ROOT raw-body@3.0.2 OK for: @modelcontextprotocol/sdk@1.29.0 want: ^3.0.0
742 silly fetch manifest fast-uri@^3.0.1
743 silly packumentCache full:https://registry.npmjs.org/fast-uri cache-miss
744 silly fetch manifest json-schema-traverse@^1.0.0
745 silly packumentCache full:https://registry.npmjs.org/json-schema-traverse cache-miss
746 silly fetch manifest require-from-string@^2.0.2
747 silly packumentCache full:https://registry.npmjs.org/require-from-string cache-miss
748 http cache https://registry.npmjs.org/fast-uri 5ms (cache hit)
749 silly packumentCache full:https://registry.npmjs.org/fast-uri set size:68147 disposed:false
750 silly fetch manifest ajv@^8.0.0
751 silly packumentCache full:https://registry.npmjs.org/ajv cache-miss
752 http cache https://registry.npmjs.org/json-schema-traverse 7ms (cache hit)
753 silly packumentCache full:https://registry.npmjs.org/json-schema-traverse set size:23537 disposed:false
754 silly fetch manifest vary@^1
755 silly packumentCache full:https://registry.npmjs.org/vary cache-miss
756 http cache https://registry.npmjs.org/require-from-string 8ms (cache hit)
757 silly packumentCache full:https://registry.npmjs.org/require-from-string set size:15128 disposed:false
758 silly fetch manifest eventsource-parser@^3.0.1
759 silly packumentCache full:https://registry.npmjs.org/eventsource-parser cache-hit
760 silly fetch manifest qs@^6.14.0
761 silly packumentCache full:https://registry.npmjs.org/qs cache-miss
762 http cache https://registry.npmjs.org/vary 7ms (cache hit)
763 silly packumentCache full:https://registry.npmjs.org/vary set size:15994 disposed:false
764 silly fetch manifest depd@^2.0.0
765 silly packumentCache full:https://registry.npmjs.org/depd cache-miss
766 http cache https://registry.npmjs.org/qs 8ms (cache hit)
767 silly packumentCache full:https://registry.npmjs.org/qs set size:353582 disposed:false
768 silly fetch manifest etag@^1.8.1
769 silly packumentCache full:https://registry.npmjs.org/etag cache-miss
770 http cache https://registry.npmjs.org/ajv 16ms (cache hit)
771 silly packumentCache full:https://registry.npmjs.org/ajv set size:1142658 disposed:false
772 silly fetch manifest once@^1.4.0
773 silly packumentCache full:https://registry.npmjs.org/once cache-miss
774 http cache https://registry.npmjs.org/depd 21ms (cache hit)
775 silly packumentCache full:https://registry.npmjs.org/depd set size:40182 disposed:false
776 silly fetch manifest send@^1.1.0
777 silly packumentCache full:https://registry.npmjs.org/send cache-miss
778 http cache https://registry.npmjs.org/etag 17ms (cache hit)
779 silly packumentCache full:https://registry.npmjs.org/etag set size:30032 disposed:false
780 silly fetch manifest vary@^1.1.2
781 silly packumentCache full:https://registry.npmjs.org/vary cache-hit
782 silly fetch manifest fresh@^2.0.0
783 silly packumentCache full:https://registry.npmjs.org/fresh cache-miss
784 http cache https://registry.npmjs.org/once 10ms (cache hit)
785 silly packumentCache full:https://registry.npmjs.org/once set size:11752 disposed:false
786 silly fetch manifest cookie@^0.7.1
787 silly packumentCache full:https://registry.npmjs.org/cookie cache-hit
788 silly fetch manifest router@^2.2.0
789 silly packumentCache full:https://registry.npmjs.org/router cache-miss
790 http cache https://registry.npmjs.org/fresh 7ms (cache hit)
791 silly packumentCache full:https://registry.npmjs.org/fresh set size:25427 disposed:false
792 silly fetch manifest accepts@^2.0.0
793 silly packumentCache full:https://registry.npmjs.org/accepts cache-miss
794 http cache https://registry.npmjs.org/send 11ms (cache hit)
795 silly packumentCache full:https://registry.npmjs.org/send set size:152810 disposed:false
796 silly fetch manifest type-is@^2.0.1
797 silly packumentCache full:https://registry.npmjs.org/type-is cache-miss
798 http cache https://registry.npmjs.org/router 10ms (cache hit)
799 silly packumentCache full:https://registry.npmjs.org/router set size:116499 disposed:false
800 silly fetch manifest parseurl@^1.3.3
801 silly packumentCache full:https://registry.npmjs.org/parseurl cache-miss
802 http cache https://registry.npmjs.org/accepts 11ms (cache hit)
803 silly packumentCache full:https://registry.npmjs.org/accepts set size:77054 disposed:false
804 silly fetch manifest statuses@^2.0.1
805 silly packumentCache full:https://registry.npmjs.org/statuses cache-hit
806 silly fetch manifest encodeurl@^2.0.0
807 silly packumentCache full:https://registry.npmjs.org/encodeurl cache-miss
808 http cache https://registry.npmjs.org/type-is 9ms (cache hit)
809 silly packumentCache full:https://registry.npmjs.org/type-is set size:88614 disposed:false
810 silly fetch manifest mime-types@^3.0.0
811 silly packumentCache full:https://registry.npmjs.org/mime-types cache-miss
812 http cache https://registry.npmjs.org/parseurl 9ms (cache hit)
813 silly packumentCache full:https://registry.npmjs.org/parseurl set size:24148 disposed:false
814 silly fetch manifest proxy-addr@^2.0.7
815 silly packumentCache full:https://registry.npmjs.org/proxy-addr cache-miss
816 http cache https://registry.npmjs.org/encodeurl 12ms (cache hit)
817 silly packumentCache full:https://registry.npmjs.org/encodeurl set size:12296 disposed:false
818 silly fetch manifest body-parser@^2.2.1
819 silly packumentCache full:https://registry.npmjs.org/body-parser cache-miss
820 http cache https://registry.npmjs.org/mime-types 11ms (cache hit)
821 silly packumentCache full:https://registry.npmjs.org/mime-types set size:139110 disposed:false
822 silly fetch manifest escape-html@^1.0.3
823 silly packumentCache full:https://registry.npmjs.org/escape-html cache-miss
824 http cache https://registry.npmjs.org/proxy-addr 12ms (cache hit)
825 silly packumentCache full:https://registry.npmjs.org/proxy-addr set size:61619 disposed:false
826 silly fetch manifest http-errors@^2.0.0
827 silly packumentCache full:https://registry.npmjs.org/http-errors cache-miss
828 http cache https://registry.npmjs.org/escape-html 5ms (cache hit)
829 silly packumentCache full:https://registry.npmjs.org/escape-html set size:7345 disposed:false
830 silly fetch manifest on-finished@^2.4.1
831 silly packumentCache full:https://registry.npmjs.org/on-finished cache-miss
832 http cache https://registry.npmjs.org/http-errors 7ms (cache hit)
833 silly packumentCache full:https://registry.npmjs.org/http-errors set size:71987 disposed:false
834 silly fetch manifest finalhandler@^2.1.0
835 silly packumentCache full:https://registry.npmjs.org/finalhandler cache-miss
836 http cache https://registry.npmjs.org/body-parser 12ms (cache hit)
837 silly packumentCache full:https://registry.npmjs.org/body-parser set size:199299 disposed:false
838 silly fetch manifest range-parser@^1.2.1
839 silly packumentCache full:https://registry.npmjs.org/range-parser cache-miss
840 http cache https://registry.npmjs.org/on-finished 9ms (cache hit)
841 silly packumentCache full:https://registry.npmjs.org/on-finished set size:23212 disposed:false
842 silly fetch manifest serve-static@^2.2.0
843 silly packumentCache full:https://registry.npmjs.org/serve-static cache-miss
844 http cache https://registry.npmjs.org/range-parser 5ms (cache hit)
845 silly packumentCache full:https://registry.npmjs.org/range-parser set size:22228 disposed:false
846 silly fetch manifest cookie-signature@^1.2.1
847 silly packumentCache full:https://registry.npmjs.org/cookie-signature cache-miss
848 http cache https://registry.npmjs.org/finalhandler 10ms (cache hit)
849 silly packumentCache full:https://registry.npmjs.org/finalhandler set size:79291 disposed:false
850 silly fetch manifest merge-descriptors@^2.0.0
851 silly packumentCache full:https://registry.npmjs.org/merge-descriptors cache-miss
852 http cache https://registry.npmjs.org/serve-static 10ms (cache hit)
853 silly packumentCache full:https://registry.npmjs.org/serve-static set size:150391 disposed:false
854 silly fetch manifest content-disposition@^1.0.0
855 silly packumentCache full:https://registry.npmjs.org/content-disposition cache-miss
856 http cache https://registry.npmjs.org/cookie-signature 11ms (cache hit)
857 silly packumentCache full:https://registry.npmjs.org/cookie-signature set size:21777 disposed:false
858 silly fetch manifest ip-address@^10.2.0
859 silly packumentCache full:https://registry.npmjs.org/ip-address cache-miss
860 http cache https://registry.npmjs.org/merge-descriptors 10ms (cache hit)
861 silly packumentCache full:https://registry.npmjs.org/merge-descriptors set size:16527 disposed:false
862 silly fetch manifest bytes@~3.1.2
863 silly packumentCache full:https://registry.npmjs.org/bytes cache-miss
864 http cache https://registry.npmjs.org/content-disposition 8ms (cache hit)
865 silly packumentCache full:https://registry.npmjs.org/content-disposition set size:40258 disposed:false
866 silly fetch manifest unpipe@~1.0.0
867 silly packumentCache full:https://registry.npmjs.org/unpipe cache-miss
868 http cache https://registry.npmjs.org/ip-address 10ms (cache hit)
869 silly packumentCache full:https://registry.npmjs.org/ip-address set size:171530 disposed:false
870 silly fetch manifest iconv-lite@~0.7.0
871 silly packumentCache full:https://registry.npmjs.org/iconv-lite cache-miss
872 http cache https://registry.npmjs.org/bytes 12ms (cache hit)
873 silly packumentCache full:https://registry.npmjs.org/bytes set size:37018 disposed:false
874 silly fetch manifest http-errors@~2.0.1
875 silly packumentCache full:https://registry.npmjs.org/http-errors cache-hit
876 http cache https://registry.npmjs.org/unpipe 10ms (cache hit)
877 silly packumentCache full:https://registry.npmjs.org/unpipe set size:3609 disposed:false
878 http cache https://registry.npmjs.org/iconv-lite 6ms (cache hit)
879 silly packumentCache full:https://registry.npmjs.org/iconv-lite set size:120557 disposed:false
880 silly placeDep node_modules/ajv-formats ajv@8.20.0 OK for: ajv-formats@3.0.1 want: ^8.0.0
881 silly placeDep ROOT vary@1.1.2 OK for: cors@2.8.6 want: ^1
882 silly placeDep ROOT env-paths@2.2.1 OK for: cosmiconfig@9.0.1 want: ^2.2.1
883 silly placeDep ROOT parse-json@5.2.0 OK for: cosmiconfig@9.0.1 want: ^5.2.0
884 silly fetch manifest error-ex@^1.3.1
885 silly packumentCache full:https://registry.npmjs.org/error-ex cache-miss
886 silly fetch manifest lines-and-columns@^1.1.6
887 silly packumentCache full:https://registry.npmjs.org/lines-and-columns cache-miss
888 silly fetch manifest json-parse-even-better-errors@^2.3.0
889 silly packumentCache full:https://registry.npmjs.org/json-parse-even-better-errors cache-miss
890 http cache https://registry.npmjs.org/error-ex 6ms (cache hit)
891 silly packumentCache full:https://registry.npmjs.org/error-ex set size:31684 disposed:false
892 http cache https://registry.npmjs.org/lines-and-columns 6ms (cache hit)
893 silly packumentCache full:https://registry.npmjs.org/lines-and-columns set size:73796 disposed:false
894 http cache https://registry.npmjs.org/json-parse-even-better-errors 8ms (cache hit)
895 silly packumentCache full:https://registry.npmjs.org/json-parse-even-better-errors set size:37274 disposed:false
896 silly placeDep ROOT @ecies/ciphers@0.2.6 OK for: eciesjs@0.4.18 want: ^0.2.5
897 silly placeDep ROOT @noble/ciphers@1.3.0 OK for: @ecies/ciphers@0.2.6 want: ^1.0.0
898 silly placeDep ROOT @noble/curves@1.9.7 OK for: eciesjs@0.4.18 want: ^1.9.7
899 silly placeDep ROOT @noble/hashes@1.8.0 OK for: eciesjs@0.4.18 want: ^1.8.0
900 silly fetch manifest @noble/hashes@1.8.0
901 silly packumentCache full:https://registry.npmjs.org/@noble%2fhashes cache-hit
902 silly placeDep ROOT @sindresorhus/merge-streams@4.0.0 OK for: execa@9.6.1 want: ^4.0.0
903 silly placeDep ROOT figures@6.1.0 OK for: execa@9.6.1 want: ^6.1.0
904 silly placeDep ROOT get-stream@9.0.1 OK for: execa@9.6.1 want: ^9.0.0
905 silly placeDep ROOT human-signals@8.0.1 OK for: execa@9.6.1 want: ^8.0.1
906 silly placeDep ROOT is-plain-obj@4.1.0 OK for: execa@9.6.1 want: ^4.1.0
907 silly placeDep ROOT is-stream@4.0.1 OK for: execa@9.6.1 want: ^4.0.1
908 silly placeDep ROOT npm-run-path@6.0.0 OK for: execa@9.6.1 want: ^6.0.0
909 silly placeDep ROOT pretty-ms@9.3.0 OK for: execa@9.6.1 want: ^9.2.0
910 silly placeDep ROOT signal-exit@4.1.0 OK for: execa@9.6.1 want: ^4.1.0
911 silly placeDep ROOT strip-final-newline@4.0.0 OK for: execa@9.6.1 want: ^4.0.0
912 silly placeDep ROOT yoctocolors@2.1.2 OK for: execa@9.6.1 want: ^2.1.1
913 silly fetch manifest @sec-ant/readable-stream@^0.4.1
914 silly packumentCache full:https://registry.npmjs.org/@sec-ant%2freadable-stream cache-miss
915 silly fetch manifest path-key@^4.0.0
916 silly packumentCache full:https://registry.npmjs.org/path-key cache-miss
917 silly fetch manifest unicorn-magic@^0.3.0
918 silly packumentCache full:https://registry.npmjs.org/unicorn-magic cache-miss
919 http cache https://registry.npmjs.org/@sec-ant%2freadable-stream 14ms (cache hit)
920 silly packumentCache full:https://registry.npmjs.org/@sec-ant%2freadable-stream set size:41612 disposed:false
921 silly fetch manifest parse-ms@^4.0.0
922 silly packumentCache full:https://registry.npmjs.org/parse-ms cache-miss
923 http cache https://registry.npmjs.org/unicorn-magic 9ms (cache hit)
924 silly packumentCache full:https://registry.npmjs.org/unicorn-magic set size:9139 disposed:false
925 http cache https://registry.npmjs.org/path-key 10ms (cache hit)
926 silly packumentCache full:https://registry.npmjs.org/path-key set size:16975 disposed:false
927 http cache https://registry.npmjs.org/parse-ms 6ms (cache hit)
928 silly packumentCache full:https://registry.npmjs.org/parse-ms set size:18020 disposed:false
929 silly placeDep ROOT accepts@2.0.0 OK for: express@5.2.1 want: ^2.0.0
930 silly placeDep ROOT body-parser@2.2.2 OK for: express@5.2.1 want: ^2.2.1
931 silly placeDep ROOT content-disposition@1.1.0 OK for: express@5.2.1 want: ^1.0.0
932 silly placeDep ROOT cookie@0.7.2 OK for: express@5.2.1 want: ^0.7.1
933 silly placeDep ROOT cookie-signature@1.2.2 OK for: express@5.2.1 want: ^1.2.1
934 silly placeDep ROOT depd@2.0.0 OK for: express@5.2.1 want: ^2.0.0
935 silly placeDep ROOT encodeurl@2.0.0 OK for: express@5.2.1 want: ^2.0.0
936 silly placeDep ROOT escape-html@1.0.3 OK for: express@5.2.1 want: ^1.0.3
937 silly placeDep ROOT etag@1.8.1 OK for: express@5.2.1 want: ^1.8.1
938 silly placeDep ROOT finalhandler@2.1.1 OK for: express@5.2.1 want: ^2.1.0
939 silly placeDep ROOT fresh@2.0.0 OK for: express@5.2.1 want: ^2.0.0
940 silly placeDep ROOT http-errors@2.0.1 OK for: express@5.2.1 want: ^2.0.0
941 silly placeDep ROOT merge-descriptors@2.0.0 OK for: express@5.2.1 want: ^2.0.0
942 silly placeDep ROOT mime-types@3.0.2 OK for: express@5.2.1 want: ^3.0.0
943 silly placeDep ROOT on-finished@2.4.1 OK for: express@5.2.1 want: ^2.4.1
944 silly placeDep ROOT once@1.4.0 OK for: express@5.2.1 want: ^1.4.0
945 silly placeDep ROOT parseurl@1.3.3 OK for: express@5.2.1 want: ^1.3.3
946 silly placeDep ROOT proxy-addr@2.0.7 OK for: express@5.2.1 want: ^2.0.7
947 silly placeDep ROOT qs@6.15.1 OK for: express@5.2.1 want: ^6.14.0
948 silly placeDep ROOT range-parser@1.2.1 OK for: express@5.2.1 want: ^1.2.1
949 silly placeDep ROOT router@2.2.0 OK for: express@5.2.1 want: ^2.2.0
950 silly placeDep ROOT send@1.2.1 OK for: express@5.2.1 want: ^1.1.0
951 silly placeDep ROOT serve-static@2.2.1 OK for: express@5.2.1 want: ^2.2.0
952 silly placeDep ROOT statuses@2.0.2 OK for: express@5.2.1 want: ^2.0.1
953 silly placeDep ROOT type-is@2.1.0 OK for: express@5.2.1 want: ^2.0.1
954 silly fetch manifest negotiator@^1.0.0
955 silly packumentCache full:https://registry.npmjs.org/negotiator cache-miss
956 silly fetch manifest qs@^6.14.1
957 silly packumentCache full:https://registry.npmjs.org/qs cache-hit
958 silly fetch manifest bytes@^3.1.2
959 silly packumentCache full:https://registry.npmjs.org/bytes cache-hit
960 silly fetch manifest iconv-lite@^0.7.0
961 silly packumentCache full:https://registry.npmjs.org/iconv-lite cache-hit
962 silly fetch manifest inherits@~2.0.4
963 silly packumentCache full:https://registry.npmjs.org/inherits cache-miss
964 silly fetch manifest setprototypeof@~1.2.0
965 silly packumentCache full:https://registry.npmjs.org/setprototypeof cache-miss
966 http cache https://registry.npmjs.org/inherits 5ms (cache hit)
967 silly packumentCache full:https://registry.npmjs.org/inherits set size:12925 disposed:false
968 silly fetch manifest statuses@~2.0.2
969 silly packumentCache full:https://registry.npmjs.org/statuses cache-hit
970 silly fetch manifest toidentifier@~1.0.1
971 silly packumentCache full:https://registry.npmjs.org/toidentifier cache-miss
972 http cache https://registry.npmjs.org/negotiator 11ms (cache hit)
973 silly packumentCache full:https://registry.npmjs.org/negotiator set size:48046 disposed:false
974 silly fetch manifest mime-db@^1.54.0
975 silly packumentCache full:https://registry.npmjs.org/mime-db cache-miss
976 http cache https://registry.npmjs.org/setprototypeof 9ms (cache hit)
977 silly packumentCache full:https://registry.npmjs.org/setprototypeof set size:14532 disposed:false
978 silly fetch manifest ee-first@1.1.1
979 silly packumentCache full:https://registry.npmjs.org/ee-first cache-miss
980 http cache https://registry.npmjs.org/toidentifier 8ms (cache hit)
981 silly packumentCache full:https://registry.npmjs.org/toidentifier set size:12006 disposed:false
982 silly fetch manifest wrappy@1
983 silly packumentCache full:https://registry.npmjs.org/wrappy cache-miss
984 http cache https://registry.npmjs.org/mime-db 8ms (cache hit)
985 silly packumentCache full:https://registry.npmjs.org/mime-db set size:164953 disposed:false
986 silly fetch manifest forwarded@0.2.0
987 silly packumentCache full:https://registry.npmjs.org/forwarded cache-miss
988 http cache https://registry.npmjs.org/ee-first 9ms (cache hit)
989 silly packumentCache full:https://registry.npmjs.org/ee-first set size:15327 disposed:false
990 silly fetch manifest ipaddr.js@1.9.1
991 silly packumentCache full:https://registry.npmjs.org/ipaddr.js cache-miss
992 http cache https://registry.npmjs.org/wrappy 10ms (cache hit)
993 silly packumentCache full:https://registry.npmjs.org/wrappy set size:7682 disposed:false
994 silly fetch manifest is-promise@^4.0.0
995 silly packumentCache full:https://registry.npmjs.org/is-promise cache-miss
996 http cache https://registry.npmjs.org/forwarded 9ms (cache hit)
997 silly packumentCache full:https://registry.npmjs.org/forwarded set size:11229 disposed:false
998 silly fetch manifest path-to-regexp@^8.0.0
999 silly packumentCache full:https://registry.npmjs.org/path-to-regexp cache-hit
1000 silly fetch manifest content-type@^2.0.0
1001 silly packumentCache full:https://registry.npmjs.org/content-type cache-hit
1002 silly fetch manifest media-typer@^1.1.0
1003 silly packumentCache full:https://registry.npmjs.org/media-typer cache-miss
1004 http cache https://registry.npmjs.org/ipaddr.js 10ms (cache hit)
1005 silly packumentCache full:https://registry.npmjs.org/ipaddr.js set size:69563 disposed:false
1006 http cache https://registry.npmjs.org/is-promise 8ms (cache hit)
1007 silly packumentCache full:https://registry.npmjs.org/is-promise set size:18599 disposed:false
1008 http cache https://registry.npmjs.org/media-typer 7ms (cache hit)
1009 silly packumentCache full:https://registry.npmjs.org/media-typer set size:20873 disposed:false
1010 silly placeDep ROOT negotiator@1.0.0 OK for: accepts@2.0.0 want: ^1.0.0
1011 silly placeDep ROOT bytes@3.1.2 OK for: body-parser@2.2.2 want: ^3.1.2
1012 silly placeDep ROOT iconv-lite@0.7.2 OK for: body-parser@2.2.2 want: ^0.7.0
1013 silly fetch manifest safer-buffer@>= 2.1.2 < 3.0.0
1014 silly packumentCache full:https://registry.npmjs.org/safer-buffer cache-miss
1015 http cache https://registry.npmjs.org/safer-buffer 3ms (cache hit)
1016 silly packumentCache full:https://registry.npmjs.org/safer-buffer set size:18521 disposed:false
1017 silly placeDep ROOT ip-address@10.2.0 OK for: express-rate-limit@8.5.2 want: ^10.2.0
1018 silly placeDep ROOT is-unicode-supported@2.1.0 OK for: figures@6.1.0 want: ^2.0.0
1019 silly placeDep ROOT jsonfile@6.2.1 OK for: fs-extra@11.3.5 want: ^6.0.1
1020 silly placeDep ROOT universalify@2.0.1 OK for: fs-extra@11.3.5 want: ^2.0.0
1021 silly placeDep ROOT @sec-ant/readable-stream@0.4.1 OK for: get-stream@9.0.1 want: ^0.4.1
1022 silly placeDep ROOT inherits@2.0.4 OK for: http-errors@2.0.1 want: ~2.0.4
1023 silly placeDep ROOT setprototypeof@1.2.0 OK for: http-errors@2.0.1 want: ~1.2.0
1024 silly placeDep ROOT toidentifier@1.0.1 OK for: http-errors@2.0.1 want: ~1.0.1
1025 silly placeDep ROOT agent-base@7.1.4 OK for: https-proxy-agent@7.0.6 want: ^7.1.2
1026 silly placeDep ROOT safer-buffer@2.1.2 OK for: iconv-lite@0.7.2 want: >= 2.1.2 < 3.0.0
1027 silly placeDep ROOT mime-db@1.54.0 OK for: mime-types@3.0.2 want: ^1.54.0
1028 silly fetch manifest @types/node@>=18
1029 silly packumentCache full:https://registry.npmjs.org/@types%2fnode cache-miss
1030 http cache https://registry.npmjs.org/@types%2fnode 28ms (cache hit)
1031 silly packumentCache full:https://registry.npmjs.org/@types%2fnode set size:11008407 disposed:false
1032 silly placeDep ROOT @inquirer/confirm@6.0.13 OK for: msw@2.14.6 want: ^6.0.11
1033 silly placeDep ROOT @mswjs/interceptors@0.41.9 OK for: msw@2.14.6 want: ^0.41.3
1034 silly placeDep ROOT @open-draft/deferred-promise@3.0.0 OK for: msw@2.14.6 want: ^3.0.0
1035 silly placeDep ROOT @types/statuses@2.0.6 OK for: msw@2.14.6 want: ^2.0.6
1036 silly placeDep node_modules/msw cookie@1.1.1 OK for: msw@2.14.6 want: ^1.1.1
1037 silly placeDep ROOT graphql@16.14.0 OK for: msw@2.14.6 want: ^16.13.2
1038 silly placeDep ROOT headers-polyfill@5.0.1 OK for: msw@2.14.6 want: ^5.0.1
1039 silly placeDep ROOT is-node-process@1.2.0 OK for: msw@2.14.6 want: ^1.2.0
1040 silly placeDep ROOT outvariant@1.4.3 OK for: msw@2.14.6 want: ^1.4.3
1041 silly placeDep ROOT path-to-regexp@6.3.0 OK for: msw@2.14.6 want: ^6.3.0
1042 silly placeDep ROOT rettime@0.11.11 OK for: msw@2.14.6 want: ^0.11.11
1043 silly placeDep ROOT strict-event-emitter@0.5.1 OK for: msw@2.14.6 want: ^0.5.1
1044 silly placeDep ROOT tough-cookie@6.0.1 OK for: msw@2.14.6 want: ^6.0.1
1045 silly placeDep ROOT type-fest@5.6.0 OK for: msw@2.14.6 want: ^5.5.0
1046 silly placeDep ROOT until-async@3.0.2 OK for: msw@2.14.6 want: ^3.0.2
1047 silly placeDep ROOT yargs@17.7.2 OK for: msw@2.14.6 want: ^17.7.2
1048 silly fetch manifest @inquirer/core@^11.1.10
1049 silly packumentCache full:https://registry.npmjs.org/@inquirer%2fcore cache-miss
1050 silly fetch manifest @inquirer/type@^4.0.5
1051 silly packumentCache full:https://registry.npmjs.org/@inquirer%2ftype cache-miss
1052 silly fetch manifest @open-draft/deferred-promise@^2.2.0
1053 silly packumentCache full:https://registry.npmjs.org/@open-draft%2fdeferred-promise cache-hit
1054 silly fetch manifest @open-draft/logger@^0.3.0
1055 silly packumentCache full:https://registry.npmjs.org/@open-draft%2flogger cache-miss
1056 http cache https://registry.npmjs.org/@inquirer%2ftype 7ms (cache hit)
1057 silly packumentCache full:https://registry.npmjs.org/@inquirer%2ftype set size:115206 disposed:false
1058 silly fetch manifest @open-draft/until@^2.0.0
1059 silly packumentCache full:https://registry.npmjs.org/@open-draft%2funtil cache-miss
1060 http cache https://registry.npmjs.org/@open-draft%2flogger 8ms (cache hit)
1061 silly packumentCache full:https://registry.npmjs.org/@open-draft%2flogger set size:25586 disposed:false
1062 silly fetch manifest @types/set-cookie-parser@^2.4.10
1063 silly packumentCache full:https://registry.npmjs.org/@types%2fset-cookie-parser cache-miss
1064 http cache https://registry.npmjs.org/@inquirer%2fcore 13ms (cache hit)
1065 silly packumentCache full:https://registry.npmjs.org/@inquirer%2fcore set size:347868 disposed:false
1066 silly fetch manifest set-cookie-parser@^3.0.1
1067 silly packumentCache full:https://registry.npmjs.org/set-cookie-parser cache-miss
1068 http cache https://registry.npmjs.org/@open-draft%2funtil 13ms (cache hit)
1069 silly packumentCache full:https://registry.npmjs.org/@open-draft%2funtil set size:23338 disposed:false
1070 silly fetch manifest tldts@^7.0.5
1071 silly packumentCache full:https://registry.npmjs.org/tldts cache-miss
1072 http cache https://registry.npmjs.org/@types%2fset-cookie-parser 12ms (cache hit)
1073 silly packumentCache full:https://registry.npmjs.org/@types%2fset-cookie-parser set size:38276 disposed:false
1074 silly fetch manifest tagged-tag@^1.0.0
1075 silly packumentCache full:https://registry.npmjs.org/tagged-tag cache-miss
1076 http cache https://registry.npmjs.org/set-cookie-parser 10ms (cache hit)
1077 silly packumentCache full:https://registry.npmjs.org/set-cookie-parser set size:73160 disposed:false
1078 silly fetch manifest y18n@^5.0.5
1079 silly packumentCache full:https://registry.npmjs.org/y18n cache-miss
1080 http cache https://registry.npmjs.org/tagged-tag 7ms (cache hit)
1081 silly packumentCache full:https://registry.npmjs.org/tagged-tag set size:4660 disposed:false
1082 silly fetch manifest cliui@^8.0.1
1083 silly packumentCache full:https://registry.npmjs.org/cliui cache-miss
1084 http cache https://registry.npmjs.org/y18n 8ms (cache hit)
1085 silly packumentCache full:https://registry.npmjs.org/y18n set size:76155 disposed:false
1086 silly fetch manifest string-width@^4.2.3
1087 silly packumentCache full:https://registry.npmjs.org/string-width cache-hit
1088 silly fetch manifest yargs-parser@^21.1.1
1089 silly packumentCache full:https://registry.npmjs.org/yargs-parser cache-miss
1090 http cache https://registry.npmjs.org/tldts 18ms (cache hit)
1091 silly packumentCache full:https://registry.npmjs.org/tldts set size:3401976 disposed:false
1092 silly fetch manifest get-caller-file@^2.0.5
1093 silly packumentCache full:https://registry.npmjs.org/get-caller-file cache-miss
1094 http cache https://registry.npmjs.org/cliui 33ms (cache hit)
1095 silly packumentCache full:https://registry.npmjs.org/cliui set size:69089 disposed:false
1096 silly fetch manifest require-directory@^2.1.1
1097 silly packumentCache full:https://registry.npmjs.org/require-directory cache-miss
1098 http cache https://registry.npmjs.org/get-caller-file 7ms (cache hit)
1099 silly packumentCache full:https://registry.npmjs.org/get-caller-file set size:26456 disposed:false
1100 http cache https://registry.npmjs.org/yargs-parser 34ms (cache hit)
1101 silly packumentCache full:https://registry.npmjs.org/yargs-parser set size:238630 disposed:false
1102 http cache https://registry.npmjs.org/require-directory 7ms (cache hit)
1103 silly packumentCache full:https://registry.npmjs.org/require-directory set size:26866 disposed:false
1104 silly placeDep ROOT @inquirer/core@11.1.10 OK for: @inquirer/confirm@6.0.13 want: ^11.1.10
1105 silly placeDep ROOT @inquirer/type@4.0.5 OK for: @inquirer/confirm@6.0.13 want: ^4.0.5
1106 silly fetch manifest @inquirer/ansi@^2.0.5
1107 silly packumentCache full:https://registry.npmjs.org/@inquirer%2fansi cache-miss
1108 silly fetch manifest @inquirer/figures@^2.0.5
1109 silly packumentCache full:https://registry.npmjs.org/@inquirer%2ffigures cache-miss
1110 silly fetch manifest cli-width@^4.1.0
1111 silly packumentCache full:https://registry.npmjs.org/cli-width cache-miss
1112 http cache https://registry.npmjs.org/@inquirer%2fansi 7ms (cache hit)
1113 silly packumentCache full:https://registry.npmjs.org/@inquirer%2fansi set size:24508 disposed:false
1114 silly fetch manifest fast-wrap-ansi@^0.2.0
1115 silly packumentCache full:https://registry.npmjs.org/fast-wrap-ansi cache-miss
1116 http cache https://registry.npmjs.org/@inquirer%2ffigures 9ms (cache hit)
1117 silly packumentCache full:https://registry.npmjs.org/@inquirer%2ffigures set size:52687 disposed:false
1118 silly fetch manifest mute-stream@^3.0.0
1119 silly packumentCache full:https://registry.npmjs.org/mute-stream cache-miss
1120 http cache https://registry.npmjs.org/cli-width 8ms (cache hit)
1121 silly packumentCache full:https://registry.npmjs.org/cli-width set size:24976 disposed:false
1122 http cache https://registry.npmjs.org/fast-wrap-ansi 5ms (cache hit)
1123 silly packumentCache full:https://registry.npmjs.org/fast-wrap-ansi set size:16102 disposed:false
1124 http cache https://registry.npmjs.org/mute-stream 5ms (cache hit)
1125 silly packumentCache full:https://registry.npmjs.org/mute-stream set size:24469 disposed:false
1126 silly placeDep ROOT @inquirer/ansi@2.0.5 OK for: @inquirer/core@11.1.10 want: ^2.0.5
1127 silly placeDep ROOT @inquirer/figures@2.0.5 OK for: @inquirer/core@11.1.10 want: ^2.0.5
1128 silly placeDep ROOT cli-width@4.1.0 OK for: @inquirer/core@11.1.10 want: ^4.1.0
1129 silly placeDep ROOT fast-wrap-ansi@0.2.0 OK for: @inquirer/core@11.1.10 want: ^0.2.0
1130 silly placeDep ROOT mute-stream@3.0.0 OK for: @inquirer/core@11.1.10 want: ^3.0.0
1131 silly fetch manifest fast-string-width@^3.0.2
1132 silly packumentCache full:https://registry.npmjs.org/fast-string-width cache-miss
1133 http cache https://registry.npmjs.org/fast-string-width 17ms (cache hit)
1134 silly packumentCache full:https://registry.npmjs.org/fast-string-width set size:22460 disposed:false
1135 silly placeDep node_modules/@mswjs/interceptors @open-draft/deferred-promise@2.2.0 OK for: @mswjs/interceptors@0.41.9 want: ^2.2.0
1136 silly placeDep ROOT @open-draft/logger@0.3.0 OK for: @mswjs/interceptors@0.41.9 want: ^0.3.0
1137 silly placeDep ROOT @open-draft/until@2.1.0 OK for: @mswjs/interceptors@0.41.9 want: ^2.0.0
1138 silly placeDep ROOT fast-string-width@3.0.2 OK for: fast-wrap-ansi@0.2.0 want: ^3.0.2
1139 silly fetch manifest fast-string-truncated-width@^3.0.2
1140 silly packumentCache full:https://registry.npmjs.org/fast-string-truncated-width cache-miss
1141 http cache https://registry.npmjs.org/fast-string-truncated-width 5ms (cache hit)
1142 silly packumentCache full:https://registry.npmjs.org/fast-string-truncated-width set size:23965 disposed:false
1143 silly placeDep ROOT fast-string-truncated-width@3.0.3 OK for: fast-string-width@3.0.2 want: ^3.0.2
1144 silly placeDep ROOT @types/set-cookie-parser@2.4.10 OK for: headers-polyfill@5.0.1 want: ^2.4.10
1145 silly placeDep ROOT set-cookie-parser@3.1.0 OK for: headers-polyfill@5.0.1 want: ^3.0.1
1146 silly placeDep ROOT data-uri-to-buffer@4.0.1 OK for: node-fetch@3.3.2 want: ^4.0.0
1147 silly placeDep ROOT fetch-blob@3.2.0 OK for: node-fetch@3.3.2 want: ^3.1.4
1148 silly placeDep ROOT formdata-polyfill@4.0.10 OK for: node-fetch@3.3.2 want: ^4.0.10
1149 silly fetch manifest node-domexception@^1.0.0
1150 silly packumentCache full:https://registry.npmjs.org/node-domexception cache-miss
1151 silly fetch manifest web-streams-polyfill@^3.0.3
1152 silly packumentCache full:https://registry.npmjs.org/web-streams-polyfill cache-miss
1153 http cache https://registry.npmjs.org/node-domexception 4ms (cache hit)
1154 silly packumentCache full:https://registry.npmjs.org/node-domexception set size:11516 disposed:false
1155 http cache https://registry.npmjs.org/web-streams-polyfill 5ms (cache hit)
1156 silly packumentCache full:https://registry.npmjs.org/web-streams-polyfill set size:140806 disposed:false
1157 silly placeDep ROOT node-domexception@1.0.0 OK for: fetch-blob@3.2.0 want: ^1.0.0
1158 silly placeDep ROOT web-streams-polyfill@3.3.3 OK for: fetch-blob@3.2.0 want: ^3.0.3
1159 silly placeDep node_modules/npm-run-path path-key@4.0.0 OK for: npm-run-path@6.0.0 want: ^4.0.0
1160 silly placeDep ROOT unicorn-magic@0.3.0 OK for: npm-run-path@6.0.0 want: ^0.3.0
1161 silly placeDep ROOT ee-first@1.1.1 OK for: on-finished@2.4.1 want: 1.1.1
1162 silly placeDep ROOT wrappy@1.0.2 OK for: once@1.4.0 want: 1
1163 silly placeDep ROOT default-browser@5.5.0 OK for: open@11.0.0 want: ^5.4.0
1164 silly placeDep ROOT define-lazy-prop@3.0.0 OK for: open@11.0.0 want: ^3.0.0
1165 silly placeDep ROOT is-in-ssh@1.0.0 OK for: open@11.0.0 want: ^1.0.0
1166 silly placeDep ROOT is-inside-container@1.0.0 OK for: open@11.0.0 want: ^1.0.0
1167 silly placeDep ROOT powershell-utils@0.1.0 OK for: open@11.0.0 want: ^0.1.0
1168 silly placeDep ROOT wsl-utils@0.3.1 OK for: open@11.0.0 want: ^0.3.0
1169 silly fetch manifest bundle-name@^4.1.0
1170 silly packumentCache full:https://registry.npmjs.org/bundle-name cache-miss
1171 silly fetch manifest default-browser-id@^5.0.0
1172 silly packumentCache full:https://registry.npmjs.org/default-browser-id cache-miss
1173 silly fetch manifest is-docker@^3.0.0
1174 silly packumentCache full:https://registry.npmjs.org/is-docker cache-miss
1175 http cache https://registry.npmjs.org/bundle-name 5ms (cache hit)
1176 silly packumentCache full:https://registry.npmjs.org/bundle-name set size:17344 disposed:false
1177 silly fetch manifest is-wsl@^3.1.0
1178 silly packumentCache full:https://registry.npmjs.org/is-wsl cache-miss
1179 http cache https://registry.npmjs.org/default-browser-id 7ms (cache hit)
1180 silly packumentCache full:https://registry.npmjs.org/default-browser-id set size:24398 disposed:false
1181 http cache https://registry.npmjs.org/is-docker 8ms (cache hit)
1182 silly packumentCache full:https://registry.npmjs.org/is-docker set size:23690 disposed:false
1183 http cache https://registry.npmjs.org/is-wsl 5ms (cache hit)
1184 silly packumentCache full:https://registry.npmjs.org/is-wsl set size:20683 disposed:false
1185 silly placeDep ROOT bundle-name@4.1.0 OK for: default-browser@5.5.0 want: ^4.1.0
1186 silly placeDep ROOT default-browser-id@5.0.1 OK for: default-browser@5.5.0 want: ^5.0.0
1187 silly fetch manifest run-applescript@^7.0.0
1188 silly packumentCache full:https://registry.npmjs.org/run-applescript cache-miss
1189 http cache https://registry.npmjs.org/run-applescript 3ms (cache hit)
1190 silly packumentCache full:https://registry.npmjs.org/run-applescript set size:27897 disposed:false
1191 silly placeDep ROOT run-applescript@7.1.0 OK for: bundle-name@4.1.0 want: ^7.0.0
1192 silly placeDep ROOT is-docker@3.0.0 OK for: is-inside-container@1.0.0 want: ^3.0.0
1193 silly placeDep node_modules/ora chalk@5.6.2 OK for: ora@8.2.0 want: ^5.3.0
1194 silly placeDep ROOT cli-cursor@5.0.0 OK for: ora@8.2.0 want: ^5.0.0
1195 silly placeDep ROOT cli-spinners@2.9.2 OK for: ora@8.2.0 want: ^2.9.2
1196 silly placeDep ROOT is-interactive@2.0.0 OK for: ora@8.2.0 want: ^2.0.0
1197 silly placeDep ROOT log-symbols@6.0.0 OK for: ora@8.2.0 want: ^6.0.0
1198 silly placeDep ROOT stdin-discarder@0.2.2 OK for: ora@8.2.0 want: ^0.2.2
1199 silly placeDep ROOT string-width@7.2.0 OK for: ora@8.2.0 want: ^7.2.0
1200 silly placeDep ROOT strip-ansi@7.2.0 OK for: ora@8.2.0 want: ^7.1.0
1201 silly fetch manifest restore-cursor@^5.0.0
1202 silly packumentCache full:https://registry.npmjs.org/restore-cursor cache-miss
1203 silly fetch manifest is-unicode-supported@^1.3.0
1204 silly packumentCache full:https://registry.npmjs.org/is-unicode-supported cache-hit
1205 silly fetch manifest emoji-regex@^10.3.0
1206 silly packumentCache full:https://registry.npmjs.org/emoji-regex cache-miss
1207 silly fetch manifest get-east-asian-width@^1.0.0
1208 silly packumentCache full:https://registry.npmjs.org/get-east-asian-width cache-miss
1209 http cache https://registry.npmjs.org/restore-cursor 6ms (cache hit)
1210 silly packumentCache full:https://registry.npmjs.org/restore-cursor set size:17895 disposed:false
1211 silly fetch manifest ansi-regex@^6.2.2
1212 silly packumentCache full:https://registry.npmjs.org/ansi-regex cache-miss
1213 http cache https://registry.npmjs.org/emoji-regex 7ms (cache hit)
1214 silly packumentCache full:https://registry.npmjs.org/emoji-regex set size:89064 disposed:false
1215 http cache https://registry.npmjs.org/get-east-asian-width 8ms (cache hit)
1216 silly packumentCache full:https://registry.npmjs.org/get-east-asian-width set size:20538 disposed:false
1217 http cache https://registry.npmjs.org/ansi-regex 5ms (cache hit)
1218 silly packumentCache full:https://registry.npmjs.org/ansi-regex set size:43572 disposed:false
1219 silly placeDep ROOT restore-cursor@5.1.0 OK for: cli-cursor@5.0.0 want: ^5.0.0
1220 silly fetch manifest onetime@^7.0.0
1221 silly packumentCache full:https://registry.npmjs.org/onetime cache-hit
1222 silly placeDep node_modules/log-symbols chalk@5.6.2 OK for: log-symbols@6.0.0 want: ^5.3.0
1223 silly placeDep node_modules/log-symbols is-unicode-supported@1.3.0 OK for: log-symbols@6.0.0 want: ^1.3.0
1224 silly placeDep ROOT error-ex@1.3.4 OK for: parse-json@5.2.0 want: ^1.3.1
1225 silly placeDep ROOT json-parse-even-better-errors@2.3.1 OK for: parse-json@5.2.0 want: ^2.3.0
1226 silly placeDep ROOT lines-and-columns@1.2.4 OK for: parse-json@5.2.0 want: ^1.1.6
1227 silly fetch manifest is-arrayish@^0.2.1
1228 silly packumentCache full:https://registry.npmjs.org/is-arrayish cache-miss
1229 http cache https://registry.npmjs.org/is-arrayish 3ms (cache hit)
1230 silly packumentCache full:https://registry.npmjs.org/is-arrayish set size:15371 disposed:false
1231 silly placeDep ROOT is-arrayish@0.2.1 OK for: error-ex@1.3.4 want: ^0.2.1
1232 silly placeDep ROOT cssesc@3.0.0 OK for: postcss-selector-parser@7.1.1 want: ^3.0.0
1233 silly placeDep ROOT util-deprecate@1.0.2 OK for: postcss-selector-parser@7.1.1 want: ^1.0.2
1234 silly placeDep ROOT parse-ms@4.0.0 OK for: pretty-ms@9.3.0 want: ^4.0.0
1235 silly placeDep node_modules/prompts kleur@3.0.3 OK for: prompts@2.4.2 want: ^3.0.3
1236 silly placeDep ROOT sisteransi@1.0.5 OK for: prompts@2.4.2 want: ^1.0.5
1237 silly placeDep ROOT forwarded@0.2.0 OK for: proxy-addr@2.0.7 want: 0.2.0
1238 silly placeDep ROOT ipaddr.js@1.9.1 OK for: proxy-addr@2.0.7 want: 1.9.1
1239 silly placeDep ROOT unpipe@1.0.0 OK for: raw-body@3.0.2 want: ~1.0.0
1240 silly placeDep ROOT ast-types@0.16.1 OK for: recast@0.23.11 want: ^0.16.1
1241 silly placeDep ROOT esprima@4.0.1 OK for: recast@0.23.11 want: ~4.0.0
1242 silly placeDep ROOT source-map@0.6.1 OK for: recast@0.23.11 want: ~0.6.1
1243 silly placeDep ROOT onetime@7.0.0 OK for: restore-cursor@5.1.0 want: ^7.0.0
1244 silly fetch manifest mimic-function@^5.0.0
1245 silly packumentCache full:https://registry.npmjs.org/mimic-function cache-miss
1246 http cache https://registry.npmjs.org/mimic-function 5ms (cache hit)
1247 silly packumentCache full:https://registry.npmjs.org/mimic-function set size:6356 disposed:false
1248 silly placeDep ROOT mimic-function@5.0.1 OK for: onetime@7.0.0 want: ^5.0.0
1249 silly placeDep ROOT is-promise@4.0.0 OK for: router@2.2.0 want: ^4.0.0
1250 silly placeDep node_modules/router path-to-regexp@8.4.2 OK for: router@2.2.0 want: ^8.0.0
1251 silly placeDep node_modules/string-width emoji-regex@10.6.0 OK for: string-width@7.2.0 want: ^10.3.0
1252 silly placeDep ROOT get-east-asian-width@1.6.0 OK for: string-width@7.2.0 want: ^1.0.0
1253 silly placeDep ROOT get-own-enumerable-keys@1.0.0 OK for: stringify-object@5.0.0 want: ^1.0.0
1254 silly placeDep ROOT is-obj@3.0.0 OK for: stringify-object@5.0.0 want: ^3.0.0
1255 silly placeDep ROOT is-regexp@3.1.0 OK for: stringify-object@5.0.0 want: ^3.1.0
1256 silly placeDep ROOT ansi-regex@6.2.2 OK for: strip-ansi@7.2.0 want: ^6.2.2
1257 silly placeDep ROOT tldts@7.0.30 OK for: tough-cookie@6.0.1 want: ^7.0.5
1258 silly fetch manifest tldts-core@^7.0.30
1259 silly packumentCache full:https://registry.npmjs.org/tldts-core cache-miss
1260 http cache https://registry.npmjs.org/tldts-core 9ms (cache hit)
1261 silly packumentCache full:https://registry.npmjs.org/tldts-core set size:3044074 disposed:false
1262 silly placeDep ROOT tldts-core@7.0.30 OK for: tldts@7.0.30 want: ^7.0.30
1263 silly placeDep ROOT @ts-morph/common@0.27.0 OK for: ts-morph@26.0.0 want: ~0.27.0
1264 silly placeDep ROOT code-block-writer@13.0.3 OK for: ts-morph@26.0.0 want: ^13.0.3
1265 silly fetch manifest minimatch@^10.0.1
1266 silly packumentCache full:https://registry.npmjs.org/minimatch cache-miss
1267 silly fetch manifest path-browserify@^1.0.1
1268 silly packumentCache full:https://registry.npmjs.org/path-browserify cache-miss
1269 http cache https://registry.npmjs.org/path-browserify 21ms (cache hit)
1270 silly packumentCache full:https://registry.npmjs.org/path-browserify set size:17399 disposed:false
1271 http cache https://registry.npmjs.org/minimatch 22ms (cache hit)
1272 silly packumentCache full:https://registry.npmjs.org/minimatch set size:375282 disposed:false
1273 silly placeDep node_modules/@ts-morph/common fast-glob@3.3.3 OK for: @ts-morph/common@0.27.0 want: ^3.3.3
1274 silly placeDep node_modules/@ts-morph/common minimatch@10.2.5 OK for: @ts-morph/common@0.27.0 want: ^10.0.1
1275 silly placeDep ROOT path-browserify@1.0.1 OK for: @ts-morph/common@0.27.0 want: ^1.0.1
1276 silly fetch manifest brace-expansion@^5.0.5
1277 silly packumentCache full:https://registry.npmjs.org/brace-expansion cache-miss
1278 http cache https://registry.npmjs.org/brace-expansion 5ms (cache hit)
1279 silly packumentCache full:https://registry.npmjs.org/brace-expansion set size:70654 disposed:false
1280 silly placeDep ROOT tagged-tag@1.0.0 OK for: type-fest@5.6.0 want: ^1.0.0
1281 silly placeDep node_modules/type-is content-type@2.0.0 OK for: type-is@2.1.0 want: ^2.0.0
1282 silly placeDep ROOT media-typer@1.1.0 OK for: type-is@2.1.0 want: ^1.1.0
1283 silly placeDep ROOT is-wsl@3.1.1 OK for: wsl-utils@0.3.1 want: ^3.1.0
1284 silly placeDep ROOT cliui@8.0.1 OK for: yargs@17.7.2 want: ^8.0.1
1285 silly placeDep ROOT get-caller-file@2.0.5 OK for: yargs@17.7.2 want: ^2.0.5
1286 silly placeDep ROOT require-directory@2.1.1 OK for: yargs@17.7.2 want: ^2.1.1
1287 silly placeDep node_modules/yargs string-width@4.2.3 OK for: yargs@17.7.2 want: ^4.2.3
1288 silly placeDep ROOT y18n@5.0.8 OK for: yargs@17.7.2 want: ^5.0.5
1289 silly placeDep ROOT yargs-parser@21.1.1 OK for: yargs@17.7.2 want: ^21.1.1
1290 silly fetch manifest wrap-ansi@^7.0.0
1291 silly packumentCache full:https://registry.npmjs.org/wrap-ansi cache-miss
1292 silly fetch manifest strip-ansi@^6.0.1
1293 silly packumentCache full:https://registry.npmjs.org/strip-ansi cache-hit
1294 silly fetch manifest string-width@^4.2.0
1295 silly packumentCache full:https://registry.npmjs.org/string-width cache-hit
1296 silly fetch manifest emoji-regex@^8.0.0
1297 silly packumentCache full:https://registry.npmjs.org/emoji-regex cache-hit
1298 silly fetch manifest is-fullwidth-code-point@^3.0.0
1299 silly packumentCache full:https://registry.npmjs.org/is-fullwidth-code-point cache-miss
1300 http cache https://registry.npmjs.org/wrap-ansi 6ms (cache hit)
1301 silly packumentCache full:https://registry.npmjs.org/wrap-ansi set size:55299 disposed:false
1302 http cache https://registry.npmjs.org/is-fullwidth-code-point 5ms (cache hit)
1303 silly packumentCache full:https://registry.npmjs.org/is-fullwidth-code-point set size:14578 disposed:false
1304 silly placeDep node_modules/cliui string-width@4.2.3 OK for: cliui@8.0.1 want: ^4.2.0
1305 silly placeDep node_modules/cliui strip-ansi@6.0.1 OK for: cliui@8.0.1 want: ^6.0.1
1306 silly placeDep ROOT wrap-ansi@7.0.0 OK for: cliui@8.0.1 want: ^7.0.0
1307 silly fetch manifest ansi-regex@^5.0.1
1308 silly packumentCache full:https://registry.npmjs.org/ansi-regex cache-hit
1309 silly fetch manifest strip-ansi@^6.0.0
1310 silly packumentCache full:https://registry.npmjs.org/strip-ansi cache-hit
1311 silly fetch manifest string-width@^4.1.0
1312 silly packumentCache full:https://registry.npmjs.org/string-width cache-hit
1313 silly placeDep node_modules/wrap-ansi string-width@4.2.3 OK for: wrap-ansi@7.0.0 want: ^4.1.0
1314 silly placeDep node_modules/wrap-ansi strip-ansi@6.0.1 OK for: wrap-ansi@7.0.0 want: ^6.0.0
1315 silly placeDep node_modules/@dotenvx/dotenvx get-stream@6.0.1 OK for: execa@5.1.1 want: ^6.0.0
1316 silly placeDep node_modules/@dotenvx/dotenvx human-signals@2.1.0 OK for: execa@5.1.1 want: ^2.1.0
1317 silly placeDep node_modules/@dotenvx/dotenvx is-stream@2.0.1 OK for: execa@5.1.1 want: ^2.0.0
1318 silly placeDep ROOT merge-stream@2.0.0 OK for: execa@5.1.1 want: ^2.0.0
1319 silly placeDep node_modules/@dotenvx/dotenvx npm-run-path@4.0.1 OK for: execa@5.1.1 want: ^4.0.1
1320 silly placeDep node_modules/@dotenvx/dotenvx onetime@5.1.2 OK for: execa@5.1.1 want: ^5.1.2
1321 silly placeDep node_modules/@dotenvx/dotenvx signal-exit@3.0.7 OK for: execa@5.1.1 want: ^3.0.3
1322 silly placeDep node_modules/@dotenvx/dotenvx strip-final-newline@2.0.0 OK for: execa@5.1.1 want: ^2.0.0
1323 silly fetch manifest mimic-fn@^2.1.0
1324 silly packumentCache full:https://registry.npmjs.org/mimic-fn cache-miss
1325 http cache https://registry.npmjs.org/mimic-fn 3ms (cache hit)
1326 silly packumentCache full:https://registry.npmjs.org/mimic-fn set size:22257 disposed:false
1327 silly placeDep ROOT mimic-fn@2.1.0 OK for: onetime@5.1.2 want: ^2.1.0
1328 silly placeDep node_modules/@dotenvx/dotenvx isexe@3.1.5 OK for: which@4.0.0 want: ^3.1.1
1329 silly placeDep ROOT fast-uri@3.1.2 OK for: ajv@8.20.0 want: ^3.0.1
1330 silly placeDep node_modules/@modelcontextprotocol/sdk json-schema-traverse@1.0.0 OK for: ajv@8.20.0 want: ^1.0.0
1331 silly placeDep ROOT require-from-string@2.0.2 OK for: ajv@8.20.0 want: ^2.0.2
1332 silly placeDep node_modules/@ts-morph/common glob-parent@5.1.2 OK for: fast-glob@3.3.3 want: ^5.1.2
1333 silly placeDep node_modules/@ts-morph/common brace-expansion@5.0.6 OK for: minimatch@10.2.5 want: ^5.0.5
1334 silly fetch manifest balanced-match@^4.0.2
1335 silly packumentCache full:https://registry.npmjs.org/balanced-match cache-miss
1336 http cache https://registry.npmjs.org/balanced-match 3ms (cache hit)
1337 silly packumentCache full:https://registry.npmjs.org/balanced-match set size:39082 disposed:false
1338 silly placeDep node_modules/@ts-morph/common balanced-match@4.0.4 OK for: brace-expansion@5.0.6 want: ^4.0.2
1339 silly placeDep node_modules/ajv-formats json-schema-traverse@1.0.0 OK for: ajv@8.20.0 want: ^1.0.0
1340 silly placeDep node_modules/cliui emoji-regex@8.0.0 OK for: string-width@4.2.3 want: ^8.0.0
1341 silly placeDep ROOT is-fullwidth-code-point@3.0.0 OK for: string-width@4.2.3 want: ^3.0.0
1342 silly placeDep node_modules/cliui ansi-regex@5.0.1 OK for: strip-ansi@6.0.1 want: ^5.0.1
1343 silly placeDep node_modules/shadcn glob-parent@5.1.2 OK for: fast-glob@3.3.3 want: ^5.1.2
1344 silly placeDep node_modules/wrap-ansi emoji-regex@8.0.0 OK for: string-width@4.2.3 want: ^8.0.0
1345 silly placeDep node_modules/wrap-ansi ansi-regex@5.0.1 OK for: strip-ansi@6.0.1 want: ^5.0.1
1346 silly placeDep node_modules/yargs emoji-regex@8.0.0 OK for: string-width@4.2.3 want: ^8.0.0
1347 silly placeDep node_modules/yargs strip-ansi@6.0.1 OK for: string-width@4.2.3 want: ^6.0.1
1348 silly placeDep node_modules/yargs ansi-regex@5.0.1 OK for: strip-ansi@6.0.1 want: ^5.0.1
1349 silly reify moves {}
1350 silly audit bulk request {
1350 silly audit   '@alloc/quick-lru': [ '5.2.0' ],
1350 silly audit   '@babel/code-frame': [ '7.29.0' ],
1350 silly audit   '@babel/compat-data': [ '7.29.3' ],
1350 silly audit   '@babel/core': [ '7.29.0' ],
1350 silly audit   '@babel/generator': [ '7.29.1' ],
1350 silly audit   '@babel/helper-compilation-targets': [ '7.28.6' ],
1350 silly audit   '@babel/helper-globals': [ '7.28.0' ],
1350 silly audit   '@babel/helper-module-imports': [ '7.28.6' ],
1350 silly audit   '@babel/helper-module-transforms': [ '7.28.6' ],
1350 silly audit   '@babel/helper-string-parser': [ '7.27.1' ],
1350 silly audit   '@babel/helper-validator-identifier': [ '7.28.5' ],
1350 silly audit   '@babel/helper-validator-option': [ '7.27.1' ],
1350 silly audit   '@babel/helpers': [ '7.29.2' ],
1350 silly audit   '@babel/parser': [ '7.29.3' ],
1350 silly audit   '@babel/template': [ '7.28.6' ],
1350 silly audit   '@babel/traverse': [ '7.29.0' ],
1350 silly audit   '@babel/types': [ '7.29.0' ],
1350 silly audit   '@emnapi/core': [ '1.10.0' ],
1350 silly audit   '@emnapi/runtime': [ '1.10.0' ],
1350 silly audit   '@emnapi/wasi-threads': [ '1.2.1' ],
1350 silly audit   '@eslint-community/eslint-utils': [ '4.9.1' ],
1350 silly audit   'eslint-visitor-keys': [ '3.4.3', '5.0.1', '4.2.1' ],
1350 silly audit   '@eslint-community/regexpp': [ '4.12.2' ],
1350 silly audit   '@eslint/config-array': [ '0.21.2' ],
1350 silly audit   '@eslint/config-helpers': [ '0.4.2' ],
1350 silly audit   '@eslint/core': [ '0.17.0' ],
1350 silly audit   '@eslint/eslintrc': [ '3.3.5' ],
1350 silly audit   '@eslint/js': [ '9.39.4' ],
1350 silly audit   '@eslint/object-schema': [ '2.1.7' ],
1350 silly audit   '@eslint/plugin-kit': [ '0.4.1' ],
1350 silly audit   '@humanfs/core': [ '0.19.2' ],
1350 silly audit   '@humanfs/node': [ '0.16.8' ],
1350 silly audit   '@humanfs/types': [ '0.15.0' ],
1350 silly audit   '@humanwhocodes/module-importer': [ '1.0.1' ],
1350 silly audit   '@humanwhocodes/retry': [ '0.4.3' ],
1350 silly audit   '@img/colour': [ '1.1.0' ],
1350 silly audit   '@img/sharp-darwin-arm64': [ '0.34.5' ],
1350 silly audit   '@img/sharp-darwin-x64': [ '0.34.5' ],
1350 silly audit   '@img/sharp-libvips-darwin-arm64': [ '1.2.4' ],
1350 silly audit   '@img/sharp-libvips-darwin-x64': [ '1.2.4' ],
1350 silly audit   '@img/sharp-libvips-linux-arm': [ '1.2.4' ],
1350 silly audit   '@img/sharp-libvips-linux-arm64': [ '1.2.4' ],
1350 silly audit   '@img/sharp-libvips-linux-ppc64': [ '1.2.4' ],
1350 silly audit   '@img/sharp-libvips-linux-riscv64': [ '1.2.4' ],
1350 silly audit   '@img/sharp-libvips-linux-s390x': [ '1.2.4' ],
1350 silly audit   '@img/sharp-libvips-linux-x64': [ '1.2.4' ],
1350 silly audit   '@img/sharp-libvips-linuxmusl-arm64': [ '1.2.4' ],
1350 silly audit   '@img/sharp-libvips-linuxmusl-x64': [ '1.2.4' ],
1350 silly audit   '@img/sharp-linux-arm': [ '0.34.5' ],
1350 silly audit   '@img/sharp-linux-arm64': [ '0.34.5' ],
1350 silly audit   '@img/sharp-linux-ppc64': [ '0.34.5' ],
1350 silly audit   '@img/sharp-linux-riscv64': [ '0.34.5' ],
1350 silly audit   '@img/sharp-linux-s390x': [ '0.34.5' ],
1350 silly audit   '@img/sharp-linux-x64': [ '0.34.5' ],
1350 silly audit   '@img/sharp-linuxmusl-arm64': [ '0.34.5' ],
1350 silly audit   '@img/sharp-linuxmusl-x64': [ '0.34.5' ],
1350 silly audit   '@img/sharp-wasm32': [ '0.34.5' ],
1350 silly audit   '@img/sharp-win32-arm64': [ '0.34.5' ],
1350 silly audit   '@img/sharp-win32-ia32': [ '0.34.5' ],
1350 silly audit   '@img/sharp-win32-x64': [ '0.34.5' ],
1350 silly audit   '@jridgewell/gen-mapping': [ '0.3.13' ],
1350 silly audit   '@jridgewell/remapping': [ '2.3.5' ],
1350 silly audit   '@jridgewell/resolve-uri': [ '3.1.2' ],
1350 silly audit   '@jridgewell/sourcemap-codec': [ '1.5.5' ],
1350 silly audit   '@jridgewell/trace-mapping': [ '0.3.31' ],
1350 silly audit   '@napi-rs/wasm-runtime': [ '0.2.12' ],
1350 silly audit   '@next/env': [ '16.2.6' ],
1350 silly audit   '@next/eslint-plugin-next': [ '16.2.6' ],
1350 silly audit   '@next/swc-darwin-arm64': [ '16.2.6' ],
1350 silly audit   '@next/swc-darwin-x64': [ '16.2.6' ],
1350 silly audit   '@next/swc-linux-arm64-gnu': [ '16.2.6' ],
1350 silly audit   '@next/swc-linux-arm64-musl': [ '16.2.6' ],
1350 silly audit   '@next/swc-linux-x64-gnu': [ '16.2.6' ],
1350 silly audit   '@next/swc-linux-x64-musl': [ '16.2.6' ],
1350 silly audit   '@next/swc-win32-arm64-msvc': [ '16.2.6' ],
1350 silly audit   '@next/swc-win32-x64-msvc': [ '16.2.6' ],
1350 silly audit   '@nodelib/fs.scandir': [ '2.1.5' ],
1350 silly audit   '@nodelib/fs.stat': [ '2.0.5' ],
1350 silly audit   '@nodelib/fs.walk': [ '1.2.8' ],
1350 silly audit   '@nolyfill/is-core-module': [ '1.0.39' ],
1350 silly audit   '@radix-ui/react-compose-refs': [ '1.1.2' ],
1350 silly audit   '@radix-ui/react-slot': [ '1.2.4' ],
1350 silly audit   '@reduxjs/toolkit': [ '2.12.0' ],
1350 silly audit   immer: [ '11.1.8', '10.2.0' ],
1350 silly audit   '@rtsao/scc': [ '1.1.0' ],
1350 silly audit   '@standard-schema/spec': [ '1.1.0' ],
1350 silly audit   '@standard-schema/utils': [ '0.3.0' ],
1350 silly audit   '@swc/helpers': [ '0.5.15' ],
1350 silly audit   '@tailwindcss/node': [ '4.3.0' ],
1350 silly audit   '@tailwindcss/oxide': [ '4.3.0' ],
1350 silly audit   '@tailwindcss/oxide-android-arm64': [ '4.3.0' ],
1350 silly audit   '@tailwindcss/oxide-darwin-arm64': [ '4.3.0' ],
1350 silly audit   '@tailwindcss/oxide-darwin-x64': [ '4.3.0' ],
1350 silly audit   '@tailwindcss/oxide-freebsd-x64': [ '4.3.0' ],
1350 silly audit   '@tailwindcss/oxide-linux-arm-gnueabihf': [ '4.3.0' ],
1350 silly audit   '@tailwindcss/oxide-linux-arm64-gnu': [ '4.3.0' ],
1350 silly audit   '@tailwindcss/oxide-linux-arm64-musl': [ '4.3.0' ],
1350 silly audit   '@tailwindcss/oxide-linux-x64-gnu': [ '4.3.0' ],
1350 silly audit   '@tailwindcss/oxide-linux-x64-musl': [ '4.3.0' ],
1350 silly audit   '@tailwindcss/oxide-wasm32-wasi': [ '4.3.0' ],
1350 silly audit   '@tailwindcss/oxide-win32-arm64-msvc': [ '4.3.0' ],
1350 silly audit   '@tailwindcss/oxide-win32-x64-msvc': [ '4.3.0' ],
1350 silly audit   '@tailwindcss/postcss': [ '4.3.0' ],
1350 silly audit   '@tybys/wasm-util': [ '0.10.2' ],
1350 silly audit   '@types/d3-array': [ '3.2.2' ],
1350 silly audit   '@types/d3-color': [ '3.1.3' ],
1350 silly audit   '@types/d3-ease': [ '3.0.2' ],
1350 silly audit   '@types/d3-interpolate': [ '3.0.4' ],
1350 silly audit   '@types/d3-path': [ '3.1.1' ],
1350 silly audit   '@types/d3-scale': [ '4.0.9' ],
1350 silly audit   '@types/d3-shape': [ '3.1.8' ],
1350 silly audit   '@types/d3-time': [ '3.0.4' ],
1350 silly audit   '@types/d3-timer': [ '3.0.2' ],
1350 silly audit   '@types/estree': [ '1.0.9' ],
1350 silly audit   '@types/json-schema': [ '7.0.15' ],
1350 silly audit   '@types/json5': [ '0.0.29' ],
1350 silly audit   '@types/node': [ '20.19.41' ],
1350 silly audit   '@types/react': [ '19.2.14' ],
1350 silly audit   '@types/react-dom': [ '19.2.3' ],
1350 silly audit   '@types/use-sync-external-store': [ '0.0.6' ],
1350 silly audit   '@typescript-eslint/eslint-plugin': [ '8.59.3' ],
1350 silly audit   ignore: [ '7.0.5', '5.3.2' ],
1350 silly audit   '@typescript-eslint/parser': [ '8.59.3' ],
1350 silly audit   '@typescript-eslint/project-service': [ '8.59.3' ],
1350 silly audit   '@typescript-eslint/scope-manager': [ '8.59.3' ],
1350 silly audit   '@typescript-eslint/tsconfig-utils': [ '8.59.3' ],
1350 silly audit   '@typescript-eslint/type-utils': [ '8.59.3' ],
1350 silly audit   '@typescript-eslint/types': [ '8.59.3' ],
1350 silly audit   '@typescript-eslint/typescript-estree': [ '8.59.3' ],
1350 silly audit   'balanced-match': [ '4.0.4', '1.0.2' ],
1350 silly audit   'brace-expansion': [ '5.0.6', '1.1.14' ],
1350 silly audit   minimatch: [ '10.2.5', '3.1.5' ],
1350 silly audit   semver: [ '7.8.0', '6.3.1' ],
1350 silly audit   '@typescript-eslint/utils': [ '8.59.3' ],
1350 silly audit   '@typescript-eslint/visitor-keys': [ '8.59.3' ],
1350 silly audit   '@unrs/resolver-binding-android-arm-eabi': [ '1.11.1' ],
1350 silly audit   '@unrs/resolver-binding-android-arm64': [ '1.11.1' ],
1350 silly audit   '@unrs/resolver-binding-darwin-arm64': [ '1.11.1' ],
1350 silly audit   '@unrs/resolver-binding-darwin-x64': [ '1.11.1' ],
1350 silly audit   '@unrs/resolver-binding-freebsd-x64': [ '1.11.1' ],
1350 silly audit   '@unrs/resolver-binding-linux-arm-gnueabihf': [ '1.11.1' ],
1350 silly audit   '@unrs/resolver-binding-linux-arm-musleabihf': [ '1.11.1' ],
1350 silly audit   '@unrs/resolver-binding-linux-arm64-gnu': [ '1.11.1' ],
1350 silly audit   '@unrs/resolver-binding-linux-arm64-musl': [ '1.11.1' ],
1350 silly audit   '@unrs/resolver-binding-linux-ppc64-gnu': [ '1.11.1' ],
1350 silly audit   '@unrs/resolver-binding-linux-riscv64-gnu': [ '1.11.1' ],
1350 silly audit   '@unrs/resolver-binding-linux-riscv64-musl': [ '1.11.1' ],
1350 silly audit   '@unrs/resolver-binding-linux-s390x-gnu': [ '1.11.1' ],
1350 silly audit   '@unrs/resolver-binding-linux-x64-gnu': [ '1.11.1' ],
1350 silly audit   '@unrs/resolver-binding-linux-x64-musl': [ '1.11.1' ],
1350 silly audit   '@unrs/resolver-binding-wasm32-wasi': [ '1.11.1' ],
1350 silly audit   '@unrs/resolver-binding-win32-arm64-msvc': [ '1.11.1' ],
1350 silly audit   '@unrs/resolver-binding-win32-ia32-msvc': [ '1.11.1' ],
1350 silly audit   '@unrs/resolver-binding-win32-x64-msvc': [ '1.11.1' ],
1350 silly audit   acorn: [ '8.16.0' ],
1350 silly audit   'acorn-jsx': [ '5.3.2' ],
1350 silly audit   ajv: [ '6.15.0', '8.20.0' ],
1350 silly audit   'ansi-styles': [ '4.3.0' ],
1350 silly audit   argparse: [ '2.0.1' ],
1350 silly audit   'aria-query': [ '5.3.2' ],
1350 silly audit   'array-buffer-byte-length': [ '1.0.2' ],
1350 silly audit   'array-includes': [ '3.1.9' ],
1350 silly audit   'array.prototype.findlast': [ '1.2.5' ],
1350 silly audit   'array.prototype.findlastindex': [ '1.2.6' ],
1350 silly audit   'array.prototype.flat': [ '1.3.3' ],
1350 silly audit   'array.prototype.flatmap': [ '1.3.3' ],
1350 silly audit   'array.prototype.tosorted': [ '1.1.4' ],
1350 silly audit   'arraybuffer.prototype.slice': [ '1.0.4' ],
1350 silly audit   'ast-types-flow': [ '0.0.8' ],
1350 silly audit   'async-function': [ '1.0.0' ],
1350 silly audit   'available-typed-arrays': [ '1.0.7' ],
1350 silly audit   'axe-core': [ '4.11.4' ],
1350 silly audit   'axobject-query': [ '4.1.0' ],
1350 silly audit   'baseline-browser-mapping': [ '2.10.29' ],
1350 silly audit   braces: [ '3.0.3' ],
1350 silly audit   browserslist: [ '4.28.2' ],
1350 silly audit   'call-bind': [ '1.0.9' ],
1350 silly audit   'call-bind-apply-helpers': [ '1.0.2' ],
1350 silly audit   'call-bound': [ '1.0.4' ],
1350 silly audit   callsites: [ '3.1.0' ],
1350 silly audit   'caniuse-lite': [ '1.0.30001792' ],
1350 silly audit   chalk: [ '4.1.2', '5.6.2' ],
1350 silly audit   'client-only': [ '0.0.1' ],
1350 silly audit   'color-convert': [ '2.0.1' ],
1350 silly audit   'color-name': [ '1.1.4' ],
1350 silly audit   'concat-map': [ '0.0.1' ],
1350 silly audit   'convert-source-map': [ '2.0.0' ],
1350 silly audit   'cross-spawn': [ '7.0.6' ],
1350 silly audit   csstype: [ '3.2.3' ],
1350 silly audit   'd3-array': [ '3.2.4' ],
1350 silly audit   'd3-color': [ '3.1.0' ],
1350 silly audit   'd3-ease': [ '3.0.1' ],
1350 silly audit   'd3-format': [ '3.1.2' ],
1350 silly audit   'd3-interpolate': [ '3.0.1' ],
1350 silly audit   'd3-path': [ '3.1.0' ],
1350 silly audit   'd3-scale': [ '4.0.2' ],
1350 silly audit   'd3-shape': [ '3.2.0' ],
1350 silly audit   'd3-time': [ '3.1.0' ],
1350 silly audit   'd3-time-format': [ '4.1.0' ],
1350 silly audit   'd3-timer': [ '3.0.1' ],
1350 silly audit   'damerau-levenshtein': [ '1.0.8' ],
1350 silly audit   'data-view-buffer': [ '1.0.2' ],
1350 silly audit   'data-view-byte-length': [ '1.0.2' ],
1350 silly audit   'data-view-byte-offset': [ '1.0.1' ],
1350 silly audit   debug: [ '4.4.3', '3.2.7' ],
1350 silly audit   'decimal.js-light': [ '2.5.1' ],
1350 silly audit   'deep-is': [ '0.1.4' ],
1350 silly audit   'define-data-property': [ '1.1.4' ],
1350 silly audit   'define-properties': [ '1.2.1' ],
1350 silly audit   'detect-libc': [ '2.1.2' ],
1350 silly audit   doctrine: [ '2.1.0' ],
1350 silly audit   'dunder-proto': [ '1.0.1' ],
1350 silly audit   'electron-to-chromium': [ '1.5.357' ],
1350 silly audit   'emoji-regex': [ '9.2.2', '10.6.0', '8.0.0' ],
1350 silly audit   'enhanced-resolve': [ '5.21.3' ],
1350 silly audit   'es-abstract': [ '1.24.2' ],
1350 silly audit   'es-define-property': [ '1.0.1' ],
1350 silly audit   'es-errors': [ '1.3.0' ],
1350 silly audit   'es-iterator-helpers': [ '1.3.2' ],
1350 silly audit   'es-object-atoms': [ '1.1.1' ],
1350 silly audit   'es-set-tostringtag': [ '2.1.0' ],
1350 silly audit   'es-shim-unscopables': [ '1.1.0' ],
1350 silly audit   'es-to-primitive': [ '1.3.0' ],
1350 silly audit   'es-toolkit': [ '1.46.1' ],
1350 silly audit   escalade: [ '3.2.0' ],
1350 silly audit   'escape-string-regexp': [ '4.0.0' ],
1350 silly audit   eslint: [ '9.39.4' ],
1350 silly audit   'eslint-config-next': [ '16.2.6' ],
1350 silly audit   globals: [ '16.4.0', '14.0.0' ],
1350 silly audit   'eslint-import-resolver-node': [ '0.3.10' ],
1350 silly audit   'eslint-import-resolver-typescript': [ '3.10.1' ],
1350 silly audit   'eslint-module-utils': [ '2.12.1' ],
1350 silly audit   'eslint-plugin-import': [ '2.32.0' ],
1350 silly audit   'eslint-plugin-jsx-a11y': [ '6.10.2' ],
1350 silly audit   'eslint-plugin-react': [ '7.37.5' ],
1350 silly audit   'eslint-plugin-react-hooks': [ '7.1.1' ],
1350 silly audit   'eslint-scope': [ '8.4.0' ],
1350 silly audit   espree: [ '10.4.0' ],
1350 silly audit   esquery: [ '1.7.0' ],
1350 silly audit   esrecurse: [ '4.3.0' ],
1350 silly audit   estraverse: [ '5.3.0' ],
1350 silly audit   esutils: [ '2.0.3' ],
1350 silly audit   eventemitter3: [ '5.0.4' ],
1350 silly audit   'fast-deep-equal': [ '3.1.3' ],
1350 silly audit   'fast-glob': [ '3.3.1', '3.3.3' ],
1350 silly audit   'glob-parent': [ '5.1.2', '6.0.2' ],
1350 silly audit   'fast-json-stable-stringify': [ '2.1.0' ],
1350 silly audit   'fast-levenshtein': [ '2.0.6' ],
1350 silly audit   fastq: [ '1.20.1' ],
1350 silly audit   'file-entry-cache': [ '8.0.0' ],
1350 silly audit   'fill-range': [ '7.1.1' ],
1350 silly audit   'find-up': [ '5.0.0' ],
1350 silly audit   'flat-cache': [ '4.0.1' ],
1350 silly audit   flatted: [ '3.4.2' ],
1350 silly audit   'for-each': [ '0.3.5' ],
1350 silly audit   'function-bind': [ '1.1.2' ],
1350 silly audit   'function.prototype.name': [ '1.1.8' ],
1350 silly audit   'functions-have-names': [ '1.2.3' ],
1350 silly audit   'generator-function': [ '2.0.1' ],
1350 silly audit   gensync: [ '1.0.0-beta.2' ],
1350 silly audit   'get-intrinsic': [ '1.3.0' ],
1350 silly audit   'get-proto': [ '1.0.1' ],
1350 silly audit   'get-symbol-description': [ '1.1.0' ],
1350 silly audit   'get-tsconfig': [ '4.14.0' ],
1350 silly audit   globalthis: [ '1.0.4' ],
1350 silly audit   gopd: [ '1.2.0' ],
1350 silly audit   'graceful-fs': [ '4.2.11' ],
1350 silly audit   'has-bigints': [ '1.1.0' ],
1350 silly audit   'has-flag': [ '4.0.0' ],
1350 silly audit   'has-property-descriptors': [ '1.0.2' ],
1350 silly audit   'has-proto': [ '1.2.0' ],
1350 silly audit   'has-symbols': [ '1.1.0' ],
1350 silly audit   'has-tostringtag': [ '1.0.2' ],
1350 silly audit   hasown: [ '2.0.3' ],
1350 silly audit   'hermes-estree': [ '0.25.1' ],
1350 silly audit   'hermes-parser': [ '0.25.1' ],
1350 silly audit   'import-fresh': [ '3.3.1' ],
1350 silly audit   imurmurhash: [ '0.1.4' ],
1350 silly audit   'internal-slot': [ '1.1.0' ],
1350 silly audit   internmap: [ '2.0.3' ],
1350 silly audit   'is-array-buffer': [ '3.0.5' ],
1350 silly audit   'is-async-function': [ '2.1.1' ],
1350 silly audit   'is-bigint': [ '1.1.0' ],
1350 silly audit   'is-boolean-object': [ '1.2.2' ],
1350 silly audit   'is-bun-module': [ '2.0.0' ],
1350 silly audit   'is-callable': [ '1.2.7' ],
1350 silly audit   'is-core-module': [ '2.16.2' ],
1350 silly audit   'is-data-view': [ '1.0.2' ],
1350 silly audit   'is-date-object': [ '1.1.0' ],
1350 silly audit   'is-extglob': [ '2.1.1' ],
1350 silly audit   'is-finalizationregistry': [ '1.1.1' ],
1350 silly audit   'is-generator-function': [ '1.1.2' ],
1350 silly audit   'is-glob': [ '4.0.3' ],
1350 silly audit   'is-map': [ '2.0.3' ],
1350 silly audit   'is-negative-zero': [ '2.0.3' ],
1350 silly audit   'is-number': [ '7.0.0' ],
1350 silly audit   'is-number-object': [ '1.1.1' ],
1350 silly audit   'is-regex': [ '1.2.1' ],
1350 silly audit   'is-set': [ '2.0.3' ],
1350 silly audit   'is-shared-array-buffer': [ '1.0.4' ],
1350 silly audit   'is-string': [ '1.1.1' ],
1350 silly audit   'is-symbol': [ '1.1.1' ],
1350 silly audit   'is-typed-array': [ '1.1.15' ],
1350 silly audit   'is-weakmap': [ '2.0.2' ],
1350 silly audit   'is-weakref': [ '1.1.1' ],
1350 silly audit   'is-weakset': [ '2.0.4' ],
1350 silly audit   isarray: [ '2.0.5' ],
1350 silly audit   isexe: [ '2.0.0', '3.1.5' ],
1350 silly audit   'iterator.prototype': [ '1.1.5' ],
1350 silly audit   jiti: [ '2.7.0' ],
1350 silly audit   'js-tokens': [ '4.0.0' ],
1350 silly audit   'js-yaml': [ '4.1.1' ],
1350 silly audit   jsesc: [ '3.1.0' ],
1350 silly audit   'json-buffer': [ '3.0.1' ],
1350 silly audit   'json-schema-traverse': [ '0.4.1', '1.0.0' ],
1350 silly audit   'json-stable-stringify-without-jsonify': [ '1.0.1' ],
1350 silly audit   json5: [ '2.2.3', '1.0.2' ],
1350 silly audit   'jsx-ast-utils': [ '3.3.5' ],
1350 silly audit   keyv: [ '4.5.4' ],
1350 silly audit   'language-subtag-registry': [ '0.3.23' ],
1350 silly audit   'language-tags': [ '1.0.9' ],
1350 silly audit   levn: [ '0.4.1' ],
1350 silly audit   lightningcss: [ '1.32.0' ],
1350 silly audit   'lightningcss-android-arm64': [ '1.32.0' ],
1350 silly audit   'lightningcss-darwin-arm64': [ '1.32.0' ],
1350 silly audit   'lightningcss-darwin-x64': [ '1.32.0' ],
1350 silly audit   'lightningcss-freebsd-x64': [ '1.32.0' ],
1350 silly audit   'lightningcss-linux-arm-gnueabihf': [ '1.32.0' ],
1350 silly audit   'lightningcss-linux-arm64-gnu': [ '1.32.0' ],
1350 silly audit   'lightningcss-linux-arm64-musl': [ '1.32.0' ],
1350 silly audit   'lightningcss-linux-x64-gnu': [ '1.32.0' ],
1350 silly audit   'lightningcss-linux-x64-musl': [ '1.32.0' ],
1350 silly audit   'lightningcss-win32-arm64-msvc': [ '1.32.0' ],
1350 silly audit   'lightningcss-win32-x64-msvc': [ '1.32.0' ],
1350 silly audit   'locate-path': [ '6.0.0' ],
1350 silly audit   'lodash.merge': [ '4.6.2' ],
1350 silly audit   'loose-envify': [ '1.4.0' ],
1350 silly audit   'lru-cache': [ '5.1.1' ],
1350 silly audit   'magic-string': [ '0.30.21' ],
1350 silly audit   'math-intrinsics': [ '1.1.0' ],
1350 silly audit   merge2: [ '1.4.1' ],
1350 silly audit   micromatch: [ '4.0.8' ],
1350 silly audit   minimist: [ '1.2.8' ],
1350 silly audit   ms: [ '2.1.3' ],
1350 silly audit   nanoid: [ '3.3.12' ],
1350 silly audit   'napi-postinstall': [ '0.3.4' ],
1350 silly audit   'natural-compare': [ '1.4.0' ],
1350 silly audit   next: [ '16.2.6' ],
1350 silly audit   postcss: [ '8.4.31', '8.5.14' ],
1350 silly audit   'node-exports-info': [ '1.6.0' ],
1350 silly audit   'node-releases': [ '2.0.44' ],
1350 silly audit   'object-assign': [ '4.1.1' ],
1350 silly audit   'object-inspect': [ '1.13.4' ],
1350 silly audit   'object-keys': [ '1.1.1' ],
1350 silly audit   'object.assign': [ '4.1.7' ],
1350 silly audit   'object.entries': [ '1.1.9' ],
1350 silly audit   'object.fromentries': [ '2.0.8' ],
1350 silly audit   'object.groupby': [ '1.0.3' ],
1350 silly audit   'object.values': [ '1.2.1' ],
1350 silly audit   optionator: [ '0.9.4' ],
1350 silly audit   'own-keys': [ '1.0.1' ],
1350 silly audit   'p-limit': [ '3.1.0' ],
1350 silly audit   'p-locate': [ '5.0.0' ],
1350 silly audit   'parent-module': [ '1.0.1' ],
1350 silly audit   'path-exists': [ '4.0.0' ],
1350 silly audit   'path-key': [ '3.1.1', '4.0.0' ],
1350 silly audit   'path-parse': [ '1.0.7' ],
1350 silly audit   picocolors: [ '1.1.1' ],
1350 silly audit   picomatch: [ '2.3.2', '4.0.4' ],
1350 silly audit   'possible-typed-array-names': [ '1.1.0' ],
1350 silly audit   'prelude-ls': [ '1.2.1' ],
1350 silly audit   'prop-types': [ '15.8.1' ],
1350 silly audit   punycode: [ '2.3.1' ],
1350 silly audit   'queue-microtask': [ '1.2.3' ],
1350 silly audit   react: [ '19.2.4' ],
1350 silly audit   'react-dom': [ '19.2.4' ],
1350 silly audit   'react-is': [ '16.13.1' ],
1350 silly audit   'react-redux': [ '9.3.0' ],
1350 silly audit   recharts: [ '3.8.1' ],
1350 silly audit   redux: [ '5.0.1' ],
1350 silly audit   'redux-thunk': [ '3.1.0' ],
1350 silly audit   'reflect.getprototypeof': [ '1.0.10' ],
1350 silly audit   'regexp.prototype.flags': [ '1.5.4' ],
1350 silly audit   reselect: [ '5.1.1' ],
1350 silly audit   resolve: [ '2.0.0-next.7' ],
1350 silly audit   'resolve-from': [ '4.0.0' ],
1350 silly audit   'resolve-pkg-maps': [ '1.0.0' ],
1350 silly audit   reusify: [ '1.1.0' ],
1350 silly audit   'run-parallel': [ '1.2.0' ],
1350 silly audit   'safe-array-concat': [ '1.1.4' ],
1350 silly audit   'safe-push-apply': [ '1.0.0' ],
1350 silly audit   'safe-regex-test': [ '1.1.0' ],
1350 silly audit   scheduler: [ '0.27.0' ],
1350 silly audit   'set-function-length': [ '1.2.2' ],
1350 silly audit   'set-function-name': [ '2.0.2' ],
1350 silly audit   'set-proto': [ '1.0.0' ],
1350 silly audit   sharp: [ '0.34.5' ],
1350 silly audit   'shebang-command': [ '2.0.0' ],
1350 silly audit   'shebang-regex': [ '3.0.0' ],
1350 silly audit   'side-channel': [ '1.1.0' ],
1350 silly audit   'side-channel-list': [ '1.0.1' ],
1350 silly audit   'side-channel-map': [ '1.0.1' ],
1350 silly audit   'side-channel-weakmap': [ '1.0.2' ],
1350 silly audit   'source-map-js': [ '1.2.1' ],
1350 silly audit   'stable-hash': [ '0.0.5' ],
1350 silly audit   'stop-iteration-iterator': [ '1.1.0' ],
1350 silly audit   'string.prototype.includes': [ '2.0.1' ],
1350 silly audit   'string.prototype.matchall': [ '4.0.12' ],
1350 silly audit   'string.prototype.repeat': [ '1.0.0' ],
1350 silly audit   'string.prototype.trim': [ '1.2.10' ],
1350 silly audit   'string.prototype.trimend': [ '1.0.9' ],
1350 silly audit   'string.prototype.trimstart': [ '1.0.8' ],
1350 silly audit   'strip-bom': [ '3.0.0' ],
1350 silly audit   'strip-json-comments': [ '3.1.1' ],
1350 silly audit   'styled-jsx': [ '5.1.6' ],
1350 silly audit   'supports-color': [ '7.2.0' ],
1350 silly audit   'supports-preserve-symlinks-flag': [ '1.0.0' ],
1350 silly audit   tailwindcss: [ '4.3.0' ],
1350 silly audit   tapable: [ '2.3.3' ],
1350 silly audit   'tiny-invariant': [ '1.3.3' ],
1350 silly audit   tinyglobby: [ '0.2.16' ],
1350 silly audit   fdir: [ '6.5.0' ],
1350 silly audit   'to-regex-range': [ '5.0.1' ],
1350 silly audit   'ts-api-utils': [ '2.5.0' ],
1350 silly audit   'tsconfig-paths': [ '3.15.0', '4.2.0' ],
1350 silly audit   tslib: [ '2.8.1' ],
1350 silly audit   'type-check': [ '0.4.0' ],
1350 silly audit   'typed-array-buffer': [ '1.0.3' ],
1350 silly audit   'typed-array-byte-length': [ '1.0.3' ],
1350 silly audit   'typed-array-byte-offset': [ '1.0.4' ],
1350 silly audit   'typed-array-length': [ '1.0.7' ],
1350 silly audit   typescript: [ '5.9.3' ],
1350 silly audit   'typescript-eslint': [ '8.59.3' ],
1350 silly audit   'unbox-primitive': [ '1.1.0' ],
1350 silly audit   'undici-types': [ '6.21.0' ],
1350 silly audit   'unrs-resolver': [ '1.11.1' ],
1350 silly audit   'update-browserslist-db': [ '1.2.3' ],
1350 silly audit   'uri-js': [ '4.4.1' ],
1350 silly audit   'use-sync-external-store': [ '1.6.0' ],
1350 silly audit   'victory-vendor': [ '37.3.6' ],
1350 silly audit   which: [ '2.0.2', '4.0.0' ],
1350 silly audit   'which-boxed-primitive': [ '1.1.1' ],
1350 silly audit   'which-builtin-type': [ '1.2.1' ],
1350 silly audit   'which-collection': [ '1.0.2' ],
1350 silly audit   'which-typed-array': [ '1.1.20' ],
1350 silly audit   'word-wrap': [ '1.2.5' ],
1350 silly audit   yallist: [ '3.1.1' ],
1350 silly audit   'yocto-queue': [ '0.1.0' ],
1350 silly audit   zod: [ '4.4.3', '3.25.76' ],
1350 silly audit   'zod-validation-error': [ '4.0.2' ],
1350 silly audit   '@base-ui/react': [ '1.4.1' ],
1350 silly audit   'class-variance-authority': [ '0.7.1' ],
1350 silly audit   clsx: [ '2.1.1' ],
1350 silly audit   'lucide-react': [ '1.16.0' ],
1350 silly audit   shadcn: [ '4.7.0' ],
1350 silly audit   'tailwind-merge': [ '3.6.0' ],
1350 silly audit   'tw-animate-css': [ '1.4.0' ],
1350 silly audit   '@babel/runtime': [ '7.29.2' ],
1350 silly audit   '@base-ui/utils': [ '0.2.8' ],
1350 silly audit   '@floating-ui/react-dom': [ '2.1.8' ],
1350 silly audit   '@floating-ui/utils': [ '0.2.11' ],
1350 silly audit   '@floating-ui/dom': [ '1.7.6' ],
1350 silly audit   '@floating-ui/core': [ '1.7.5' ],
1350 silly audit   '@babel/plugin-transform-typescript': [ '7.28.6' ],
1350 silly audit   '@babel/preset-typescript': [ '7.28.5' ],
1350 silly audit   '@dotenvx/dotenvx': [ '1.66.0' ],
1350 silly audit   '@modelcontextprotocol/sdk': [ '1.29.0' ],
1350 silly audit   '@types/validate-npm-package-name': [ '4.0.2' ],
1350 silly audit   commander: [ '14.0.3', '11.1.0' ],
1350 silly audit   cosmiconfig: [ '9.0.1' ],
1350 silly audit   dedent: [ '1.7.2' ],
1350 silly audit   deepmerge: [ '4.3.1' ],
1350 silly audit   diff: [ '8.0.4' ],
1350 silly audit   execa: [ '9.6.1', '5.1.1' ],
1350 silly audit   'fs-extra': [ '11.3.5' ],
1350 silly audit   fuzzysort: [ '3.1.0' ],
1350 silly audit   'https-proxy-agent': [ '7.0.6' ],
1350 silly audit   kleur: [ '4.1.5', '3.0.3' ],
1350 silly audit   msw: [ '2.14.6' ],
1350 silly audit   'node-fetch': [ '3.3.2' ],
1350 silly audit   open: [ '11.0.0' ],
1350 silly audit   ora: [ '8.2.0' ],
1350 silly audit   'postcss-selector-parser': [ '7.1.1' ],
1350 silly audit   prompts: [ '2.4.2' ],
1350 silly audit   recast: [ '0.23.11' ],
1350 silly audit   'stringify-object': [ '5.0.0' ],
1350 silly audit   'ts-morph': [ '26.0.0' ],
1350 silly audit   'validate-npm-package-name': [ '7.0.2' ],
1350 silly audit   'zod-to-json-schema': [ '3.25.2' ],
1350 silly audit   '@babel/helper-annotate-as-pure': [ '7.27.3' ],
1350 silly audit   '@babel/helper-create-class-features-plugin': [ '7.29.3' ],
1350 silly audit   '@babel/helper-plugin-utils': [ '7.28.6' ],
1350 silly audit   '@babel/helper-skip-transparent-expression-wrappers': [ '7.27.1' ],
1350 silly audit   '@babel/plugin-syntax-typescript': [ '7.28.6' ],
1350 silly audit   '@babel/helper-member-expression-to-functions': [ '7.28.5' ],
1350 silly audit   '@babel/helper-optimise-call-expression': [ '7.27.1' ],
1350 silly audit   '@babel/helper-replace-supers': [ '7.28.6' ],
1350 silly audit   '@babel/plugin-syntax-jsx': [ '7.28.6' ],
1350 silly audit   '@babel/plugin-transform-modules-commonjs': [ '7.28.6' ],
1350 silly audit   dotenv: [ '17.4.2' ],
1350 silly audit   eciesjs: [ '0.4.18' ],
1350 silly audit   'object-treeify': [ '1.1.33' ],
1350 silly audit   'yocto-spinner': [ '1.2.0' ],
1350 silly audit   '@hono/node-server': [ '1.19.14' ],
1350 silly audit   hono: [ '4.12.18' ],
1350 silly audit   'ajv-formats': [ '3.0.1' ],
1350 silly audit   'content-type': [ '1.0.5', '2.0.0' ],
1350 silly audit   cors: [ '2.8.6' ],
1350 silly audit   eventsource: [ '3.0.7' ],
1350 silly audit   'eventsource-parser': [ '3.0.8' ],
1350 silly audit   express: [ '5.2.1' ],
1350 silly audit   'express-rate-limit': [ '8.5.2' ],
1350 silly audit   jose: [ '6.2.3' ],
1350 silly audit   'json-schema-typed': [ '8.0.2' ],
1350 silly audit   'pkce-challenge': [ '5.0.1' ],
1350 silly audit   'raw-body': [ '3.0.2' ],
1350 silly audit   vary: [ '1.1.2' ],
1350 silly audit   'env-paths': [ '2.2.1' ],
1350 silly audit   'parse-json': [ '5.2.0' ],
1350 silly audit   '@ecies/ciphers': [ '0.2.6' ],
1350 silly audit   '@noble/ciphers': [ '1.3.0' ],
1350 silly audit   '@noble/curves': [ '1.9.7' ],
1350 silly audit   '@noble/hashes': [ '1.8.0' ],
1350 silly audit   '@sindresorhus/merge-streams': [ '4.0.0' ],
1350 silly audit   figures: [ '6.1.0' ],
1350 silly audit   'get-stream': [ '9.0.1', '6.0.1' ],
1350 silly audit   'human-signals': [ '8.0.1', '2.1.0' ],
1350 silly audit   'is-plain-obj': [ '4.1.0' ],
1350 silly audit   'is-stream': [ '4.0.1', '2.0.1' ],
1350 silly audit   'npm-run-path': [ '6.0.0', '4.0.1' ],
1350 silly audit   'pretty-ms': [ '9.3.0' ],
1350 silly audit   'signal-exit': [ '4.1.0', '3.0.7' ],
1350 silly audit   'strip-final-newline': [ '4.0.0', '2.0.0' ],
1350 silly audit   yoctocolors: [ '2.1.2' ],
1350 silly audit   accepts: [ '2.0.0' ],
1350 silly audit   'body-parser': [ '2.2.2' ],
1350 silly audit   'content-disposition': [ '1.1.0' ],
1350 silly audit   cookie: [ '0.7.2', '1.1.1' ],
1350 silly audit   'cookie-signature': [ '1.2.2' ],
1350 silly audit   depd: [ '2.0.0' ],
1350 silly audit   encodeurl: [ '2.0.0' ],
1350 silly audit   'escape-html': [ '1.0.3' ],
1350 silly audit   etag: [ '1.8.1' ],
1350 silly audit   finalhandler: [ '2.1.1' ],
1350 silly audit   fresh: [ '2.0.0' ],
1350 silly audit   'http-errors': [ '2.0.1' ],
1350 silly audit   'merge-descriptors': [ '2.0.0' ],
1350 silly audit   'mime-types': [ '3.0.2' ],
1350 silly audit   'on-finished': [ '2.4.1' ],
1350 silly audit   once: [ '1.4.0' ],
1350 silly audit   parseurl: [ '1.3.3' ],
1350 silly audit   'proxy-addr': [ '2.0.7' ],
1350 silly audit   qs: [ '6.15.1' ],
1350 silly audit   'range-parser': [ '1.2.1' ],
1350 silly audit   router: [ '2.2.0' ],
1350 silly audit   send: [ '1.2.1' ],
1350 silly audit   'serve-static': [ '2.2.1' ],
1350 silly audit   statuses: [ '2.0.2' ],
1350 silly audit   'type-is': [ '2.1.0' ],
1350 silly audit   negotiator: [ '1.0.0' ],
1350 silly audit   bytes: [ '3.1.2' ],
1350 silly audit   'iconv-lite': [ '0.7.2' ],
1350 silly audit   'ip-address': [ '10.2.0' ],
1350 silly audit   'is-unicode-supported': [ '2.1.0', '1.3.0' ],
1350 silly audit   jsonfile: [ '6.2.1' ],
1350 silly audit   universalify: [ '2.0.1' ],
1350 silly audit   '@sec-ant/readable-stream': [ '0.4.1' ],
1350 silly audit   inherits: [ '2.0.4' ],
1350 silly audit   setprototypeof: [ '1.2.0' ],
1350 silly audit   toidentifier: [ '1.0.1' ],
1350 silly audit   'agent-base': [ '7.1.4' ],
1350 silly audit   'safer-buffer': [ '2.1.2' ],
1350 silly audit   'mime-db': [ '1.54.0' ],
1350 silly audit   '@inquirer/confirm': [ '6.0.13' ],
1350 silly audit   '@mswjs/interceptors': [ '0.41.9' ],
1350 silly audit   '@open-draft/deferred-promise': [ '3.0.0', '2.2.0' ],
1350 silly audit   '@types/statuses': [ '2.0.6' ],
1350 silly audit   graphql: [ '16.14.0' ],
1350 silly audit   'headers-polyfill': [ '5.0.1' ],
1350 silly audit   'is-node-process': [ '1.2.0' ],
1350 silly audit   outvariant: [ '1.4.3' ],
1350 silly audit   'path-to-regexp': [ '6.3.0', '8.4.2' ],
1350 silly audit   rettime: [ '0.11.11' ],
1350 silly audit   'strict-event-emitter': [ '0.5.1' ],
1350 silly audit   'tough-cookie': [ '6.0.1' ],
1350 silly audit   'type-fest': [ '5.6.0' ],
1350 silly audit   'until-async': [ '3.0.2' ],
1350 silly audit   yargs: [ '17.7.2' ],
1350 silly audit   '@inquirer/core': [ '11.1.10' ],
1350 silly audit   '@inquirer/type': [ '4.0.5' ],
1350 silly audit   '@inquirer/ansi': [ '2.0.5' ],
1350 silly audit   '@inquirer/figures': [ '2.0.5' ],
1350 silly audit   'cli-width': [ '4.1.0' ],
1350 silly audit   'fast-wrap-ansi': [ '0.2.0' ],
1350 silly audit   'mute-stream': [ '3.0.0' ],
1350 silly audit   '@open-draft/logger': [ '0.3.0' ],
1350 silly audit   '@open-draft/until': [ '2.1.0' ],
1350 silly audit   'fast-string-width': [ '3.0.2' ],
1350 silly audit   'fast-string-truncated-width': [ '3.0.3' ],
1350 silly audit   '@types/set-cookie-parser': [ '2.4.10' ],
1350 silly audit   'set-cookie-parser': [ '3.1.0' ],
1350 silly audit   'data-uri-to-buffer': [ '4.0.1' ],
1350 silly audit   'fetch-blob': [ '3.2.0' ],
1350 silly audit   'formdata-polyfill': [ '4.0.10' ],
1350 silly audit   'node-domexception': [ '1.0.0' ],
1350 silly audit   'web-streams-polyfill': [ '3.3.3' ],
1350 silly audit   'unicorn-magic': [ '0.3.0' ],
1350 silly audit   'ee-first': [ '1.1.1' ],
1350 silly audit   wrappy: [ '1.0.2' ],
1350 silly audit   'default-browser': [ '5.5.0' ],
1350 silly audit   'define-lazy-prop': [ '3.0.0' ],
1350 silly audit   'is-in-ssh': [ '1.0.0' ],
1350 silly audit   'is-inside-container': [ '1.0.0' ],
1350 silly audit   'powershell-utils': [ '0.1.0' ],
1350 silly audit   'wsl-utils': [ '0.3.1' ],
1350 silly audit   'bundle-name': [ '4.1.0' ],
1350 silly audit   'default-browser-id': [ '5.0.1' ],
1350 silly audit   'run-applescript': [ '7.1.0' ],
1350 silly audit   'is-docker': [ '3.0.0' ],
1350 silly audit   'cli-cursor': [ '5.0.0' ],
1350 silly audit   'cli-spinners': [ '2.9.2' ],
1350 silly audit   'is-interactive': [ '2.0.0' ],
1350 silly audit   'log-symbols': [ '6.0.0' ],
1350 silly audit   'stdin-discarder': [ '0.2.2' ],
1350 silly audit   'string-width': [ '7.2.0', '4.2.3' ],
1350 silly audit   'strip-ansi': [ '7.2.0', '6.0.1' ],
1350 silly audit   'restore-cursor': [ '5.1.0' ],
1350 silly audit   'error-ex': [ '1.3.4' ],
1350 silly audit   'json-parse-even-better-errors': [ '2.3.1' ],
1350 silly audit   'lines-and-columns': [ '1.2.4' ],
1350 silly audit   'is-arrayish': [ '0.2.1' ],
1350 silly audit   cssesc: [ '3.0.0' ],
1350 silly audit   'util-deprecate': [ '1.0.2' ],
1350 silly audit   'parse-ms': [ '4.0.0' ],
1350 silly audit   sisteransi: [ '1.0.5' ],
1350 silly audit   forwarded: [ '0.2.0' ],
1350 silly audit   'ipaddr.js': [ '1.9.1' ],
1350 silly audit   unpipe: [ '1.0.0' ],
1350 silly audit   'ast-types': [ '0.16.1' ],
1350 silly audit   esprima: [ '4.0.1' ],
1350 silly audit   'source-map': [ '0.6.1' ],
1350 silly audit   onetime: [ '7.0.0', '5.1.2' ],
1350 silly audit   'mimic-function': [ '5.0.1' ],
1350 silly audit   'is-promise': [ '4.0.0' ],
1350 silly audit   'get-east-asian-width': [ '1.6.0' ],
1350 silly audit   'get-own-enumerable-keys': [ '1.0.0' ],
1350 silly audit   'is-obj': [ '3.0.0' ],
1350 silly audit   'is-regexp': [ '3.1.0' ],
1350 silly audit   'ansi-regex': [ '6.2.2', '5.0.1' ],
1350 silly audit   tldts: [ '7.0.30' ],
1350 silly audit   'tldts-core': [ '7.0.30' ],
1350 silly audit   '@ts-morph/common': [ '0.27.0' ],
1350 silly audit   'code-block-writer': [ '13.0.3' ],
1350 silly audit   'path-browserify': [ '1.0.1' ],
1350 silly audit   'tagged-tag': [ '1.0.0' ],
1350 silly audit   'media-typer': [ '1.1.0' ],
1350 silly audit   'is-wsl': [ '3.1.1' ],
1350 silly audit   cliui: [ '8.0.1' ],
1350 silly audit   'get-caller-file': [ '2.0.5' ],
1350 silly audit   'require-directory': [ '2.1.1' ],
1350 silly audit   y18n: [ '5.0.8' ],
1350 silly audit   'yargs-parser': [ '21.1.1' ],
1350 silly audit   'wrap-ansi': [ '7.0.0' ],
1350 silly audit   'merge-stream': [ '2.0.0' ],
1350 silly audit   'mimic-fn': [ '2.1.0' ],
1350 silly audit   'fast-uri': [ '3.1.2' ],
1350 silly audit   'require-from-string': [ '2.0.2' ],
1350 silly audit   'is-fullwidth-code-point': [ '3.0.0' ]
1350 silly audit }
1351 http cache is-fullwidth-code-point@https://registry.npmjs.org/is-fullwidth-code-point/-/is-fullwidth-code-point-3.0.0.tgz 0ms (cache hit)
1352 http cache require-from-string@https://registry.npmjs.org/require-from-string/-/require-from-string-2.0.2.tgz 0ms (cache hit)
1353 http cache fast-uri@https://registry.npmjs.org/fast-uri/-/fast-uri-3.1.2.tgz 0ms (cache hit)
1354 http cache mimic-fn@https://registry.npmjs.org/mimic-fn/-/mimic-fn-2.1.0.tgz 0ms (cache hit)
1355 http cache merge-stream@https://registry.npmjs.org/merge-stream/-/merge-stream-2.0.0.tgz 0ms (cache hit)
1356 http cache wrap-ansi@https://registry.npmjs.org/wrap-ansi/-/wrap-ansi-7.0.0.tgz 0ms (cache hit)
1357 http cache yargs-parser@https://registry.npmjs.org/yargs-parser/-/yargs-parser-21.1.1.tgz 0ms (cache hit)
1358 http cache y18n@https://registry.npmjs.org/y18n/-/y18n-5.0.8.tgz 0ms (cache hit)
1359 http cache require-directory@https://registry.npmjs.org/require-directory/-/require-directory-2.1.1.tgz 0ms (cache hit)
1360 http cache get-caller-file@https://registry.npmjs.org/get-caller-file/-/get-caller-file-2.0.5.tgz 0ms (cache hit)
1361 http cache cliui@https://registry.npmjs.org/cliui/-/cliui-8.0.1.tgz 0ms (cache hit)
1362 http cache is-wsl@https://registry.npmjs.org/is-wsl/-/is-wsl-3.1.1.tgz 0ms (cache hit)
1363 http cache media-typer@https://registry.npmjs.org/media-typer/-/media-typer-1.1.0.tgz 0ms (cache hit)
1364 http cache tagged-tag@https://registry.npmjs.org/tagged-tag/-/tagged-tag-1.0.0.tgz 0ms (cache hit)
1365 http cache path-browserify@https://registry.npmjs.org/path-browserify/-/path-browserify-1.0.1.tgz 0ms (cache hit)
1366 http cache code-block-writer@https://registry.npmjs.org/code-block-writer/-/code-block-writer-13.0.3.tgz 0ms (cache hit)
1367 http cache @ts-morph/common@https://registry.npmjs.org/@ts-morph/common/-/common-0.27.0.tgz 0ms (cache hit)
1368 http cache tldts-core@https://registry.npmjs.org/tldts-core/-/tldts-core-7.0.30.tgz 0ms (cache hit)
1369 http cache tldts@https://registry.npmjs.org/tldts/-/tldts-7.0.30.tgz 0ms (cache hit)
1370 http cache ansi-regex@https://registry.npmjs.org/ansi-regex/-/ansi-regex-6.2.2.tgz 0ms (cache hit)
1371 http cache is-regexp@https://registry.npmjs.org/is-regexp/-/is-regexp-3.1.0.tgz 0ms (cache hit)
1372 http cache is-obj@https://registry.npmjs.org/is-obj/-/is-obj-3.0.0.tgz 0ms (cache hit)
1373 http cache get-own-enumerable-keys@https://registry.npmjs.org/get-own-enumerable-keys/-/get-own-enumerable-keys-1.0.0.tgz 0ms (cache hit)
1374 http cache get-east-asian-width@https://registry.npmjs.org/get-east-asian-width/-/get-east-asian-width-1.6.0.tgz 0ms (cache hit)
1375 http cache is-promise@https://registry.npmjs.org/is-promise/-/is-promise-4.0.0.tgz 0ms (cache hit)
1376 http cache mimic-function@https://registry.npmjs.org/mimic-function/-/mimic-function-5.0.1.tgz 0ms (cache hit)
1377 http cache onetime@https://registry.npmjs.org/onetime/-/onetime-7.0.0.tgz 0ms (cache hit)
1378 http cache source-map@https://registry.npmjs.org/source-map/-/source-map-0.6.1.tgz 0ms (cache hit)
1379 http cache esprima@https://registry.npmjs.org/esprima/-/esprima-4.0.1.tgz 0ms (cache hit)
1380 http cache ast-types@https://registry.npmjs.org/ast-types/-/ast-types-0.16.1.tgz 0ms (cache hit)
1381 http cache unpipe@https://registry.npmjs.org/unpipe/-/unpipe-1.0.0.tgz 0ms (cache hit)
1382 http cache ipaddr.js@https://registry.npmjs.org/ipaddr.js/-/ipaddr.js-1.9.1.tgz 0ms (cache hit)
1383 http cache forwarded@https://registry.npmjs.org/forwarded/-/forwarded-0.2.0.tgz 0ms (cache hit)
1384 http cache sisteransi@https://registry.npmjs.org/sisteransi/-/sisteransi-1.0.5.tgz 0ms (cache hit)
1385 http cache parse-ms@https://registry.npmjs.org/parse-ms/-/parse-ms-4.0.0.tgz 0ms (cache hit)
1386 http cache util-deprecate@https://registry.npmjs.org/util-deprecate/-/util-deprecate-1.0.2.tgz 0ms (cache hit)
1387 http cache cssesc@https://registry.npmjs.org/cssesc/-/cssesc-3.0.0.tgz 0ms (cache hit)
1388 http cache is-arrayish@https://registry.npmjs.org/is-arrayish/-/is-arrayish-0.2.1.tgz 0ms (cache hit)
1389 http cache lines-and-columns@https://registry.npmjs.org/lines-and-columns/-/lines-and-columns-1.2.4.tgz 0ms (cache hit)
1390 http cache json-parse-even-better-errors@https://registry.npmjs.org/json-parse-even-better-errors/-/json-parse-even-better-errors-2.3.1.tgz 0ms (cache hit)
1391 http cache strip-ansi@https://registry.npmjs.org/strip-ansi/-/strip-ansi-7.2.0.tgz 0ms (cache hit)
1392 http cache error-ex@https://registry.npmjs.org/error-ex/-/error-ex-1.3.4.tgz 0ms (cache hit)
1393 http cache restore-cursor@https://registry.npmjs.org/restore-cursor/-/restore-cursor-5.1.0.tgz 0ms (cache hit)
1394 http cache stdin-discarder@https://registry.npmjs.org/stdin-discarder/-/stdin-discarder-0.2.2.tgz 0ms (cache hit)
1395 http cache cli-spinners@https://registry.npmjs.org/cli-spinners/-/cli-spinners-2.9.2.tgz 0ms (cache hit)
1396 http cache string-width@https://registry.npmjs.org/string-width/-/string-width-7.2.0.tgz 0ms (cache hit)
1397 http cache is-interactive@https://registry.npmjs.org/is-interactive/-/is-interactive-2.0.0.tgz 0ms (cache hit)
1398 http cache log-symbols@https://registry.npmjs.org/log-symbols/-/log-symbols-6.0.0.tgz 0ms (cache hit)
1399 http cache cli-cursor@https://registry.npmjs.org/cli-cursor/-/cli-cursor-5.0.0.tgz 0ms (cache hit)
1400 http cache run-applescript@https://registry.npmjs.org/run-applescript/-/run-applescript-7.1.0.tgz 0ms (cache hit)
1401 http cache default-browser-id@https://registry.npmjs.org/default-browser-id/-/default-browser-id-5.0.1.tgz 0ms (cache hit)
1402 http cache is-docker@https://registry.npmjs.org/is-docker/-/is-docker-3.0.0.tgz 0ms (cache hit)
1403 http cache bundle-name@https://registry.npmjs.org/bundle-name/-/bundle-name-4.1.0.tgz 0ms (cache hit)
1404 http cache wsl-utils@https://registry.npmjs.org/wsl-utils/-/wsl-utils-0.3.1.tgz 0ms (cache hit)
1405 http cache powershell-utils@https://registry.npmjs.org/powershell-utils/-/powershell-utils-0.1.0.tgz 0ms (cache hit)
1406 http cache is-in-ssh@https://registry.npmjs.org/is-in-ssh/-/is-in-ssh-1.0.0.tgz 0ms (cache hit)
1407 http cache is-inside-container@https://registry.npmjs.org/is-inside-container/-/is-inside-container-1.0.0.tgz 0ms (cache hit)
1408 http cache define-lazy-prop@https://registry.npmjs.org/define-lazy-prop/-/define-lazy-prop-3.0.0.tgz 0ms (cache hit)
1409 http cache default-browser@https://registry.npmjs.org/default-browser/-/default-browser-5.5.0.tgz 0ms (cache hit)
1410 http cache wrappy@https://registry.npmjs.org/wrappy/-/wrappy-1.0.2.tgz 0ms (cache hit)
1411 http cache ee-first@https://registry.npmjs.org/ee-first/-/ee-first-1.1.1.tgz 0ms (cache hit)
1412 http cache unicorn-magic@https://registry.npmjs.org/unicorn-magic/-/unicorn-magic-0.3.0.tgz 0ms (cache hit)
1413 http cache web-streams-polyfill@https://registry.npmjs.org/web-streams-polyfill/-/web-streams-polyfill-3.3.3.tgz 0ms (cache hit)
1414 http cache node-domexception@https://registry.npmjs.org/node-domexception/-/node-domexception-1.0.0.tgz 0ms (cache hit)
1415 http cache formdata-polyfill@https://registry.npmjs.org/formdata-polyfill/-/formdata-polyfill-4.0.10.tgz 0ms (cache hit)
1416 http cache fetch-blob@https://registry.npmjs.org/fetch-blob/-/fetch-blob-3.2.0.tgz 0ms (cache hit)
1417 http cache @types/set-cookie-parser@https://registry.npmjs.org/@types/set-cookie-parser/-/set-cookie-parser-2.4.10.tgz 0ms (cache hit)
1418 http cache data-uri-to-buffer@https://registry.npmjs.org/data-uri-to-buffer/-/data-uri-to-buffer-4.0.1.tgz 0ms (cache hit)
1419 http cache set-cookie-parser@https://registry.npmjs.org/set-cookie-parser/-/set-cookie-parser-3.1.0.tgz 0ms (cache hit)
1420 http cache fast-string-truncated-width@https://registry.npmjs.org/fast-string-truncated-width/-/fast-string-truncated-width-3.0.3.tgz 0ms (cache hit)
1421 http cache @open-draft/until@https://registry.npmjs.org/@open-draft/until/-/until-2.1.0.tgz 0ms (cache hit)
1422 http cache fast-string-width@https://registry.npmjs.org/fast-string-width/-/fast-string-width-3.0.2.tgz 0ms (cache hit)
1423 http cache @open-draft/logger@https://registry.npmjs.org/@open-draft/logger/-/logger-0.3.0.tgz 0ms (cache hit)
1424 http cache mute-stream@https://registry.npmjs.org/mute-stream/-/mute-stream-3.0.0.tgz 0ms (cache hit)
1425 http cache fast-wrap-ansi@https://registry.npmjs.org/fast-wrap-ansi/-/fast-wrap-ansi-0.2.0.tgz 0ms (cache hit)
1426 http cache @inquirer/figures@https://registry.npmjs.org/@inquirer/figures/-/figures-2.0.5.tgz 0ms (cache hit)
1427 http cache cli-width@https://registry.npmjs.org/cli-width/-/cli-width-4.1.0.tgz 0ms (cache hit)
1428 http cache yargs@https://registry.npmjs.org/yargs/-/yargs-17.7.2.tgz 0ms (cache hit)
1429 http cache @inquirer/type@https://registry.npmjs.org/@inquirer/type/-/type-4.0.5.tgz 0ms (cache hit)
1430 http cache @inquirer/ansi@https://registry.npmjs.org/@inquirer/ansi/-/ansi-2.0.5.tgz 0ms (cache hit)
1431 http cache @inquirer/core@https://registry.npmjs.org/@inquirer/core/-/core-11.1.10.tgz 0ms (cache hit)
1432 http cache until-async@https://registry.npmjs.org/until-async/-/until-async-3.0.2.tgz 0ms (cache hit)
1433 http cache type-fest@https://registry.npmjs.org/type-fest/-/type-fest-5.6.0.tgz 0ms (cache hit)
1434 http cache strict-event-emitter@https://registry.npmjs.org/strict-event-emitter/-/strict-event-emitter-0.5.1.tgz 0ms (cache hit)
1435 http cache tough-cookie@https://registry.npmjs.org/tough-cookie/-/tough-cookie-6.0.1.tgz 0ms (cache hit)
1436 http cache rettime@https://registry.npmjs.org/rettime/-/rettime-0.11.11.tgz 0ms (cache hit)
1437 http cache path-to-regexp@https://registry.npmjs.org/path-to-regexp/-/path-to-regexp-6.3.0.tgz 0ms (cache hit)
1438 http cache outvariant@https://registry.npmjs.org/outvariant/-/outvariant-1.4.3.tgz 0ms (cache hit)
1439 http cache is-node-process@https://registry.npmjs.org/is-node-process/-/is-node-process-1.2.0.tgz 0ms (cache hit)
1440 http cache headers-polyfill@https://registry.npmjs.org/headers-polyfill/-/headers-polyfill-5.0.1.tgz 0ms (cache hit)
1441 http cache @types/statuses@https://registry.npmjs.org/@types/statuses/-/statuses-2.0.6.tgz 0ms (cache hit)
1442 http cache graphql@https://registry.npmjs.org/graphql/-/graphql-16.14.0.tgz 0ms (cache hit)
1443 http cache @open-draft/deferred-promise@https://registry.npmjs.org/@open-draft/deferred-promise/-/deferred-promise-3.0.0.tgz 0ms (cache hit)
1444 http cache @mswjs/interceptors@https://registry.npmjs.org/@mswjs/interceptors/-/interceptors-0.41.9.tgz 0ms (cache hit)
1445 http cache @inquirer/confirm@https://registry.npmjs.org/@inquirer/confirm/-/confirm-6.0.13.tgz 0ms (cache hit)
1446 http cache safer-buffer@https://registry.npmjs.org/safer-buffer/-/safer-buffer-2.1.2.tgz 0ms (cache hit)
1447 http cache mime-db@https://registry.npmjs.org/mime-db/-/mime-db-1.54.0.tgz 0ms (cache hit)
1448 http cache agent-base@https://registry.npmjs.org/agent-base/-/agent-base-7.1.4.tgz 0ms (cache hit)
1449 http cache toidentifier@https://registry.npmjs.org/toidentifier/-/toidentifier-1.0.1.tgz 0ms (cache hit)
1450 http cache setprototypeof@https://registry.npmjs.org/setprototypeof/-/setprototypeof-1.2.0.tgz 0ms (cache hit)
1451 http cache inherits@https://registry.npmjs.org/inherits/-/inherits-2.0.4.tgz 0ms (cache hit)
1452 http cache @sec-ant/readable-stream@https://registry.npmjs.org/@sec-ant/readable-stream/-/readable-stream-0.4.1.tgz 0ms (cache hit)
1453 http cache universalify@https://registry.npmjs.org/universalify/-/universalify-2.0.1.tgz 0ms (cache hit)
1454 http cache jsonfile@https://registry.npmjs.org/jsonfile/-/jsonfile-6.2.1.tgz 0ms (cache hit)
1455 http cache is-unicode-supported@https://registry.npmjs.org/is-unicode-supported/-/is-unicode-supported-2.1.0.tgz 0ms (cache hit)
1456 http cache ip-address@https://registry.npmjs.org/ip-address/-/ip-address-10.2.0.tgz 0ms (cache hit)
1457 http cache iconv-lite@https://registry.npmjs.org/iconv-lite/-/iconv-lite-0.7.2.tgz 0ms (cache hit)
1458 http cache bytes@https://registry.npmjs.org/bytes/-/bytes-3.1.2.tgz 0ms (cache hit)
1459 http cache negotiator@https://registry.npmjs.org/negotiator/-/negotiator-1.0.0.tgz 0ms (cache hit)
1460 http cache type-is@https://registry.npmjs.org/type-is/-/type-is-2.1.0.tgz 0ms (cache hit)
1461 http cache statuses@https://registry.npmjs.org/statuses/-/statuses-2.0.2.tgz 0ms (cache hit)
1462 http cache serve-static@https://registry.npmjs.org/serve-static/-/serve-static-2.2.1.tgz 0ms (cache hit)
1463 http cache send@https://registry.npmjs.org/send/-/send-1.2.1.tgz 0ms (cache hit)
1464 http cache router@https://registry.npmjs.org/router/-/router-2.2.0.tgz 0ms (cache hit)
1465 http cache range-parser@https://registry.npmjs.org/range-parser/-/range-parser-1.2.1.tgz 0ms (cache hit)
1466 http cache qs@https://registry.npmjs.org/qs/-/qs-6.15.1.tgz 0ms (cache hit)
1467 http cache proxy-addr@https://registry.npmjs.org/proxy-addr/-/proxy-addr-2.0.7.tgz 0ms (cache hit)
1468 http cache parseurl@https://registry.npmjs.org/parseurl/-/parseurl-1.3.3.tgz 0ms (cache hit)
1469 http cache once@https://registry.npmjs.org/once/-/once-1.4.0.tgz 0ms (cache hit)
1470 http cache on-finished@https://registry.npmjs.org/on-finished/-/on-finished-2.4.1.tgz 0ms (cache hit)
1471 http cache mime-types@https://registry.npmjs.org/mime-types/-/mime-types-3.0.2.tgz 0ms (cache hit)
1472 http cache merge-descriptors@https://registry.npmjs.org/merge-descriptors/-/merge-descriptors-2.0.0.tgz 0ms (cache hit)
1473 http cache http-errors@https://registry.npmjs.org/http-errors/-/http-errors-2.0.1.tgz 0ms (cache hit)
1474 http cache fresh@https://registry.npmjs.org/fresh/-/fresh-2.0.0.tgz 0ms (cache hit)
1475 http cache finalhandler@https://registry.npmjs.org/finalhandler/-/finalhandler-2.1.1.tgz 0ms (cache hit)
1476 http cache etag@https://registry.npmjs.org/etag/-/etag-1.8.1.tgz 0ms (cache hit)
1477 http cache escape-html@https://registry.npmjs.org/escape-html/-/escape-html-1.0.3.tgz 0ms (cache hit)
1478 http cache encodeurl@https://registry.npmjs.org/encodeurl/-/encodeurl-2.0.0.tgz 0ms (cache hit)
1479 http cache depd@https://registry.npmjs.org/depd/-/depd-2.0.0.tgz 0ms (cache hit)
1480 http cache cookie-signature@https://registry.npmjs.org/cookie-signature/-/cookie-signature-1.2.2.tgz 0ms (cache hit)
1481 http cache cookie@https://registry.npmjs.org/cookie/-/cookie-0.7.2.tgz 0ms (cache hit)
1482 http cache content-disposition@https://registry.npmjs.org/content-disposition/-/content-disposition-1.1.0.tgz 0ms (cache hit)
1483 http cache body-parser@https://registry.npmjs.org/body-parser/-/body-parser-2.2.2.tgz 0ms (cache hit)
1484 http cache accepts@https://registry.npmjs.org/accepts/-/accepts-2.0.0.tgz 0ms (cache hit)
1485 http cache yoctocolors@https://registry.npmjs.org/yoctocolors/-/yoctocolors-2.1.2.tgz 0ms (cache hit)
1486 http cache strip-final-newline@https://registry.npmjs.org/strip-final-newline/-/strip-final-newline-4.0.0.tgz 0ms (cache hit)
1487 http cache signal-exit@https://registry.npmjs.org/signal-exit/-/signal-exit-4.1.0.tgz 0ms (cache hit)
1488 http cache pretty-ms@https://registry.npmjs.org/pretty-ms/-/pretty-ms-9.3.0.tgz 0ms (cache hit)
1489 http cache npm-run-path@https://registry.npmjs.org/npm-run-path/-/npm-run-path-6.0.0.tgz 0ms (cache hit)
1490 http cache is-stream@https://registry.npmjs.org/is-stream/-/is-stream-4.0.1.tgz 0ms (cache hit)
1491 http cache is-plain-obj@https://registry.npmjs.org/is-plain-obj/-/is-plain-obj-4.1.0.tgz 0ms (cache hit)
1492 http cache human-signals@https://registry.npmjs.org/human-signals/-/human-signals-8.0.1.tgz 0ms (cache hit)
1493 http cache get-stream@https://registry.npmjs.org/get-stream/-/get-stream-9.0.1.tgz 0ms (cache hit)
1494 http cache figures@https://registry.npmjs.org/figures/-/figures-6.1.0.tgz 0ms (cache hit)
1495 http cache @sindresorhus/merge-streams@https://registry.npmjs.org/@sindresorhus/merge-streams/-/merge-streams-4.0.0.tgz 0ms (cache hit)
1496 http cache @ecies/ciphers@https://registry.npmjs.org/@ecies/ciphers/-/ciphers-0.2.6.tgz 0ms (cache hit)
1497 http cache @noble/hashes@https://registry.npmjs.org/@noble/hashes/-/hashes-1.8.0.tgz 0ms (cache hit)
1498 http cache @noble/curves@https://registry.npmjs.org/@noble/curves/-/curves-1.9.7.tgz 0ms (cache hit)
1499 http cache @noble/ciphers@https://registry.npmjs.org/@noble/ciphers/-/ciphers-1.3.0.tgz 0ms (cache hit)
1500 http cache parse-json@https://registry.npmjs.org/parse-json/-/parse-json-5.2.0.tgz 0ms (cache hit)
1501 http cache env-paths@https://registry.npmjs.org/env-paths/-/env-paths-2.2.1.tgz 0ms (cache hit)
1502 http cache vary@https://registry.npmjs.org/vary/-/vary-1.1.2.tgz 0ms (cache hit)
1503 http cache raw-body@https://registry.npmjs.org/raw-body/-/raw-body-3.0.2.tgz 0ms (cache hit)
1504 http cache pkce-challenge@https://registry.npmjs.org/pkce-challenge/-/pkce-challenge-5.0.1.tgz 0ms (cache hit)
1505 http cache json-schema-typed@https://registry.npmjs.org/json-schema-typed/-/json-schema-typed-8.0.2.tgz 0ms (cache hit)
1506 http cache jose@https://registry.npmjs.org/jose/-/jose-6.2.3.tgz 0ms (cache hit)
1507 http cache express-rate-limit@https://registry.npmjs.org/express-rate-limit/-/express-rate-limit-8.5.2.tgz 0ms (cache hit)
1508 http cache express@https://registry.npmjs.org/express/-/express-5.2.1.tgz 0ms (cache hit)
1509 http cache eventsource-parser@https://registry.npmjs.org/eventsource-parser/-/eventsource-parser-3.0.8.tgz 0ms (cache hit)
1510 http cache eventsource@https://registry.npmjs.org/eventsource/-/eventsource-3.0.7.tgz 0ms (cache hit)
1511 http cache cors@https://registry.npmjs.org/cors/-/cors-2.8.6.tgz 0ms (cache hit)
1512 http cache content-type@https://registry.npmjs.org/content-type/-/content-type-1.0.5.tgz 0ms (cache hit)
1513 http cache @hono/node-server@https://registry.npmjs.org/@hono/node-server/-/node-server-1.19.14.tgz 0ms (cache hit)
1514 http cache hono@https://registry.npmjs.org/hono/-/hono-4.12.18.tgz 0ms (cache hit)
1515 http cache ajv-formats@https://registry.npmjs.org/ajv-formats/-/ajv-formats-3.0.1.tgz 0ms (cache hit)
1516 http cache yocto-spinner@https://registry.npmjs.org/yocto-spinner/-/yocto-spinner-1.2.0.tgz 0ms (cache hit)
1517 http cache object-treeify@https://registry.npmjs.org/object-treeify/-/object-treeify-1.1.33.tgz 0ms (cache hit)
1518 http cache eciesjs@https://registry.npmjs.org/eciesjs/-/eciesjs-0.4.18.tgz 0ms (cache hit)
1519 http cache dotenv@https://registry.npmjs.org/dotenv/-/dotenv-17.4.2.tgz 0ms (cache hit)
1520 http cache @babel/plugin-transform-modules-commonjs@https://registry.npmjs.org/@babel/plugin-transform-modules-commonjs/-/plugin-transform-modules-commonjs-7.28.6.tgz 0ms (cache hit)
1521 http cache @babel/plugin-syntax-jsx@https://registry.npmjs.org/@babel/plugin-syntax-jsx/-/plugin-syntax-jsx-7.28.6.tgz 0ms (cache hit)
1522 http cache @babel/helper-replace-supers@https://registry.npmjs.org/@babel/helper-replace-supers/-/helper-replace-supers-7.28.6.tgz 0ms (cache hit)
1523 http cache @babel/helper-optimise-call-expression@https://registry.npmjs.org/@babel/helper-optimise-call-expression/-/helper-optimise-call-expression-7.27.1.tgz 0ms (cache hit)
1524 http cache @babel/helper-member-expression-to-functions@https://registry.npmjs.org/@babel/helper-member-expression-to-functions/-/helper-member-expression-to-functions-7.28.5.tgz 0ms (cache hit)
1525 http cache @babel/plugin-syntax-typescript@https://registry.npmjs.org/@babel/plugin-syntax-typescript/-/plugin-syntax-typescript-7.28.6.tgz 0ms (cache hit)
1526 http cache @babel/helper-skip-transparent-expression-wrappers@https://registry.npmjs.org/@babel/helper-skip-transparent-expression-wrappers/-/helper-skip-transparent-expression-wrappers-7.27.1.tgz 0ms (cache hit)
1527 http cache @babel/helper-plugin-utils@https://registry.npmjs.org/@babel/helper-plugin-utils/-/helper-plugin-utils-7.28.6.tgz 0ms (cache hit)
1528 http cache @babel/helper-create-class-features-plugin@https://registry.npmjs.org/@babel/helper-create-class-features-plugin/-/helper-create-class-features-plugin-7.29.3.tgz 0ms (cache hit)
1529 http cache @babel/helper-annotate-as-pure@https://registry.npmjs.org/@babel/helper-annotate-as-pure/-/helper-annotate-as-pure-7.27.3.tgz 0ms (cache hit)
1530 http cache zod-to-json-schema@https://registry.npmjs.org/zod-to-json-schema/-/zod-to-json-schema-3.25.2.tgz 0ms (cache hit)
1531 http cache validate-npm-package-name@https://registry.npmjs.org/validate-npm-package-name/-/validate-npm-package-name-7.0.2.tgz 0ms (cache hit)
1532 http cache ts-morph@https://registry.npmjs.org/ts-morph/-/ts-morph-26.0.0.tgz 0ms (cache hit)
1533 http cache stringify-object@https://registry.npmjs.org/stringify-object/-/stringify-object-5.0.0.tgz 0ms (cache hit)
1534 http cache recast@https://registry.npmjs.org/recast/-/recast-0.23.11.tgz 0ms (cache hit)
1535 http cache prompts@https://registry.npmjs.org/prompts/-/prompts-2.4.2.tgz 0ms (cache hit)
1536 http cache postcss-selector-parser@https://registry.npmjs.org/postcss-selector-parser/-/postcss-selector-parser-7.1.1.tgz 0ms (cache hit)
1537 http cache ora@https://registry.npmjs.org/ora/-/ora-8.2.0.tgz 0ms (cache hit)
1538 http cache open@https://registry.npmjs.org/open/-/open-11.0.0.tgz 0ms (cache hit)
1539 http cache kleur@https://registry.npmjs.org/kleur/-/kleur-4.1.5.tgz 0ms (cache hit)
1540 http cache node-fetch@https://registry.npmjs.org/node-fetch/-/node-fetch-3.3.2.tgz 0ms (cache hit)
1541 http cache msw@https://registry.npmjs.org/msw/-/msw-2.14.6.tgz 0ms (cache hit)
1542 http cache fs-extra@https://registry.npmjs.org/fs-extra/-/fs-extra-11.3.5.tgz 0ms (cache hit)
1543 http cache execa@https://registry.npmjs.org/execa/-/execa-9.6.1.tgz 0ms (cache hit)
1544 http cache fuzzysort@https://registry.npmjs.org/fuzzysort/-/fuzzysort-3.1.0.tgz 0ms (cache hit)
1545 http cache diff@https://registry.npmjs.org/diff/-/diff-8.0.4.tgz 0ms (cache hit)
1546 http cache deepmerge@https://registry.npmjs.org/deepmerge/-/deepmerge-4.3.1.tgz 0ms (cache hit)
1547 http cache dedent@https://registry.npmjs.org/dedent/-/dedent-1.7.2.tgz 0ms (cache hit)
1548 http cache cosmiconfig@https://registry.npmjs.org/cosmiconfig/-/cosmiconfig-9.0.1.tgz 0ms (cache hit)
1549 http cache commander@https://registry.npmjs.org/commander/-/commander-14.0.3.tgz 0ms (cache hit)
1550 http cache @types/validate-npm-package-name@https://registry.npmjs.org/@types/validate-npm-package-name/-/validate-npm-package-name-4.0.2.tgz 0ms (cache hit)
1551 http cache https-proxy-agent@https://registry.npmjs.org/https-proxy-agent/-/https-proxy-agent-7.0.6.tgz 0ms (cache hit)
1552 http cache @modelcontextprotocol/sdk@https://registry.npmjs.org/@modelcontextprotocol/sdk/-/sdk-1.29.0.tgz 0ms (cache hit)
1553 http cache @dotenvx/dotenvx@https://registry.npmjs.org/@dotenvx/dotenvx/-/dotenvx-1.66.0.tgz 0ms (cache hit)
1554 http cache @babel/preset-typescript@https://registry.npmjs.org/@babel/preset-typescript/-/preset-typescript-7.28.5.tgz 0ms (cache hit)
1555 http cache @babel/plugin-transform-typescript@https://registry.npmjs.org/@babel/plugin-transform-typescript/-/plugin-transform-typescript-7.28.6.tgz 0ms (cache hit)
1556 http cache @floating-ui/core@https://registry.npmjs.org/@floating-ui/core/-/core-1.7.5.tgz 0ms (cache hit)
1557 http cache @floating-ui/dom@https://registry.npmjs.org/@floating-ui/dom/-/dom-1.7.6.tgz 0ms (cache hit)
1558 http cache @floating-ui/utils@https://registry.npmjs.org/@floating-ui/utils/-/utils-0.2.11.tgz 0ms (cache hit)
1559 http cache @floating-ui/react-dom@https://registry.npmjs.org/@floating-ui/react-dom/-/react-dom-2.1.8.tgz 0ms (cache hit)
1560 http cache @base-ui/utils@https://registry.npmjs.org/@base-ui/utils/-/utils-0.2.8.tgz 0ms (cache hit)
1561 http cache @babel/runtime@https://registry.npmjs.org/@babel/runtime/-/runtime-7.29.2.tgz 0ms (cache hit)
1562 http cache shadcn@https://registry.npmjs.org/shadcn/-/shadcn-4.7.0.tgz 0ms (cache hit)
1563 http cache tw-animate-css@https://registry.npmjs.org/tw-animate-css/-/tw-animate-css-1.4.0.tgz 0ms (cache hit)
1564 http cache @base-ui/react@https://registry.npmjs.org/@base-ui/react/-/react-1.4.1.tgz 0ms (cache hit)
1565 http cache ansi-regex@https://registry.npmjs.org/ansi-regex/-/ansi-regex-5.0.1.tgz 0ms (cache hit)
1566 http cache ansi-regex@https://registry.npmjs.org/ansi-regex/-/ansi-regex-5.0.1.tgz 0ms (cache hit)
1567 http cache strip-ansi@https://registry.npmjs.org/strip-ansi/-/strip-ansi-6.0.1.tgz 0ms (cache hit)
1568 http cache string-width@https://registry.npmjs.org/string-width/-/string-width-4.2.3.tgz 0ms (cache hit)
1569 http cache emoji-regex@https://registry.npmjs.org/emoji-regex/-/emoji-regex-8.0.0.tgz 0ms (cache hit)
1570 http cache emoji-regex@https://registry.npmjs.org/emoji-regex/-/emoji-regex-8.0.0.tgz 0ms (cache hit)
1571 http cache strip-ansi@https://registry.npmjs.org/strip-ansi/-/strip-ansi-6.0.1.tgz 0ms (cache hit)
1572 http cache string-width@https://registry.npmjs.org/string-width/-/string-width-4.2.3.tgz 0ms (cache hit)
1573 http cache brace-expansion@https://registry.npmjs.org/brace-expansion/-/brace-expansion-5.0.6.tgz 0ms (cache hit)
1574 http cache glob-parent@https://registry.npmjs.org/glob-parent/-/glob-parent-5.1.2.tgz 0ms (cache hit)
1575 http cache balanced-match@https://registry.npmjs.org/balanced-match/-/balanced-match-4.0.4.tgz 0ms (cache hit)
1576 http cache minimatch@https://registry.npmjs.org/minimatch/-/minimatch-10.2.5.tgz 0ms (cache hit)
1577 http cache fast-glob@https://registry.npmjs.org/fast-glob/-/fast-glob-3.3.3.tgz 0ms (cache hit)
1578 http cache emoji-regex@https://registry.npmjs.org/emoji-regex/-/emoji-regex-10.6.0.tgz 0ms (cache hit)
1579 http cache is-unicode-supported@https://registry.npmjs.org/is-unicode-supported/-/is-unicode-supported-1.3.0.tgz 0ms (cache hit)
1580 http cache ansi-regex@https://registry.npmjs.org/ansi-regex/-/ansi-regex-5.0.1.tgz 0ms (cache hit)
1581 http cache chalk@https://registry.npmjs.org/chalk/-/chalk-5.6.2.tgz 0ms (cache hit)
1582 http cache strip-ansi@https://registry.npmjs.org/strip-ansi/-/strip-ansi-6.0.1.tgz 0ms (cache hit)
1583 http cache emoji-regex@https://registry.npmjs.org/emoji-regex/-/emoji-regex-8.0.0.tgz 0ms (cache hit)
1584 http cache @open-draft/deferred-promise@https://registry.npmjs.org/@open-draft/deferred-promise/-/deferred-promise-2.2.0.tgz 0ms (cache hit)
1585 http cache string-width@https://registry.npmjs.org/string-width/-/string-width-4.2.3.tgz 0ms (cache hit)
1586 http cache content-type@https://registry.npmjs.org/content-type/-/content-type-2.0.0.tgz 0ms (cache hit)
1587 http cache path-to-regexp@https://registry.npmjs.org/path-to-regexp/-/path-to-regexp-8.4.2.tgz 0ms (cache hit)
1588 http cache path-key@https://registry.npmjs.org/path-key/-/path-key-4.0.0.tgz 0ms (cache hit)
1589 http cache json-schema-traverse@https://registry.npmjs.org/json-schema-traverse/-/json-schema-traverse-1.0.0.tgz 0ms (cache hit)
1590 http cache ajv@https://registry.npmjs.org/ajv/-/ajv-8.20.0.tgz 0ms (cache hit)
1591 http cache kleur@https://registry.npmjs.org/kleur/-/kleur-3.0.3.tgz 0ms (cache hit)
1592 http cache chalk@https://registry.npmjs.org/chalk/-/chalk-5.6.2.tgz 0ms (cache hit)
1593 http cache cookie@https://registry.npmjs.org/cookie/-/cookie-1.1.1.tgz 0ms (cache hit)
1594 http cache json-schema-traverse@https://registry.npmjs.org/json-schema-traverse/-/json-schema-traverse-1.0.0.tgz 0ms (cache hit)
1595 http cache ajv@https://registry.npmjs.org/ajv/-/ajv-8.20.0.tgz 0ms (cache hit)
1596 http cache strip-final-newline@https://registry.npmjs.org/strip-final-newline/-/strip-final-newline-2.0.0.tgz 0ms (cache hit)
1597 http cache isexe@https://registry.npmjs.org/isexe/-/isexe-3.1.5.tgz 0ms (cache hit)
1598 http cache signal-exit@https://registry.npmjs.org/signal-exit/-/signal-exit-3.0.7.tgz 0ms (cache hit)
1599 http cache onetime@https://registry.npmjs.org/onetime/-/onetime-5.1.2.tgz 0ms (cache hit)
1600 http cache npm-run-path@https://registry.npmjs.org/npm-run-path/-/npm-run-path-4.0.1.tgz 0ms (cache hit)
1601 http cache is-stream@https://registry.npmjs.org/is-stream/-/is-stream-2.0.1.tgz 0ms (cache hit)
1602 http cache human-signals@https://registry.npmjs.org/human-signals/-/human-signals-2.1.0.tgz 0ms (cache hit)
1603 http cache get-stream@https://registry.npmjs.org/get-stream/-/get-stream-6.0.1.tgz 0ms (cache hit)
1604 http cache which@https://registry.npmjs.org/which/-/which-4.0.0.tgz 0ms (cache hit)
1605 http cache picomatch@https://registry.npmjs.org/picomatch/-/picomatch-4.0.4.tgz 0ms (cache hit)
1606 http cache fdir@https://registry.npmjs.org/fdir/-/fdir-6.5.0.tgz 0ms (cache hit)
1607 http cache execa@https://registry.npmjs.org/execa/-/execa-5.1.1.tgz 0ms (cache hit)
1608 http cache commander@https://registry.npmjs.org/commander/-/commander-11.1.0.tgz 0ms (cache hit)
1609 http cache glob-parent@https://registry.npmjs.org/glob-parent/-/glob-parent-5.1.2.tgz 0ms (cache hit)
1610 http cache zod@https://registry.npmjs.org/zod/-/zod-3.25.76.tgz 0ms (cache hit)
1611 http cache fast-glob@https://registry.npmjs.org/fast-glob/-/fast-glob-3.3.3.tgz 0ms (cache hit)
1612 http cache tsconfig-paths@https://registry.npmjs.org/tsconfig-paths/-/tsconfig-paths-4.2.0.tgz 0ms (cache hit)
1613 silly tarball no local data for @floating-ui/core@https://registry.npmjs.org/@floating-ui/core/-/core-1.7.5.tgz. Extracting by manifest.
1614 silly tarball no local data for @floating-ui/dom@https://registry.npmjs.org/@floating-ui/dom/-/dom-1.7.6.tgz. Extracting by manifest.
1615 silly tarball no local data for @floating-ui/utils@https://registry.npmjs.org/@floating-ui/utils/-/utils-0.2.11.tgz. Extracting by manifest.
1616 silly tarball no local data for @floating-ui/react-dom@https://registry.npmjs.org/@floating-ui/react-dom/-/react-dom-2.1.8.tgz. Extracting by manifest.
1617 silly tarball no local data for @base-ui/utils@https://registry.npmjs.org/@base-ui/utils/-/utils-0.2.8.tgz. Extracting by manifest.
1618 silly tarball no local data for @babel/runtime@https://registry.npmjs.org/@babel/runtime/-/runtime-7.29.2.tgz. Extracting by manifest.
1619 silly tarball no local data for tw-animate-css@https://registry.npmjs.org/tw-animate-css/-/tw-animate-css-1.4.0.tgz. Extracting by manifest.
1620 silly tarball no local data for @base-ui/react@https://registry.npmjs.org/@base-ui/react/-/react-1.4.1.tgz. Extracting by manifest.
1621 http fetch POST 200 https://registry.npmjs.org/-/npm/v1/security/advisories/bulk 646ms
1622 silly audit report {
1622 silly audit report   postcss: [
1622 silly audit report     {
1622 silly audit report       id: 1117015,
1622 silly audit report       url: 'https://github.com/advisories/GHSA-qx2v-qp2m-jg93',
1622 silly audit report       title: 'PostCSS has XSS via Unescaped </style> in its CSS Stringify Output',
1622 silly audit report       severity: 'moderate',
1622 silly audit report       vulnerable_versions: '<8.5.10',
1622 silly audit report       cwe: [Array],
1622 silly audit report       cvss: [Object]
1622 silly audit report     }
1622 silly audit report   ]
1622 silly audit report }
1623 silly packumentCache corgi:https://registry.npmjs.org/postcss cache-miss
1624 http cache https://registry.npmjs.org/postcss 383ms (cache hit)
1625 silly packumentCache corgi:https://registry.npmjs.org/postcss set size:343873 disposed:false
1626 silly packumentCache corgi:https://registry.npmjs.org/next cache-miss
1627 http cache https://registry.npmjs.org/next 315ms (cache hit)
1628 silly packumentCache corgi:https://registry.npmjs.org/next set size:24969750 disposed:false
1629 http fetch GET 200 https://registry.npmjs.org/tw-animate-css/-/tw-animate-css-1.4.0.tgz 1663ms (cache miss)
1630 http fetch GET 200 https://registry.npmjs.org/@floating-ui/react-dom/-/react-dom-2.1.8.tgz 1817ms (cache miss)
1631 http fetch GET 200 https://registry.npmjs.org/@floating-ui/dom/-/dom-1.7.6.tgz 1898ms (cache miss)
1632 http fetch GET 200 https://registry.npmjs.org/@floating-ui/core/-/core-1.7.5.tgz 1956ms (cache miss)
1633 http fetch GET 200 https://registry.npmjs.org/@floating-ui/utils/-/utils-0.2.11.tgz 2142ms (cache miss)
1634 warn deprecated node-domexception@1.0.0: Use your platform's native DOMException instead
1635 http fetch GET 200 https://registry.npmjs.org/@base-ui/utils/-/utils-0.2.8.tgz 4085ms (cache miss)
1636 http fetch GET 200 https://registry.npmjs.org/@babel/runtime/-/runtime-7.29.2.tgz 4972ms (cache miss)
1637 http fetch GET 200 https://registry.npmjs.org/@base-ui/react/-/react-1.4.1.tgz 11579ms (cache miss)
1638 info run msw@2.14.6 postinstall node_modules/msw node -e "import('./config/scripts/postinstall.js').catch(() => void 0)"
1639 info run msw@2.14.6 postinstall { code: 0, signal: null }
1640 silly ADD node_modules/is-fullwidth-code-point
1641 silly ADD node_modules/require-from-string
1642 silly ADD node_modules/fast-uri
1643 silly ADD node_modules/mimic-fn
1644 silly ADD node_modules/merge-stream
1645 silly ADD node_modules/wrap-ansi
1646 silly ADD node_modules/wrap-ansi/node_modules/ansi-regex
1647 silly ADD node_modules/wrap-ansi/node_modules/emoji-regex
1648 silly ADD node_modules/wrap-ansi/node_modules/strip-ansi
1649 silly ADD node_modules/wrap-ansi/node_modules/string-width
1650 silly ADD node_modules/yargs-parser
1651 silly ADD node_modules/y18n
1652 silly ADD node_modules/require-directory
1653 silly ADD node_modules/get-caller-file
1654 silly ADD node_modules/cliui
1655 silly ADD node_modules/cliui/node_modules/ansi-regex
1656 silly ADD node_modules/cliui/node_modules/emoji-regex
1657 silly ADD node_modules/cliui/node_modules/strip-ansi
1658 silly ADD node_modules/cliui/node_modules/string-width
1659 silly ADD node_modules/is-wsl
1660 silly ADD node_modules/media-typer
1661 silly ADD node_modules/tagged-tag
1662 silly ADD node_modules/path-browserify
1663 silly ADD node_modules/code-block-writer
1664 silly ADD node_modules/@ts-morph/common
1665 silly ADD node_modules/@ts-morph/common/node_modules/balanced-match
1666 silly ADD node_modules/@ts-morph/common/node_modules/brace-expansion
1667 silly ADD node_modules/@ts-morph/common/node_modules/glob-parent
1668 silly ADD node_modules/@ts-morph/common/node_modules/minimatch
1669 silly ADD node_modules/@ts-morph/common/node_modules/fast-glob
1670 silly ADD node_modules/tldts-core
1671 silly ADD node_modules/tldts
1672 silly ADD node_modules/ansi-regex
1673 silly ADD node_modules/is-regexp
1674 silly ADD node_modules/is-obj
1675 silly ADD node_modules/get-own-enumerable-keys
1676 silly ADD node_modules/get-east-asian-width
1677 silly ADD node_modules/is-promise
1678 silly ADD node_modules/mimic-function
1679 silly ADD node_modules/onetime
1680 silly ADD node_modules/source-map
1681 silly ADD node_modules/esprima
1682 silly ADD node_modules/ast-types
1683 silly ADD node_modules/unpipe
1684 silly ADD node_modules/ipaddr.js
1685 silly ADD node_modules/forwarded
1686 silly ADD node_modules/sisteransi
1687 silly ADD node_modules/parse-ms
1688 silly ADD node_modules/util-deprecate
1689 silly ADD node_modules/cssesc
1690 silly ADD node_modules/is-arrayish
1691 silly ADD node_modules/lines-and-columns
1692 silly ADD node_modules/json-parse-even-better-errors
1693 silly ADD node_modules/error-ex
1694 silly ADD node_modules/restore-cursor
1695 silly ADD node_modules/strip-ansi
1696 silly ADD node_modules/string-width
1697 silly ADD node_modules/string-width/node_modules/emoji-regex
1698 silly ADD node_modules/stdin-discarder
1699 silly ADD node_modules/log-symbols
1700 silly ADD node_modules/log-symbols/node_modules/is-unicode-supported
1701 silly ADD node_modules/log-symbols/node_modules/chalk
1702 silly ADD node_modules/is-interactive
1703 silly ADD node_modules/cli-spinners
1704 silly ADD node_modules/cli-cursor
1705 silly ADD node_modules/is-docker
1706 silly ADD node_modules/run-applescript
1707 silly ADD node_modules/default-browser-id
1708 silly ADD node_modules/bundle-name
1709 silly ADD node_modules/wsl-utils
1710 silly ADD node_modules/powershell-utils
1711 silly ADD node_modules/is-inside-container
1712 silly ADD node_modules/is-in-ssh
1713 silly ADD node_modules/define-lazy-prop
1714 silly ADD node_modules/default-browser
1715 silly ADD node_modules/wrappy
1716 silly ADD node_modules/ee-first
1717 silly ADD node_modules/unicorn-magic
1718 silly ADD node_modules/web-streams-polyfill
1719 silly ADD node_modules/node-domexception
1720 silly ADD node_modules/formdata-polyfill
1721 silly ADD node_modules/fetch-blob
1722 silly ADD node_modules/data-uri-to-buffer
1723 silly ADD node_modules/set-cookie-parser
1724 silly ADD node_modules/@types/set-cookie-parser
1725 silly ADD node_modules/fast-string-truncated-width
1726 silly ADD node_modules/fast-string-width
1727 silly ADD node_modules/@open-draft/until
1728 silly ADD node_modules/@open-draft/logger
1729 silly ADD node_modules/mute-stream
1730 silly ADD node_modules/fast-wrap-ansi
1731 silly ADD node_modules/cli-width
1732 silly ADD node_modules/@inquirer/figures
1733 silly ADD node_modules/@inquirer/ansi
1734 silly ADD node_modules/@inquirer/type
1735 silly ADD node_modules/@inquirer/core
1736 silly ADD node_modules/yargs
1737 silly ADD node_modules/yargs/node_modules/ansi-regex
1738 silly ADD node_modules/yargs/node_modules/strip-ansi
1739 silly ADD node_modules/yargs/node_modules/emoji-regex
1740 silly ADD node_modules/yargs/node_modules/string-width
1741 silly ADD node_modules/until-async
1742 silly ADD node_modules/type-fest
1743 silly ADD node_modules/tough-cookie
1744 silly ADD node_modules/strict-event-emitter
1745 silly ADD node_modules/rettime
1746 silly ADD node_modules/path-to-regexp
1747 silly ADD node_modules/outvariant
1748 silly ADD node_modules/is-node-process
1749 silly ADD node_modules/headers-polyfill
1750 silly ADD node_modules/graphql
1751 silly ADD node_modules/@types/statuses
1752 silly ADD node_modules/@open-draft/deferred-promise
1753 silly ADD node_modules/@mswjs/interceptors
1754 silly ADD node_modules/@mswjs/interceptors/node_modules/@open-draft/deferred-promise
1755 silly ADD node_modules/@inquirer/confirm
1756 silly ADD node_modules/mime-db
1757 silly ADD node_modules/safer-buffer
1758 silly ADD node_modules/agent-base
1759 silly ADD node_modules/toidentifier
1760 silly ADD node_modules/setprototypeof
1761 silly ADD node_modules/inherits
1762 silly ADD node_modules/@sec-ant/readable-stream
1763 silly ADD node_modules/universalify
1764 silly ADD node_modules/jsonfile
1765 silly ADD node_modules/is-unicode-supported
1766 silly ADD node_modules/ip-address
1767 silly ADD node_modules/iconv-lite
1768 silly ADD node_modules/bytes
1769 silly ADD node_modules/negotiator
1770 silly ADD node_modules/type-is
1771 silly ADD node_modules/type-is/node_modules/content-type
1772 silly ADD node_modules/statuses
1773 silly ADD node_modules/serve-static
1774 silly ADD node_modules/send
1775 silly ADD node_modules/router
1776 silly ADD node_modules/router/node_modules/path-to-regexp
1777 silly ADD node_modules/range-parser
1778 silly ADD node_modules/qs
1779 silly ADD node_modules/proxy-addr
1780 silly ADD node_modules/parseurl
1781 silly ADD node_modules/once
1782 silly ADD node_modules/on-finished
1783 silly ADD node_modules/mime-types
1784 silly ADD node_modules/merge-descriptors
1785 silly ADD node_modules/http-errors
1786 silly ADD node_modules/fresh
1787 silly ADD node_modules/finalhandler
1788 silly ADD node_modules/etag
1789 silly ADD node_modules/escape-html
1790 silly ADD node_modules/encodeurl
1791 silly ADD node_modules/depd
1792 silly ADD node_modules/cookie-signature
1793 silly ADD node_modules/cookie
1794 silly ADD node_modules/content-disposition
1795 silly ADD node_modules/body-parser
1796 silly ADD node_modules/accepts
1797 silly ADD node_modules/yoctocolors
1798 silly ADD node_modules/strip-final-newline
1799 silly ADD node_modules/signal-exit
1800 silly ADD node_modules/pretty-ms
1801 silly ADD node_modules/npm-run-path
1802 silly ADD node_modules/npm-run-path/node_modules/path-key
1803 silly ADD node_modules/is-stream
1804 silly ADD node_modules/is-plain-obj
1805 silly ADD node_modules/human-signals
1806 silly ADD node_modules/get-stream
1807 silly ADD node_modules/figures
1808 silly ADD node_modules/@sindresorhus/merge-streams
1809 silly ADD node_modules/@noble/hashes
1810 silly ADD node_modules/@noble/curves
1811 silly ADD node_modules/@noble/ciphers
1812 silly ADD node_modules/@ecies/ciphers
1813 silly ADD node_modules/parse-json
1814 silly ADD node_modules/env-paths
1815 silly ADD node_modules/vary
1816 silly ADD node_modules/raw-body
1817 silly ADD node_modules/pkce-challenge
1818 silly ADD node_modules/json-schema-typed
1819 silly ADD node_modules/jose
1820 silly ADD node_modules/express-rate-limit
1821 silly ADD node_modules/express
1822 silly ADD node_modules/eventsource-parser
1823 silly ADD node_modules/eventsource
1824 silly ADD node_modules/cors
1825 silly ADD node_modules/content-type
1826 silly ADD node_modules/ajv-formats
1827 silly ADD node_modules/ajv-formats/node_modules/json-schema-traverse
1828 silly ADD node_modules/ajv-formats/node_modules/ajv
1829 silly ADD node_modules/hono
1830 silly ADD node_modules/@hono/node-server
1831 silly ADD node_modules/yocto-spinner
1832 silly ADD node_modules/object-treeify
1833 silly ADD node_modules/eciesjs
1834 silly ADD node_modules/dotenv
1835 silly ADD node_modules/@babel/plugin-transform-modules-commonjs
1836 silly ADD node_modules/@babel/plugin-syntax-jsx
1837 silly ADD node_modules/@babel/helper-replace-supers
1838 silly ADD node_modules/@babel/helper-optimise-call-expression
1839 silly ADD node_modules/@babel/helper-member-expression-to-functions
1840 silly ADD node_modules/@babel/plugin-syntax-typescript
1841 silly ADD node_modules/@babel/helper-skip-transparent-expression-wrappers
1842 silly ADD node_modules/@babel/helper-plugin-utils
1843 silly ADD node_modules/@babel/helper-create-class-features-plugin
1844 silly ADD node_modules/@babel/helper-annotate-as-pure
1845 silly ADD node_modules/zod-to-json-schema
1846 silly ADD node_modules/validate-npm-package-name
1847 silly ADD node_modules/ts-morph
1848 silly ADD node_modules/stringify-object
1849 silly ADD node_modules/recast
1850 silly ADD node_modules/prompts
1851 silly ADD node_modules/prompts/node_modules/kleur
1852 silly ADD node_modules/postcss-selector-parser
1853 silly ADD node_modules/ora
1854 silly ADD node_modules/ora/node_modules/chalk
1855 silly ADD node_modules/open
1856 silly ADD node_modules/node-fetch
1857 silly ADD node_modules/msw
1858 silly ADD node_modules/msw/node_modules/cookie
1859 silly ADD node_modules/kleur
1860 silly ADD node_modules/https-proxy-agent
1861 silly ADD node_modules/fuzzysort
1862 silly ADD node_modules/fs-extra
1863 silly ADD node_modules/execa
1864 silly ADD node_modules/diff
1865 silly ADD node_modules/deepmerge
1866 silly ADD node_modules/dedent
1867 silly ADD node_modules/cosmiconfig
1868 silly ADD node_modules/commander
1869 silly ADD node_modules/@types/validate-npm-package-name
1870 silly ADD node_modules/@modelcontextprotocol/sdk
1871 silly ADD node_modules/@modelcontextprotocol/sdk/node_modules/json-schema-traverse
1872 silly ADD node_modules/@modelcontextprotocol/sdk/node_modules/ajv
1873 silly ADD node_modules/@dotenvx/dotenvx
1874 silly ADD node_modules/@dotenvx/dotenvx/node_modules/isexe
1875 silly ADD node_modules/@dotenvx/dotenvx/node_modules/strip-final-newline
1876 silly ADD node_modules/@dotenvx/dotenvx/node_modules/signal-exit
1877 silly ADD node_modules/@dotenvx/dotenvx/node_modules/onetime
1878 silly ADD node_modules/@dotenvx/dotenvx/node_modules/npm-run-path
1879 silly ADD node_modules/@dotenvx/dotenvx/node_modules/is-stream
1880 silly ADD node_modules/@dotenvx/dotenvx/node_modules/human-signals
1881 silly ADD node_modules/@dotenvx/dotenvx/node_modules/get-stream
1882 silly ADD node_modules/@dotenvx/dotenvx/node_modules/which
1883 silly ADD node_modules/@dotenvx/dotenvx/node_modules/picomatch
1884 silly ADD node_modules/@dotenvx/dotenvx/node_modules/fdir
1885 silly ADD node_modules/@dotenvx/dotenvx/node_modules/execa
1886 silly ADD node_modules/@dotenvx/dotenvx/node_modules/commander
1887 silly ADD node_modules/@babel/preset-typescript
1888 silly ADD node_modules/@babel/plugin-transform-typescript
1889 silly ADD node_modules/@floating-ui/core
1890 silly ADD node_modules/@floating-ui/dom
1891 silly ADD node_modules/@floating-ui/utils
1892 silly ADD node_modules/@floating-ui/react-dom
1893 silly ADD node_modules/@base-ui/utils
1894 silly ADD node_modules/@babel/runtime
1895 silly ADD node_modules/tw-animate-css
1896 silly ADD node_modules/shadcn
1897 silly ADD node_modules/shadcn/node_modules/glob-parent
1898 silly ADD node_modules/shadcn/node_modules/zod
1899 silly ADD node_modules/shadcn/node_modules/tsconfig-paths
1900 silly ADD node_modules/shadcn/node_modules/fast-glob
1901 silly ADD node_modules/@base-ui/react
1902 verbose cwd C:\Users\deweb\Documents\VSME Supplier Passport
1903 verbose os Windows_NT 10.0.22631
1904 verbose node v24.15.0
1905 verbose npm  v11.12.1
1906 verbose exit 0
1907 info ok
