0 verbose cli C:\Program Files\nodejs\node.exe C:\Program Files\nodejs\node_modules\npm\bin\npm-cli.js
1 info using npm@11.12.1
2 info using node@v24.15.0
3 silly config load:file:C:\Program Files\nodejs\node_modules\npm\npmrc
4 silly config load:file:C:\Users\deweb\Documents\VSME Supplier Passport\.npmrc
5 silly config load:file:C:\Users\deweb\.npmrc
6 silly config load:file:C:\Users\deweb\Documents\VSME Supplier Passport\.appdata\npm\etc\npmrc
7 verbose title npm exec shadcn@latest init --yes --base-color slate
8 verbose argv "exec" "--" "shadcn@latest" "init" "--yes" "--base-color" "slate"
9 verbose logfile logs-max:10 dir:C:\Users\deweb\Documents\VSME Supplier Passport\.npm-cache\_logs\2026-05-16T07_55_29_825Z-
10 verbose logfile C:\Users\deweb\Documents\VSME Supplier Passport\.npm-cache\_logs\2026-05-16T07_55_29_825Z-debug-0.log
11 silly logfile done cleaning log files
12 silly packumentCache heap:4496293888 maxSize:1124073472 maxEntrySize:562036736
13 http fetch GET 200 https://registry.npmjs.org/shadcn 133ms (cache miss)
14 silly packumentCache heap:4496293888 maxSize:1124073472 maxEntrySize:562036736
15 verbose Could not read global path C:\Users\deweb\Documents\VSME Supplier Passport\.appdata\npm, ignoring
16 silly packumentCache heap:4496293888 maxSize:1124073472 maxEntrySize:562036736
17 warn exec The following package was not found and will be installed: shadcn@4.7.0
18 silly idealTree buildDeps
19 silly fetch manifest shadcn@4.7.0
20 silly packumentCache full:https://registry.npmjs.org/shadcn cache-miss
21 http fetch GET 200 https://registry.npmjs.org/shadcn 63ms (cache miss)
22 silly packumentCache full:https://registry.npmjs.org/shadcn set size:undefined disposed:false
23 silly placeDep ROOT shadcn@4.7.0 OK for:  want: 4.7.0
24 silly fetch manifest @babel/core@^7.28.0
25 silly packumentCache full:https://registry.npmjs.org/@babel%2fcore cache-miss
26 silly fetch manifest @babel/parser@^7.28.0
27 silly packumentCache full:https://registry.npmjs.org/@babel%2fparser cache-miss
28 silly fetch manifest @babel/plugin-transform-typescript@^7.28.0
29 silly packumentCache full:https://registry.npmjs.org/@babel%2fplugin-transform-typescript cache-miss
30 http cache https://registry.npmjs.org/@babel%2fcore 13ms (cache hit)
31 silly packumentCache full:https://registry.npmjs.org/@babel%2fcore set size:768033 disposed:false
32 silly fetch manifest @babel/preset-typescript@^7.27.1
33 silly packumentCache full:https://registry.npmjs.org/@babel%2fpreset-typescript cache-miss
34 http cache https://registry.npmjs.org/@babel%2fparser 19ms (cache hit)
35 silly packumentCache full:https://registry.npmjs.org/@babel%2fparser set size:725652 disposed:false
36 silly fetch manifest @dotenvx/dotenvx@^1.48.4
37 silly packumentCache full:https://registry.npmjs.org/@dotenvx%2fdotenvx cache-miss
38 http fetch GET 200 https://registry.npmjs.org/@babel%2fplugin-transform-typescript 72ms (cache miss)
39 silly packumentCache full:https://registry.npmjs.org/@babel%2fplugin-transform-typescript set size:undefined disposed:false
40 silly fetch manifest @modelcontextprotocol/sdk@^1.26.0
41 silly packumentCache full:https://registry.npmjs.org/@modelcontextprotocol%2fsdk cache-miss
42 http fetch GET 200 https://registry.npmjs.org/@modelcontextprotocol%2fsdk 56ms (cache miss)
43 silly packumentCache full:https://registry.npmjs.org/@modelcontextprotocol%2fsdk set size:undefined disposed:false
44 silly fetch manifest @types/validate-npm-package-name@^4.0.2
45 silly packumentCache full:https://registry.npmjs.org/@types%2fvalidate-npm-package-name cache-miss
46 http fetch GET 200 https://registry.npmjs.org/@babel%2fpreset-typescript 137ms (cache miss)
47 silly packumentCache full:https://registry.npmjs.org/@babel%2fpreset-typescript set size:undefined disposed:false
48 silly fetch manifest browserslist@^4.26.2
49 silly packumentCache full:https://registry.npmjs.org/browserslist cache-miss
50 http fetch GET 200 https://registry.npmjs.org/@dotenvx%2fdotenvx 139ms (cache miss)
51 silly packumentCache full:https://registry.npmjs.org/@dotenvx%2fdotenvx set size:undefined disposed:false
52 silly fetch manifest commander@^14.0.0
53 silly packumentCache full:https://registry.npmjs.org/commander cache-miss
54 http cache https://registry.npmjs.org/browserslist 15ms (cache hit)
55 silly packumentCache full:https://registry.npmjs.org/browserslist set size:504681 disposed:false
56 silly fetch manifest cosmiconfig@^9.0.0
57 silly packumentCache full:https://registry.npmjs.org/cosmiconfig cache-miss
58 http fetch GET 200 https://registry.npmjs.org/@types%2fvalidate-npm-package-name 53ms (cache miss)
59 silly packumentCache full:https://registry.npmjs.org/@types%2fvalidate-npm-package-name set size:undefined disposed:false
60 silly fetch manifest dedent@^1.6.0
61 silly packumentCache full:https://registry.npmjs.org/dedent cache-miss
62 http fetch GET 200 https://registry.npmjs.org/cosmiconfig 67ms (cache miss)
63 silly packumentCache full:https://registry.npmjs.org/cosmiconfig set size:undefined disposed:false
64 silly fetch manifest deepmerge@^4.3.1
65 silly packumentCache full:https://registry.npmjs.org/deepmerge cache-miss
66 http fetch GET 200 https://registry.npmjs.org/commander 82ms (cache miss)
67 silly packumentCache full:https://registry.npmjs.org/commander set size:undefined disposed:false
68 silly fetch manifest diff@^8.0.2
69 silly packumentCache full:https://registry.npmjs.org/diff cache-miss
70 http fetch GET 200 https://registry.npmjs.org/dedent 67ms (cache miss)
71 silly packumentCache full:https://registry.npmjs.org/dedent set size:undefined disposed:false
72 silly fetch manifest execa@^9.6.0
73 silly packumentCache full:https://registry.npmjs.org/execa cache-miss
74 http fetch GET 200 https://registry.npmjs.org/deepmerge 61ms (cache miss)
75 silly packumentCache full:https://registry.npmjs.org/deepmerge set size:undefined disposed:false
76 silly fetch manifest fast-glob@^3.3.3
77 silly packumentCache full:https://registry.npmjs.org/fast-glob cache-miss
78 http cache https://registry.npmjs.org/fast-glob 9ms (cache hit)
79 silly packumentCache full:https://registry.npmjs.org/fast-glob set size:220556 disposed:false
80 silly fetch manifest fs-extra@^11.3.1
81 silly packumentCache full:https://registry.npmjs.org/fs-extra cache-miss
82 http fetch GET 200 https://registry.npmjs.org/diff 70ms (cache miss)
83 silly packumentCache full:https://registry.npmjs.org/diff set size:undefined disposed:false
84 silly fetch manifest fuzzysort@^3.1.0
85 silly packumentCache full:https://registry.npmjs.org/fuzzysort cache-miss
86 http fetch GET 200 https://registry.npmjs.org/execa 72ms (cache miss)
87 silly packumentCache full:https://registry.npmjs.org/execa set size:undefined disposed:false
88 silly fetch manifest https-proxy-agent@^7.0.6
89 silly packumentCache full:https://registry.npmjs.org/https-proxy-agent cache-miss
90 http fetch GET 200 https://registry.npmjs.org/fs-extra 46ms (cache miss)
91 silly packumentCache full:https://registry.npmjs.org/fs-extra set size:undefined disposed:false
92 silly fetch manifest kleur@^4.1.5
93 silly packumentCache full:https://registry.npmjs.org/kleur cache-miss
94 http fetch GET 200 https://registry.npmjs.org/https-proxy-agent 47ms (cache miss)
95 silly packumentCache full:https://registry.npmjs.org/https-proxy-agent set size:undefined disposed:false
96 silly fetch manifest msw@^2.10.4
97 silly packumentCache full:https://registry.npmjs.org/msw cache-miss
98 http fetch GET 200 https://registry.npmjs.org/fuzzysort 55ms (cache miss)
99 silly packumentCache full:https://registry.npmjs.org/fuzzysort set size:undefined disposed:false
100 silly fetch manifest node-fetch@^3.3.2
101 silly packumentCache full:https://registry.npmjs.org/node-fetch cache-miss
102 http fetch GET 200 https://registry.npmjs.org/kleur 43ms (cache miss)
103 silly packumentCache full:https://registry.npmjs.org/kleur set size:undefined disposed:false
104 silly fetch manifest open@^11.0.0
105 silly packumentCache full:https://registry.npmjs.org/open cache-miss
106 http fetch GET 200 https://registry.npmjs.org/open 78ms (cache miss)
107 silly packumentCache full:https://registry.npmjs.org/open set size:undefined disposed:false
108 silly fetch manifest ora@^8.2.0
109 silly packumentCache full:https://registry.npmjs.org/ora cache-miss
110 http fetch GET 200 https://registry.npmjs.org/node-fetch 121ms (cache miss)
111 silly packumentCache full:https://registry.npmjs.org/node-fetch set size:undefined disposed:false
112 silly fetch manifest postcss@^8.5.6
113 silly packumentCache full:https://registry.npmjs.org/postcss cache-miss
114 http fetch GET 200 https://registry.npmjs.org/msw 132ms (cache miss)
115 silly packumentCache full:https://registry.npmjs.org/msw set size:undefined disposed:false
116 silly fetch manifest postcss-selector-parser@^7.1.0
117 silly packumentCache full:https://registry.npmjs.org/postcss-selector-parser cache-miss
118 http cache https://registry.npmjs.org/postcss 20ms (cache hit)
119 silly packumentCache full:https://registry.npmjs.org/postcss set size:720302 disposed:false
120 silly fetch manifest prompts@^2.4.2
121 silly packumentCache full:https://registry.npmjs.org/prompts cache-miss
122 http fetch GET 200 https://registry.npmjs.org/postcss-selector-parser 41ms (cache miss)
123 silly packumentCache full:https://registry.npmjs.org/postcss-selector-parser set size:undefined disposed:false
124 silly fetch manifest recast@^0.23.11
125 silly packumentCache full:https://registry.npmjs.org/recast cache-miss
126 http fetch GET 200 https://registry.npmjs.org/prompts 48ms (cache miss)
127 silly packumentCache full:https://registry.npmjs.org/prompts set size:undefined disposed:false
128 silly fetch manifest stringify-object@^5.0.0
129 silly packumentCache full:https://registry.npmjs.org/stringify-object cache-miss
130 http fetch GET 200 https://registry.npmjs.org/recast 61ms (cache miss)
131 silly packumentCache full:https://registry.npmjs.org/recast set size:undefined disposed:false
132 silly fetch manifest tailwind-merge@^3.0.1
133 silly packumentCache full:https://registry.npmjs.org/tailwind-merge cache-miss
134 http fetch GET 200 https://registry.npmjs.org/stringify-object 51ms (cache miss)
135 silly packumentCache full:https://registry.npmjs.org/stringify-object set size:undefined disposed:false
136 silly fetch manifest ts-morph@^26.0.0
137 silly packumentCache full:https://registry.npmjs.org/ts-morph cache-miss
138 http cache https://registry.npmjs.org/tailwind-merge 11ms (cache hit)
139 silly packumentCache full:https://registry.npmjs.org/tailwind-merge set size:1613657 disposed:false
140 silly fetch manifest tsconfig-paths@^4.2.0
141 silly packumentCache full:https://registry.npmjs.org/tsconfig-paths cache-miss
142 http cache https://registry.npmjs.org/tsconfig-paths 4ms (cache hit)
143 silly packumentCache full:https://registry.npmjs.org/tsconfig-paths set size:192565 disposed:false
144 silly fetch manifest validate-npm-package-name@^7.0.1
145 silly packumentCache full:https://registry.npmjs.org/validate-npm-package-name cache-miss
146 http fetch GET 200 https://registry.npmjs.org/ts-morph 66ms (cache miss)
147 silly packumentCache full:https://registry.npmjs.org/ts-morph set size:undefined disposed:false
148 silly fetch manifest zod@^3.24.1
149 silly packumentCache full:https://registry.npmjs.org/zod cache-miss
150 http fetch GET 200 https://registry.npmjs.org/ora 214ms (cache miss)
151 silly packumentCache full:https://registry.npmjs.org/ora set size:undefined disposed:false
152 silly fetch manifest zod-to-json-schema@^3.24.6
153 silly packumentCache full:https://registry.npmjs.org/zod-to-json-schema cache-miss
154 http fetch GET 200 https://registry.npmjs.org/validate-npm-package-name 55ms (cache miss)
155 silly packumentCache full:https://registry.npmjs.org/validate-npm-package-name set size:undefined disposed:false
156 http cache https://registry.npmjs.org/zod 16ms (cache hit)
157 silly packumentCache full:https://registry.npmjs.org/zod set size:3552562 disposed:false
158 http fetch GET 200 https://registry.npmjs.org/zod-to-json-schema 51ms (cache miss)
159 silly packumentCache full:https://registry.npmjs.org/zod-to-json-schema set size:undefined disposed:false
160 silly fetch manifest @cfworker/json-schema@^4.1.1
161 silly packumentCache full:https://registry.npmjs.org/@cfworker%2fjson-schema cache-miss
162 http fetch GET 200 https://registry.npmjs.org/@cfworker%2fjson-schema 56ms (cache miss)
163 silly packumentCache full:https://registry.npmjs.org/@cfworker%2fjson-schema set size:undefined disposed:false
164 silly fetch manifest typescript@>=4.9.5
165 silly packumentCache full:https://registry.npmjs.org/typescript cache-miss
166 http cache https://registry.npmjs.org/typescript 34ms (cache hit)
167 silly packumentCache full:https://registry.npmjs.org/typescript set size:15409943 disposed:false
168 silly fetch manifest babel-plugin-macros@^3.1.0
169 silly packumentCache full:https://registry.npmjs.org/babel-plugin-macros cache-miss
170 http fetch GET 200 https://registry.npmjs.org/babel-plugin-macros 48ms (cache miss)
171 silly packumentCache full:https://registry.npmjs.org/babel-plugin-macros set size:undefined disposed:false
172 silly fetch manifest typescript@>= 4.8.x
173 silly packumentCache full:https://registry.npmjs.org/typescript cache-miss
174 http cache https://registry.npmjs.org/typescript 42ms (cache hit)
175 silly packumentCache full:https://registry.npmjs.org/typescript set size:15409943 disposed:false
176 silly placeDep ROOT @babel/core@7.29.0 OK for: shadcn@4.7.0 want: ^7.28.0
177 silly placeDep ROOT @babel/parser@7.29.3 OK for: shadcn@4.7.0 want: ^7.28.0
178 silly placeDep ROOT @babel/plugin-transform-typescript@7.28.6 OK for: shadcn@4.7.0 want: ^7.28.0
179 silly placeDep ROOT @babel/preset-typescript@7.28.5 OK for: shadcn@4.7.0 want: ^7.27.1
180 silly placeDep ROOT @dotenvx/dotenvx@1.66.0 OK for: shadcn@4.7.0 want: ^1.48.4
181 silly placeDep ROOT @modelcontextprotocol/sdk@1.29.0 OK for: shadcn@4.7.0 want: ^1.26.0
182 silly placeDep ROOT @types/validate-npm-package-name@4.0.2 OK for: shadcn@4.7.0 want: ^4.0.2
183 silly placeDep ROOT browserslist@4.28.2 OK for: shadcn@4.7.0 want: ^4.26.2
184 silly placeDep ROOT commander@14.0.3 OK for: shadcn@4.7.0 want: ^14.0.0
185 silly placeDep ROOT cosmiconfig@9.0.1 OK for: shadcn@4.7.0 want: ^9.0.0
186 silly placeDep ROOT dedent@1.7.2 OK for: shadcn@4.7.0 want: ^1.6.0
187 silly placeDep ROOT deepmerge@4.3.1 OK for: shadcn@4.7.0 want: ^4.3.1
188 silly placeDep ROOT diff@8.0.4 OK for: shadcn@4.7.0 want: ^8.0.2
189 silly placeDep ROOT execa@9.6.1 OK for: shadcn@4.7.0 want: ^9.6.0
190 silly placeDep ROOT fast-glob@3.3.3 OK for: shadcn@4.7.0 want: ^3.3.3
191 silly placeDep ROOT fs-extra@11.3.5 OK for: shadcn@4.7.0 want: ^11.3.1
192 silly placeDep ROOT fuzzysort@3.1.0 OK for: shadcn@4.7.0 want: ^3.1.0
193 silly placeDep ROOT https-proxy-agent@7.0.6 OK for: shadcn@4.7.0 want: ^7.0.6
194 silly placeDep ROOT kleur@4.1.5 OK for: shadcn@4.7.0 want: ^4.1.5
195 silly placeDep ROOT msw@2.14.6 OK for: shadcn@4.7.0 want: ^2.10.4
196 silly placeDep ROOT node-fetch@3.3.2 OK for: shadcn@4.7.0 want: ^3.3.2
197 silly placeDep ROOT open@11.0.0 OK for: shadcn@4.7.0 want: ^11.0.0
198 silly placeDep ROOT ora@8.2.0 OK for: shadcn@4.7.0 want: ^8.2.0
199 silly placeDep ROOT postcss@8.5.14 OK for: shadcn@4.7.0 want: ^8.5.6
200 silly placeDep ROOT postcss-selector-parser@7.1.1 OK for: shadcn@4.7.0 want: ^7.1.0
201 silly placeDep ROOT prompts@2.4.2 OK for: shadcn@4.7.0 want: ^2.4.2
202 silly placeDep ROOT recast@0.23.11 OK for: shadcn@4.7.0 want: ^0.23.11
203 silly placeDep ROOT stringify-object@5.0.0 OK for: shadcn@4.7.0 want: ^5.0.0
204 silly placeDep ROOT tailwind-merge@3.6.0 OK for: shadcn@4.7.0 want: ^3.0.1
205 silly placeDep ROOT ts-morph@26.0.0 OK for: shadcn@4.7.0 want: ^26.0.0
206 silly placeDep ROOT tsconfig-paths@4.2.0 OK for: shadcn@4.7.0 want: ^4.2.0
207 silly placeDep ROOT validate-npm-package-name@7.0.2 OK for: shadcn@4.7.0 want: ^7.0.1
208 silly placeDep ROOT zod@3.25.76 OK for: shadcn@4.7.0 want: ^3.24.1
209 silly placeDep ROOT zod-to-json-schema@3.25.2 OK for: shadcn@4.7.0 want: ^3.24.6
210 silly fetch manifest debug@^4.1.0
211 silly packumentCache full:https://registry.npmjs.org/debug cache-miss
212 silly fetch manifest json5@^2.2.3
213 silly packumentCache full:https://registry.npmjs.org/json5 cache-miss
214 silly fetch manifest semver@^6.3.1
215 silly packumentCache full:https://registry.npmjs.org/semver cache-miss
216 http cache https://registry.npmjs.org/json5 7ms (cache hit)
217 silly packumentCache full:https://registry.npmjs.org/json5 set size:86136 disposed:false
218 silly fetch manifest gensync@^1.0.0-beta.2
219 silly packumentCache full:https://registry.npmjs.org/gensync cache-miss
220 http cache https://registry.npmjs.org/debug 10ms (cache hit)
221 silly packumentCache full:https://registry.npmjs.org/debug set size:195840 disposed:false
222 silly fetch manifest @babel/types@^7.29.0
223 silly packumentCache full:https://registry.npmjs.org/@babel%2ftypes cache-miss
224 http cache https://registry.npmjs.org/semver 12ms (cache hit)
225 silly packumentCache full:https://registry.npmjs.org/semver set size:233058 disposed:false
226 silly fetch manifest @babel/parser@^7.29.0
227 silly packumentCache full:https://registry.npmjs.org/@babel%2fparser cache-hit
228 silly fetch manifest @babel/helpers@^7.28.6
229 silly packumentCache full:https://registry.npmjs.org/@babel%2fhelpers cache-miss
230 http cache https://registry.npmjs.org/gensync 13ms (cache hit)
231 silly packumentCache full:https://registry.npmjs.org/gensync set size:15068 disposed:false
232 silly fetch manifest @babel/template@^7.28.6
233 silly packumentCache full:https://registry.npmjs.org/@babel%2ftemplate cache-miss
234 http cache https://registry.npmjs.org/@babel%2fhelpers 8ms (cache hit)
235 silly packumentCache full:https://registry.npmjs.org/@babel%2fhelpers set size:392204 disposed:false
236 silly fetch manifest @babel/traverse@^7.29.0
237 silly packumentCache full:https://registry.npmjs.org/@babel%2ftraverse cache-miss
238 http cache https://registry.npmjs.org/@babel%2ftypes 16ms (cache hit)
239 silly packumentCache full:https://registry.npmjs.org/@babel%2ftypes set size:491978 disposed:false
240 silly fetch manifest @babel/generator@^7.29.0
241 silly packumentCache full:https://registry.npmjs.org/@babel%2fgenerator cache-miss
242 http cache https://registry.npmjs.org/@babel%2ftemplate 19ms (cache hit)
243 silly packumentCache full:https://registry.npmjs.org/@babel%2ftemplate set size:231020 disposed:false
244 silly fetch manifest @babel/code-frame@^7.29.0
245 silly packumentCache full:https://registry.npmjs.org/@babel%2fcode-frame cache-miss
246 http cache https://registry.npmjs.org/@babel%2ftraverse 19ms (cache hit)
247 silly packumentCache full:https://registry.npmjs.org/@babel%2ftraverse set size:553169 disposed:false
248 silly fetch manifest convert-source-map@^2.0.0
249 silly packumentCache full:https://registry.npmjs.org/convert-source-map cache-miss
250 http cache https://registry.npmjs.org/@babel%2fgenerator 19ms (cache hit)
251 silly packumentCache full:https://registry.npmjs.org/@babel%2fgenerator set size:511498 disposed:false
252 silly fetch manifest @jridgewell/remapping@^2.3.5
253 silly packumentCache full:https://registry.npmjs.org/@jridgewell%2fremapping cache-miss
254 http cache https://registry.npmjs.org/@jridgewell%2fremapping 19ms (cache hit)
255 silly packumentCache full:https://registry.npmjs.org/@jridgewell%2fremapping set size:23809 disposed:false
256 silly fetch manifest @babel/helper-module-transforms@^7.28.6
257 silly packumentCache full:https://registry.npmjs.org/@babel%2fhelper-module-transforms cache-miss
258 http cache https://registry.npmjs.org/convert-source-map 26ms (cache hit)
259 silly packumentCache full:https://registry.npmjs.org/convert-source-map set size:66997 disposed:false
260 silly fetch manifest @babel/helper-compilation-targets@^7.28.6
261 silly packumentCache full:https://registry.npmjs.org/@babel%2fhelper-compilation-targets cache-miss
262 http cache https://registry.npmjs.org/@babel%2fcode-frame 32ms (cache hit)
263 silly packumentCache full:https://registry.npmjs.org/@babel%2fcode-frame set size:200237 disposed:false
264 silly fetch manifest @babel/helper-plugin-utils@^7.28.6
265 silly packumentCache full:https://registry.npmjs.org/@babel%2fhelper-plugin-utils cache-miss
266 http cache https://registry.npmjs.org/@babel%2fhelper-module-transforms 10ms (cache hit)
267 silly packumentCache full:https://registry.npmjs.org/@babel%2fhelper-module-transforms set size:337711 disposed:false
268 silly fetch manifest @babel/helper-annotate-as-pure@^7.27.3
269 silly packumentCache full:https://registry.npmjs.org/@babel%2fhelper-annotate-as-pure cache-miss
270 http cache https://registry.npmjs.org/@babel%2fhelper-compilation-targets 11ms (cache hit)
271 silly packumentCache full:https://registry.npmjs.org/@babel%2fhelper-compilation-targets set size:222906 disposed:false
272 silly fetch manifest @babel/plugin-syntax-typescript@^7.28.6
273 silly packumentCache full:https://registry.npmjs.org/@babel%2fplugin-syntax-typescript cache-miss
274 http fetch GET 200 https://registry.npmjs.org/@babel%2fhelper-plugin-utils 68ms (cache miss)
275 silly packumentCache full:https://registry.npmjs.org/@babel%2fhelper-plugin-utils set size:undefined disposed:false
276 silly fetch manifest @babel/helper-create-class-features-plugin@^7.28.6
277 silly packumentCache full:https://registry.npmjs.org/@babel%2fhelper-create-class-features-plugin cache-miss
278 http fetch GET 200 https://registry.npmjs.org/@babel%2fhelper-annotate-as-pure 68ms (cache miss)
279 silly packumentCache full:https://registry.npmjs.org/@babel%2fhelper-annotate-as-pure set size:undefined disposed:false
280 silly fetch manifest @babel/helper-skip-transparent-expression-wrappers@^7.27.1
281 silly packumentCache full:https://registry.npmjs.org/@babel%2fhelper-skip-transparent-expression-wrappers cache-miss
282 http fetch GET 200 https://registry.npmjs.org/@babel%2fplugin-syntax-typescript 72ms (cache miss)
283 silly packumentCache full:https://registry.npmjs.org/@babel%2fplugin-syntax-typescript set size:undefined disposed:false
284 silly fetch manifest @babel/plugin-syntax-jsx@^7.27.1
285 silly packumentCache full:https://registry.npmjs.org/@babel%2fplugin-syntax-jsx cache-miss
286 http fetch GET 200 https://registry.npmjs.org/@babel%2fhelper-skip-transparent-expression-wrappers 65ms (cache miss)
287 silly packumentCache full:https://registry.npmjs.org/@babel%2fhelper-skip-transparent-expression-wrappers set size:undefined disposed:false
288 silly fetch manifest @babel/helper-plugin-utils@^7.27.1
289 silly packumentCache full:https://registry.npmjs.org/@babel%2fhelper-plugin-utils cache-miss
290 http fetch GET 200 https://registry.npmjs.org/@babel%2fhelper-create-class-features-plugin 75ms (cache miss)
291 silly packumentCache full:https://registry.npmjs.org/@babel%2fhelper-create-class-features-plugin set size:undefined disposed:false
292 silly fetch manifest @babel/helper-validator-option@^7.27.1
293 silly packumentCache full:https://registry.npmjs.org/@babel%2fhelper-validator-option cache-miss
294 http cache https://registry.npmjs.org/@babel%2fhelper-plugin-utils 7ms (cache hit)
295 silly packumentCache full:https://registry.npmjs.org/@babel%2fhelper-plugin-utils set size:167686 disposed:false
296 silly fetch manifest @babel/plugin-transform-modules-commonjs@^7.27.1
297 silly packumentCache full:https://registry.npmjs.org/@babel%2fplugin-transform-modules-commonjs cache-miss
298 http cache https://registry.npmjs.org/@babel%2fhelper-validator-option 6ms (cache hit)
299 silly packumentCache full:https://registry.npmjs.org/@babel%2fhelper-validator-option set size:95686 disposed:false
300 silly fetch manifest commander@^11.1.0
301 silly packumentCache full:https://registry.npmjs.org/commander cache-miss
302 http fetch GET 200 https://registry.npmjs.org/@babel%2fplugin-syntax-jsx 72ms (cache miss)
303 silly packumentCache full:https://registry.npmjs.org/@babel%2fplugin-syntax-jsx set size:undefined disposed:false
304 silly fetch manifest dotenv@^17.2.1
305 silly packumentCache full:https://registry.npmjs.org/dotenv cache-miss
306 http cache https://registry.npmjs.org/commander 7ms (cache hit)
307 silly packumentCache full:https://registry.npmjs.org/commander set size:306288 disposed:false
308 silly fetch manifest eciesjs@^0.4.10
309 silly packumentCache full:https://registry.npmjs.org/eciesjs cache-miss
310 http fetch GET 200 https://registry.npmjs.org/dotenv 52ms (cache miss)
311 silly packumentCache full:https://registry.npmjs.org/dotenv set size:undefined disposed:false
312 silly fetch manifest execa@^5.1.1
313 silly packumentCache full:https://registry.npmjs.org/execa cache-miss
314 http cache https://registry.npmjs.org/execa 5ms (cache hit)
315 silly packumentCache full:https://registry.npmjs.org/execa set size:181234 disposed:false
316 silly fetch manifest fdir@^6.2.0
317 silly packumentCache full:https://registry.npmjs.org/fdir cache-miss
318 http cache https://registry.npmjs.org/fdir 6ms (cache hit)
319 silly packumentCache full:https://registry.npmjs.org/fdir set size:136182 disposed:false
320 silly fetch manifest ignore@^5.3.0
321 silly packumentCache full:https://registry.npmjs.org/ignore cache-miss
322 http fetch GET 200 https://registry.npmjs.org/@babel%2fplugin-transform-modules-commonjs 76ms (cache miss)
323 silly packumentCache full:https://registry.npmjs.org/@babel%2fplugin-transform-modules-commonjs set size:undefined disposed:false
324 silly fetch manifest object-treeify@1.1.33
325 silly packumentCache full:https://registry.npmjs.org/object-treeify cache-miss
326 http cache https://registry.npmjs.org/ignore 9ms (cache hit)
327 silly packumentCache full:https://registry.npmjs.org/ignore set size:237380 disposed:false
328 silly fetch manifest picomatch@^4.0.4
329 silly packumentCache full:https://registry.npmjs.org/picomatch cache-miss
330 http fetch GET 200 https://registry.npmjs.org/eciesjs 76ms (cache miss)
331 silly packumentCache full:https://registry.npmjs.org/eciesjs set size:undefined disposed:false
332 silly fetch manifest which@^4.0.0
333 silly packumentCache full:https://registry.npmjs.org/which cache-miss
334 http cache https://registry.npmjs.org/picomatch 7ms (cache hit)
335 silly packumentCache full:https://registry.npmjs.org/picomatch set size:126376 disposed:false
336 silly fetch manifest yocto-spinner@^1.1.0
337 silly packumentCache full:https://registry.npmjs.org/yocto-spinner cache-miss
338 http cache https://registry.npmjs.org/which 7ms (cache hit)
339 silly packumentCache full:https://registry.npmjs.org/which set size:70143 disposed:false
340 silly fetch manifest @hono/node-server@^1.19.9
341 silly packumentCache full:https://registry.npmjs.org/@hono%2fnode-server cache-miss
342 http fetch GET 200 https://registry.npmjs.org/object-treeify 49ms (cache miss)
343 silly packumentCache full:https://registry.npmjs.org/object-treeify set size:undefined disposed:false
344 silly fetch manifest ajv@^8.17.1
345 silly packumentCache full:https://registry.npmjs.org/ajv cache-miss
346 http fetch GET 200 https://registry.npmjs.org/yocto-spinner 36ms (cache miss)
347 silly packumentCache full:https://registry.npmjs.org/yocto-spinner set size:undefined disposed:false
348 silly fetch manifest ajv-formats@^3.0.1
349 silly packumentCache full:https://registry.npmjs.org/ajv-formats cache-miss
350 http cache https://registry.npmjs.org/ajv 8ms (cache hit)
351 silly packumentCache full:https://registry.npmjs.org/ajv set size:1142658 disposed:false
352 silly fetch manifest content-type@^1.0.5
353 silly packumentCache full:https://registry.npmjs.org/content-type cache-miss
354 http fetch GET 200 https://registry.npmjs.org/@hono%2fnode-server 68ms (cache miss)
355 silly packumentCache full:https://registry.npmjs.org/@hono%2fnode-server set size:undefined disposed:false
356 silly fetch manifest cors@^2.8.5
357 silly packumentCache full:https://registry.npmjs.org/cors cache-miss
358 http fetch GET 200 https://registry.npmjs.org/content-type 36ms (cache miss)
359 silly packumentCache full:https://registry.npmjs.org/content-type set size:undefined disposed:false
360 silly fetch manifest cross-spawn@^7.0.5
361 silly packumentCache full:https://registry.npmjs.org/cross-spawn cache-miss
362 http cache https://registry.npmjs.org/cross-spawn 6ms (cache hit)
363 silly packumentCache full:https://registry.npmjs.org/cross-spawn set size:109066 disposed:false
364 silly fetch manifest eventsource@^3.0.2
365 silly packumentCache full:https://registry.npmjs.org/eventsource cache-miss
366 http fetch GET 200 https://registry.npmjs.org/ajv-formats 56ms (cache miss)
367 silly packumentCache full:https://registry.npmjs.org/ajv-formats set size:undefined disposed:false
368 silly fetch manifest eventsource-parser@^3.0.0
369 silly packumentCache full:https://registry.npmjs.org/eventsource-parser cache-miss
370 http fetch GET 200 https://registry.npmjs.org/cors 50ms (cache miss)
371 silly packumentCache full:https://registry.npmjs.org/cors set size:undefined disposed:false
372 silly fetch manifest express@^5.2.1
373 silly packumentCache full:https://registry.npmjs.org/express cache-miss
374 http fetch GET 200 https://registry.npmjs.org/eventsource 45ms (cache miss)
375 silly packumentCache full:https://registry.npmjs.org/eventsource set size:undefined disposed:false
376 silly fetch manifest express-rate-limit@^8.2.1
377 silly packumentCache full:https://registry.npmjs.org/express-rate-limit cache-miss
378 http fetch GET 200 https://registry.npmjs.org/eventsource-parser 49ms (cache miss)
379 silly packumentCache full:https://registry.npmjs.org/eventsource-parser set size:undefined disposed:false
380 silly fetch manifest hono@^4.11.4
381 silly packumentCache full:https://registry.npmjs.org/hono cache-miss
382 http fetch GET 200 https://registry.npmjs.org/express-rate-limit 61ms (cache miss)
383 silly packumentCache full:https://registry.npmjs.org/express-rate-limit set size:undefined disposed:false
384 silly fetch manifest jose@^6.1.3
385 silly packumentCache full:https://registry.npmjs.org/jose cache-miss
386 http fetch GET 200 https://registry.npmjs.org/express 90ms (cache miss)
387 silly packumentCache full:https://registry.npmjs.org/express set size:undefined disposed:false
388 silly fetch manifest json-schema-typed@^8.0.2
389 silly packumentCache full:https://registry.npmjs.org/json-schema-typed cache-miss
390 http fetch GET 200 https://registry.npmjs.org/hono 153ms (cache miss)
391 silly packumentCache full:https://registry.npmjs.org/hono set size:undefined disposed:false
392 silly fetch manifest pkce-challenge@^5.0.0
393 silly packumentCache full:https://registry.npmjs.org/pkce-challenge cache-miss
394 http fetch GET 200 https://registry.npmjs.org/json-schema-typed 131ms (cache miss)
395 silly packumentCache full:https://registry.npmjs.org/json-schema-typed set size:undefined disposed:false
396 silly fetch manifest raw-body@^3.0.0
397 silly packumentCache full:https://registry.npmjs.org/raw-body cache-miss
398 http fetch GET 200 https://registry.npmjs.org/jose 153ms (cache miss)
399 silly packumentCache full:https://registry.npmjs.org/jose set size:undefined disposed:false
400 silly fetch manifest zod@^3.25 || ^4.0
401 silly packumentCache full:https://registry.npmjs.org/zod cache-miss
402 http cache https://registry.npmjs.org/zod 12ms (cache hit)
403 silly packumentCache full:https://registry.npmjs.org/zod set size:3552562 disposed:false
404 silly fetch manifest zod-to-json-schema@^3.25.1
405 silly packumentCache full:https://registry.npmjs.org/zod-to-json-schema cache-miss
406 http fetch GET 200 https://registry.npmjs.org/pkce-challenge 68ms (cache miss)
407 silly packumentCache full:https://registry.npmjs.org/pkce-challenge set size:undefined disposed:false
408 silly fetch manifest baseline-browser-mapping@^2.10.12
409 silly packumentCache full:https://registry.npmjs.org/baseline-browser-mapping cache-miss
410 http cache https://registry.npmjs.org/zod-to-json-schema 9ms (cache hit)
411 silly packumentCache full:https://registry.npmjs.org/zod-to-json-schema set size:309584 disposed:false
412 silly fetch manifest caniuse-lite@^1.0.30001782
413 silly packumentCache full:https://registry.npmjs.org/caniuse-lite cache-miss
414 http fetch GET 200 https://registry.npmjs.org/raw-body 54ms (cache miss)
415 silly packumentCache full:https://registry.npmjs.org/raw-body set size:undefined disposed:false
416 silly fetch manifest electron-to-chromium@^1.5.328
417 silly packumentCache full:https://registry.npmjs.org/electron-to-chromium cache-miss
418 http cache https://registry.npmjs.org/baseline-browser-mapping 12ms (cache hit)
419 silly packumentCache full:https://registry.npmjs.org/baseline-browser-mapping set size:479134 disposed:false
420 silly fetch manifest node-releases@^2.0.36
421 silly packumentCache full:https://registry.npmjs.org/node-releases cache-miss
422 http cache https://registry.npmjs.org/node-releases 7ms (cache hit)
423 silly packumentCache full:https://registry.npmjs.org/node-releases set size:276946 disposed:false
424 silly fetch manifest update-browserslist-db@^1.2.3
425 silly packumentCache full:https://registry.npmjs.org/update-browserslist-db cache-miss
426 http cache https://registry.npmjs.org/caniuse-lite 19ms (cache hit)
427 silly packumentCache full:https://registry.npmjs.org/caniuse-lite set size:2291079 disposed:false
428 silly fetch manifest env-paths@^2.2.1
429 silly packumentCache full:https://registry.npmjs.org/env-paths cache-miss
430 http cache https://registry.npmjs.org/electron-to-chromium 35ms (cache hit)
431 silly packumentCache full:https://registry.npmjs.org/electron-to-chromium set size:4798663 disposed:false
432 silly fetch manifest import-fresh@^3.3.0
433 silly packumentCache full:https://registry.npmjs.org/import-fresh cache-miss
434 http cache https://registry.npmjs.org/update-browserslist-db 69ms (cache hit)
435 silly packumentCache full:https://registry.npmjs.org/update-browserslist-db set size:62000 disposed:false
436 silly fetch manifest js-yaml@^4.1.0
437 silly packumentCache full:https://registry.npmjs.org/js-yaml cache-miss
438 http cache https://registry.npmjs.org/import-fresh 25ms (cache hit)
439 silly packumentCache full:https://registry.npmjs.org/import-fresh set size:24604 disposed:false
440 silly fetch manifest parse-json@^5.2.0
441 silly packumentCache full:https://registry.npmjs.org/parse-json cache-miss
442 http cache https://registry.npmjs.org/js-yaml 6ms (cache hit)
443 silly packumentCache full:https://registry.npmjs.org/js-yaml set size:152232 disposed:false
444 silly fetch manifest @sindresorhus/merge-streams@^4.0.0
445 silly packumentCache full:https://registry.npmjs.org/@sindresorhus%2fmerge-streams cache-miss
446 http fetch GET 200 https://registry.npmjs.org/parse-json 40ms (cache miss)
447 silly packumentCache full:https://registry.npmjs.org/parse-json set size:undefined disposed:false
448 silly fetch manifest cross-spawn@^7.0.6
449 silly packumentCache full:https://registry.npmjs.org/cross-spawn cache-hit
450 silly fetch manifest figures@^6.1.0
451 silly packumentCache full:https://registry.npmjs.org/figures cache-miss
452 http fetch GET 200 https://registry.npmjs.org/env-paths 101ms (cache miss)
453 silly packumentCache full:https://registry.npmjs.org/env-paths set size:undefined disposed:false
454 silly fetch manifest get-stream@^9.0.0
455 silly packumentCache full:https://registry.npmjs.org/get-stream cache-miss
456 http fetch GET 200 https://registry.npmjs.org/@sindresorhus%2fmerge-streams 53ms (cache miss)
457 silly packumentCache full:https://registry.npmjs.org/@sindresorhus%2fmerge-streams set size:undefined disposed:false
458 silly fetch manifest human-signals@^8.0.1
459 silly packumentCache full:https://registry.npmjs.org/human-signals cache-miss
460 http fetch GET 200 https://registry.npmjs.org/get-stream 39ms (cache miss)
461 silly packumentCache full:https://registry.npmjs.org/get-stream set size:undefined disposed:false
462 silly fetch manifest is-plain-obj@^4.1.0
463 silly packumentCache full:https://registry.npmjs.org/is-plain-obj cache-miss
464 http fetch GET 200 https://registry.npmjs.org/figures 49ms (cache miss)
465 silly packumentCache full:https://registry.npmjs.org/figures set size:undefined disposed:false
466 silly fetch manifest is-stream@^4.0.1
467 silly packumentCache full:https://registry.npmjs.org/is-stream cache-miss
468 http fetch GET 200 https://registry.npmjs.org/human-signals 38ms (cache miss)
469 silly packumentCache full:https://registry.npmjs.org/human-signals set size:undefined disposed:false
470 silly fetch manifest npm-run-path@^6.0.0
471 silly packumentCache full:https://registry.npmjs.org/npm-run-path cache-miss
472 http fetch GET 200 https://registry.npmjs.org/is-plain-obj 37ms (cache miss)
473 silly packumentCache full:https://registry.npmjs.org/is-plain-obj set size:undefined disposed:false
474 silly fetch manifest pretty-ms@^9.2.0
475 silly packumentCache full:https://registry.npmjs.org/pretty-ms cache-miss
476 http fetch GET 200 https://registry.npmjs.org/is-stream 37ms (cache miss)
477 silly packumentCache full:https://registry.npmjs.org/is-stream set size:undefined disposed:false
478 silly fetch manifest signal-exit@^4.1.0
479 silly packumentCache full:https://registry.npmjs.org/signal-exit cache-miss
480 http fetch GET 200 https://registry.npmjs.org/npm-run-path 38ms (cache miss)
481 silly packumentCache full:https://registry.npmjs.org/npm-run-path set size:undefined disposed:false
482 silly fetch manifest strip-final-newline@^4.0.0
483 silly packumentCache full:https://registry.npmjs.org/strip-final-newline cache-miss
484 http fetch GET 200 https://registry.npmjs.org/pretty-ms 41ms (cache miss)
485 silly packumentCache full:https://registry.npmjs.org/pretty-ms set size:undefined disposed:false
486 silly fetch manifest yoctocolors@^2.1.1
487 silly packumentCache full:https://registry.npmjs.org/yoctocolors cache-miss
488 http fetch GET 200 https://registry.npmjs.org/strip-final-newline 37ms (cache miss)
489 silly packumentCache full:https://registry.npmjs.org/strip-final-newline set size:undefined disposed:false
490 silly fetch manifest @nodelib/fs.stat@^2.0.2
491 silly packumentCache full:https://registry.npmjs.org/@nodelib%2ffs.stat cache-miss
492 http fetch GET 200 https://registry.npmjs.org/signal-exit 46ms (cache miss)
493 silly packumentCache full:https://registry.npmjs.org/signal-exit set size:undefined disposed:false
494 silly fetch manifest @nodelib/fs.walk@^1.2.3
495 silly packumentCache full:https://registry.npmjs.org/@nodelib%2ffs.walk cache-miss
496 http cache https://registry.npmjs.org/@nodelib%2ffs.stat 6ms (cache hit)
497 silly packumentCache full:https://registry.npmjs.org/@nodelib%2ffs.stat set size:36993 disposed:false
498 silly fetch manifest glob-parent@^5.1.2
499 silly packumentCache full:https://registry.npmjs.org/glob-parent cache-miss
500 http cache https://registry.npmjs.org/@nodelib%2ffs.walk 6ms (cache hit)
501 silly packumentCache full:https://registry.npmjs.org/@nodelib%2ffs.walk set size:41589 disposed:false
502 silly fetch manifest merge2@^1.3.0
503 silly packumentCache full:https://registry.npmjs.org/merge2 cache-miss
504 http cache https://registry.npmjs.org/glob-parent 8ms (cache hit)
505 silly packumentCache full:https://registry.npmjs.org/glob-parent set size:42445 disposed:false
506 silly fetch manifest micromatch@^4.0.8
507 silly packumentCache full:https://registry.npmjs.org/micromatch cache-miss
508 http cache https://registry.npmjs.org/merge2 7ms (cache hit)
509 silly packumentCache full:https://registry.npmjs.org/merge2 set size:46159 disposed:false
510 silly fetch manifest graceful-fs@^4.2.0
511 silly packumentCache full:https://registry.npmjs.org/graceful-fs cache-miss
512 http cache https://registry.npmjs.org/graceful-fs 5ms (cache hit)
513 silly packumentCache full:https://registry.npmjs.org/graceful-fs set size:124285 disposed:false
514 silly fetch manifest jsonfile@^6.0.1
515 silly packumentCache full:https://registry.npmjs.org/jsonfile cache-miss
516 http cache https://registry.npmjs.org/micromatch 9ms (cache hit)
517 silly packumentCache full:https://registry.npmjs.org/micromatch set size:240630 disposed:false
518 silly fetch manifest universalify@^2.0.0
519 silly packumentCache full:https://registry.npmjs.org/universalify cache-miss
520 http fetch GET 200 https://registry.npmjs.org/yoctocolors 44ms (cache miss)
521 silly packumentCache full:https://registry.npmjs.org/yoctocolors set size:undefined disposed:false
522 silly fetch manifest debug@4
523 silly packumentCache full:https://registry.npmjs.org/debug cache-hit
524 silly fetch manifest agent-base@^7.1.2
525 silly packumentCache full:https://registry.npmjs.org/agent-base cache-miss
526 http fetch GET 200 https://registry.npmjs.org/jsonfile 41ms (cache miss)
527 silly packumentCache full:https://registry.npmjs.org/jsonfile set size:undefined disposed:false
528 silly fetch manifest @inquirer/confirm@^6.0.11
529 silly packumentCache full:https://registry.npmjs.org/@inquirer%2fconfirm cache-miss
530 http fetch GET 200 https://registry.npmjs.org/agent-base 39ms (cache miss)
531 silly packumentCache full:https://registry.npmjs.org/agent-base set size:undefined disposed:false
532 silly fetch manifest @mswjs/interceptors@^0.41.3
533 silly packumentCache full:https://registry.npmjs.org/@mswjs%2finterceptors cache-miss
534 http fetch GET 200 https://registry.npmjs.org/universalify 50ms (cache miss)
535 silly packumentCache full:https://registry.npmjs.org/universalify set size:undefined disposed:false
536 silly fetch manifest @open-draft/deferred-promise@^3.0.0
537 silly packumentCache full:https://registry.npmjs.org/@open-draft%2fdeferred-promise cache-miss
538 http fetch GET 200 https://registry.npmjs.org/@open-draft%2fdeferred-promise 70ms (cache miss)
539 silly packumentCache full:https://registry.npmjs.org/@open-draft%2fdeferred-promise set size:undefined disposed:false
540 silly fetch manifest @types/statuses@^2.0.6
541 silly packumentCache full:https://registry.npmjs.org/@types%2fstatuses cache-miss
542 http fetch GET 200 https://registry.npmjs.org/@inquirer%2fconfirm 98ms (cache miss)
543 silly packumentCache full:https://registry.npmjs.org/@inquirer%2fconfirm set size:undefined disposed:false
544 silly fetch manifest cookie@^1.1.1
545 silly packumentCache full:https://registry.npmjs.org/cookie cache-miss
546 http fetch GET 200 https://registry.npmjs.org/@mswjs%2finterceptors 102ms (cache miss)
547 silly packumentCache full:https://registry.npmjs.org/@mswjs%2finterceptors set size:undefined disposed:false
548 silly fetch manifest graphql@^16.13.2
549 silly packumentCache full:https://registry.npmjs.org/graphql cache-miss
550 http fetch GET 200 https://registry.npmjs.org/cookie 43ms (cache miss)
551 silly packumentCache full:https://registry.npmjs.org/cookie set size:undefined disposed:false
552 silly fetch manifest headers-polyfill@^5.0.1
553 silly packumentCache full:https://registry.npmjs.org/headers-polyfill cache-miss
554 http fetch GET 200 https://registry.npmjs.org/@types%2fstatuses 64ms (cache miss)
555 silly packumentCache full:https://registry.npmjs.org/@types%2fstatuses set size:undefined disposed:false
556 silly fetch manifest is-node-process@^1.2.0
557 silly packumentCache full:https://registry.npmjs.org/is-node-process cache-miss
558 http fetch GET 200 https://registry.npmjs.org/graphql 86ms (cache miss)
559 silly packumentCache full:https://registry.npmjs.org/graphql set size:undefined disposed:false
560 silly fetch manifest outvariant@^1.4.3
561 silly packumentCache full:https://registry.npmjs.org/outvariant cache-miss
562 http fetch GET 200 https://registry.npmjs.org/headers-polyfill 67ms (cache miss)
563 silly packumentCache full:https://registry.npmjs.org/headers-polyfill set size:undefined disposed:false
564 silly fetch manifest path-to-regexp@^6.3.0
565 silly packumentCache full:https://registry.npmjs.org/path-to-regexp cache-miss
566 http fetch GET 200 https://registry.npmjs.org/is-node-process 69ms (cache miss)
567 silly packumentCache full:https://registry.npmjs.org/is-node-process set size:undefined disposed:false
568 silly fetch manifest picocolors@^1.1.1
569 silly packumentCache full:https://registry.npmjs.org/picocolors cache-miss
570 http cache https://registry.npmjs.org/picocolors 3ms (cache hit)
571 silly packumentCache full:https://registry.npmjs.org/picocolors set size:16648 disposed:false
572 silly fetch manifest rettime@^0.11.11
573 silly packumentCache full:https://registry.npmjs.org/rettime cache-miss
574 http fetch GET 200 https://registry.npmjs.org/outvariant 40ms (cache miss)
575 silly packumentCache full:https://registry.npmjs.org/outvariant set size:undefined disposed:false
576 silly fetch manifest statuses@^2.0.2
577 silly packumentCache full:https://registry.npmjs.org/statuses cache-miss
578 http fetch GET 200 https://registry.npmjs.org/path-to-regexp 46ms (cache miss)
579 silly packumentCache full:https://registry.npmjs.org/path-to-regexp set size:undefined disposed:false
580 silly fetch manifest strict-event-emitter@^0.5.1
581 silly packumentCache full:https://registry.npmjs.org/strict-event-emitter cache-miss
582 http fetch GET 200 https://registry.npmjs.org/rettime 49ms (cache miss)
583 silly packumentCache full:https://registry.npmjs.org/rettime set size:undefined disposed:false
584 silly fetch manifest tough-cookie@^6.0.1
585 silly packumentCache full:https://registry.npmjs.org/tough-cookie cache-miss
586 http fetch GET 200 https://registry.npmjs.org/statuses 40ms (cache miss)
587 silly packumentCache full:https://registry.npmjs.org/statuses set size:undefined disposed:false
588 silly fetch manifest type-fest@^5.5.0
589 silly packumentCache full:https://registry.npmjs.org/type-fest cache-miss
590 http fetch GET 200 https://registry.npmjs.org/strict-event-emitter 39ms (cache miss)
591 silly packumentCache full:https://registry.npmjs.org/strict-event-emitter set size:undefined disposed:false
592 silly fetch manifest until-async@^3.0.2
593 silly packumentCache full:https://registry.npmjs.org/until-async cache-miss
594 http fetch GET 200 https://registry.npmjs.org/tough-cookie 51ms (cache miss)
595 silly packumentCache full:https://registry.npmjs.org/tough-cookie set size:undefined disposed:false
596 silly fetch manifest yargs@^17.7.2
597 silly packumentCache full:https://registry.npmjs.org/yargs cache-miss
598 http fetch GET 200 https://registry.npmjs.org/until-async 53ms (cache miss)
599 silly packumentCache full:https://registry.npmjs.org/until-async set size:undefined disposed:false
600 silly fetch manifest data-uri-to-buffer@^4.0.0
601 silly packumentCache full:https://registry.npmjs.org/data-uri-to-buffer cache-miss
602 http fetch GET 200 https://registry.npmjs.org/type-fest 72ms (cache miss)
603 silly packumentCache full:https://registry.npmjs.org/type-fest set size:undefined disposed:false
604 silly fetch manifest fetch-blob@^3.1.4
605 silly packumentCache full:https://registry.npmjs.org/fetch-blob cache-miss
606 http fetch GET 200 https://registry.npmjs.org/yargs 86ms (cache miss)
607 silly packumentCache full:https://registry.npmjs.org/yargs set size:undefined disposed:false
608 silly fetch manifest formdata-polyfill@^4.0.10
609 silly packumentCache full:https://registry.npmjs.org/formdata-polyfill cache-miss
610 http fetch GET 200 https://registry.npmjs.org/fetch-blob 58ms (cache miss)
611 silly packumentCache full:https://registry.npmjs.org/fetch-blob set size:undefined disposed:false
612 silly fetch manifest default-browser@^5.4.0
613 silly packumentCache full:https://registry.npmjs.org/default-browser cache-miss
614 http fetch GET 200 https://registry.npmjs.org/data-uri-to-buffer 71ms (cache miss)
615 silly packumentCache full:https://registry.npmjs.org/data-uri-to-buffer set size:undefined disposed:false
616 silly fetch manifest define-lazy-prop@^3.0.0
617 silly packumentCache full:https://registry.npmjs.org/define-lazy-prop cache-miss
618 http fetch GET 200 https://registry.npmjs.org/default-browser 38ms (cache miss)
619 silly packumentCache full:https://registry.npmjs.org/default-browser set size:undefined disposed:false
620 silly fetch manifest is-in-ssh@^1.0.0
621 silly packumentCache full:https://registry.npmjs.org/is-in-ssh cache-miss
622 http fetch GET 200 https://registry.npmjs.org/define-lazy-prop 40ms (cache miss)
623 silly packumentCache full:https://registry.npmjs.org/define-lazy-prop set size:undefined disposed:false
624 silly fetch manifest is-inside-container@^1.0.0
625 silly packumentCache full:https://registry.npmjs.org/is-inside-container cache-miss
626 http fetch GET 200 https://registry.npmjs.org/formdata-polyfill 54ms (cache miss)
627 silly packumentCache full:https://registry.npmjs.org/formdata-polyfill set size:undefined disposed:false
628 silly fetch manifest powershell-utils@^0.1.0
629 silly packumentCache full:https://registry.npmjs.org/powershell-utils cache-miss
630 http fetch GET 200 https://registry.npmjs.org/is-in-ssh 34ms (cache miss)
631 silly packumentCache full:https://registry.npmjs.org/is-in-ssh set size:undefined disposed:false
632 silly fetch manifest wsl-utils@^0.3.0
633 silly packumentCache full:https://registry.npmjs.org/wsl-utils cache-miss
634 http fetch GET 200 https://registry.npmjs.org/powershell-utils 37ms (cache miss)
635 silly packumentCache full:https://registry.npmjs.org/powershell-utils set size:undefined disposed:false
636 silly fetch manifest chalk@^5.3.0
637 silly packumentCache full:https://registry.npmjs.org/chalk cache-miss
638 http fetch GET 200 https://registry.npmjs.org/is-inside-container 45ms (cache miss)
639 silly packumentCache full:https://registry.npmjs.org/is-inside-container set size:undefined disposed:false
640 silly fetch manifest cli-cursor@^5.0.0
641 silly packumentCache full:https://registry.npmjs.org/cli-cursor cache-miss
642 http cache https://registry.npmjs.org/chalk 6ms (cache hit)
643 silly packumentCache full:https://registry.npmjs.org/chalk set size:117861 disposed:false
644 silly fetch manifest strip-ansi@^7.1.0
645 silly packumentCache full:https://registry.npmjs.org/strip-ansi cache-miss
646 http fetch GET 200 https://registry.npmjs.org/wsl-utils 37ms (cache miss)
647 silly packumentCache full:https://registry.npmjs.org/wsl-utils set size:undefined disposed:false
648 silly fetch manifest log-symbols@^6.0.0
649 silly packumentCache full:https://registry.npmjs.org/log-symbols cache-miss
650 http fetch GET 200 https://registry.npmjs.org/cli-cursor 44ms (cache miss)
651 silly packumentCache full:https://registry.npmjs.org/cli-cursor set size:undefined disposed:false
652 silly fetch manifest cli-spinners@^2.9.2
653 silly packumentCache full:https://registry.npmjs.org/cli-spinners cache-miss
654 http fetch GET 200 https://registry.npmjs.org/strip-ansi 44ms (cache miss)
655 silly packumentCache full:https://registry.npmjs.org/strip-ansi set size:undefined disposed:false
656 silly fetch manifest string-width@^7.2.0
657 silly packumentCache full:https://registry.npmjs.org/string-width cache-miss
658 http fetch GET 200 https://registry.npmjs.org/log-symbols 36ms (cache miss)
659 silly packumentCache full:https://registry.npmjs.org/log-symbols set size:undefined disposed:false
660 silly fetch manifest is-interactive@^2.0.0
661 silly packumentCache full:https://registry.npmjs.org/is-interactive cache-miss
662 http fetch GET 200 https://registry.npmjs.org/cli-spinners 37ms (cache miss)
663 silly packumentCache full:https://registry.npmjs.org/cli-spinners set size:undefined disposed:false
664 silly fetch manifest stdin-discarder@^0.2.2
665 silly packumentCache full:https://registry.npmjs.org/stdin-discarder cache-miss
666 http fetch GET 200 https://registry.npmjs.org/is-interactive 36ms (cache miss)
667 silly packumentCache full:https://registry.npmjs.org/is-interactive set size:undefined disposed:false
668 silly fetch manifest is-unicode-supported@^2.0.0
669 silly packumentCache full:https://registry.npmjs.org/is-unicode-supported cache-miss
670 http fetch GET 200 https://registry.npmjs.org/is-unicode-supported 37ms (cache miss)
671 silly packumentCache full:https://registry.npmjs.org/is-unicode-supported set size:undefined disposed:false
672 silly fetch manifest nanoid@^3.3.11
673 silly packumentCache full:https://registry.npmjs.org/nanoid cache-miss
674 http cache https://registry.npmjs.org/nanoid 4ms (cache hit)
675 silly packumentCache full:https://registry.npmjs.org/nanoid set size:310559 disposed:false
676 silly fetch manifest source-map-js@^1.2.1
677 silly packumentCache full:https://registry.npmjs.org/source-map-js cache-miss
678 http cache https://registry.npmjs.org/source-map-js 3ms (cache hit)
679 silly packumentCache full:https://registry.npmjs.org/source-map-js set size:62640 disposed:false
680 silly fetch manifest cssesc@^3.0.0
681 silly packumentCache full:https://registry.npmjs.org/cssesc cache-miss
682 http fetch GET 200 https://registry.npmjs.org/cssesc 38ms (cache miss)
683 silly packumentCache full:https://registry.npmjs.org/cssesc set size:undefined disposed:false
684 silly fetch manifest util-deprecate@^1.0.2
685 silly packumentCache full:https://registry.npmjs.org/util-deprecate cache-miss
686 http fetch GET 200 https://registry.npmjs.org/util-deprecate 41ms (cache miss)
687 silly packumentCache full:https://registry.npmjs.org/util-deprecate set size:undefined disposed:false
688 silly fetch manifest kleur@^3.0.3
689 silly packumentCache full:https://registry.npmjs.org/kleur cache-miss
690 http cache https://registry.npmjs.org/kleur 4ms (cache hit)
691 silly packumentCache full:https://registry.npmjs.org/kleur set size:61853 disposed:false
692 silly fetch manifest sisteransi@^1.0.5
693 silly packumentCache full:https://registry.npmjs.org/sisteransi cache-miss
694 http fetch GET 200 https://registry.npmjs.org/string-width 214ms (cache miss)
695 silly packumentCache full:https://registry.npmjs.org/string-width set size:undefined disposed:false
696 silly fetch manifest ast-types@^0.16.1
697 silly packumentCache full:https://registry.npmjs.org/ast-types cache-miss
698 http fetch GET 200 https://registry.npmjs.org/sisteransi 39ms (cache miss)
699 silly packumentCache full:https://registry.npmjs.org/sisteransi set size:undefined disposed:false
700 silly fetch manifest esprima@~4.0.0
701 silly packumentCache full:https://registry.npmjs.org/esprima cache-miss
702 http fetch GET 200 https://registry.npmjs.org/stdin-discarder 198ms (cache miss)
703 silly packumentCache full:https://registry.npmjs.org/stdin-discarder set size:undefined disposed:false
704 silly fetch manifest source-map@~0.6.1
705 silly packumentCache full:https://registry.npmjs.org/source-map cache-miss
706 http fetch GET 200 https://registry.npmjs.org/esprima 53ms (cache miss)
707 silly packumentCache full:https://registry.npmjs.org/esprima set size:undefined disposed:false
708 silly fetch manifest tiny-invariant@^1.3.3
709 silly packumentCache full:https://registry.npmjs.org/tiny-invariant cache-miss
710 http fetch GET 200 https://registry.npmjs.org/source-map 50ms (cache miss)
711 silly packumentCache full:https://registry.npmjs.org/source-map set size:undefined disposed:false
712 silly fetch manifest tslib@^2.0.1
713 silly packumentCache full:https://registry.npmjs.org/tslib cache-miss
714 http fetch GET 200 https://registry.npmjs.org/ast-types 73ms (cache miss)
715 silly packumentCache full:https://registry.npmjs.org/ast-types set size:undefined disposed:false
716 silly fetch manifest is-obj@^3.0.0
717 silly packumentCache full:https://registry.npmjs.org/is-obj cache-miss
718 http cache https://registry.npmjs.org/tiny-invariant 13ms (cache hit)
719 silly packumentCache full:https://registry.npmjs.org/tiny-invariant set size:98310 disposed:false
720 silly fetch manifest is-regexp@^3.1.0
721 silly packumentCache full:https://registry.npmjs.org/is-regexp cache-miss
722 http cache https://registry.npmjs.org/tslib 12ms (cache hit)
723 silly packumentCache full:https://registry.npmjs.org/tslib set size:108760 disposed:false
724 silly fetch manifest get-own-enumerable-keys@^1.0.0
725 silly packumentCache full:https://registry.npmjs.org/get-own-enumerable-keys cache-miss
726 http fetch GET 200 https://registry.npmjs.org/is-obj 43ms (cache miss)
727 silly packumentCache full:https://registry.npmjs.org/is-obj set size:undefined disposed:false
728 silly fetch manifest @ts-morph/common@~0.27.0
729 silly packumentCache full:https://registry.npmjs.org/@ts-morph%2fcommon cache-miss
730 http fetch GET 200 https://registry.npmjs.org/get-own-enumerable-keys 43ms (cache miss)
731 silly packumentCache full:https://registry.npmjs.org/get-own-enumerable-keys set size:undefined disposed:false
732 silly fetch manifest code-block-writer@^13.0.3
733 silly packumentCache full:https://registry.npmjs.org/code-block-writer cache-miss
734 http fetch GET 200 https://registry.npmjs.org/is-regexp 47ms (cache miss)
735 silly packumentCache full:https://registry.npmjs.org/is-regexp set size:undefined disposed:false
736 silly fetch manifest json5@^2.2.2
737 silly packumentCache full:https://registry.npmjs.org/json5 cache-hit
738 silly fetch manifest minimist@^1.2.6
739 silly packumentCache full:https://registry.npmjs.org/minimist cache-miss
740 http cache https://registry.npmjs.org/minimist 3ms (cache hit)
741 silly packumentCache full:https://registry.npmjs.org/minimist set size:77063 disposed:false
742 silly fetch manifest strip-bom@^3.0.0
743 silly packumentCache full:https://registry.npmjs.org/strip-bom cache-miss
744 http cache https://registry.npmjs.org/strip-bom 3ms (cache hit)
745 silly packumentCache full:https://registry.npmjs.org/strip-bom set size:19359 disposed:false
746 http fetch GET 200 https://registry.npmjs.org/@ts-morph%2fcommon 62ms (cache miss)
747 silly packumentCache full:https://registry.npmjs.org/@ts-morph%2fcommon set size:undefined disposed:false
748 http fetch GET 200 https://registry.npmjs.org/code-block-writer 63ms (cache miss)
749 silly packumentCache full:https://registry.npmjs.org/code-block-writer set size:undefined disposed:false
750 silly fetch manifest @babel/core@^7.0.0
751 silly packumentCache full:https://registry.npmjs.org/@babel%2fcore cache-hit
752 silly placeDep ROOT @babel/code-frame@7.29.0 OK for: @babel/core@7.29.0 want: ^7.29.0
753 silly placeDep ROOT @babel/generator@7.29.1 OK for: @babel/core@7.29.0 want: ^7.29.0
754 silly placeDep ROOT @babel/helper-compilation-targets@7.28.6 OK for: @babel/core@7.29.0 want: ^7.28.6
755 silly placeDep ROOT @babel/helper-module-transforms@7.28.6 OK for: @babel/core@7.29.0 want: ^7.28.6
756 silly placeDep ROOT @babel/helpers@7.29.2 OK for: @babel/core@7.29.0 want: ^7.28.6
757 silly placeDep ROOT @babel/template@7.28.6 OK for: @babel/core@7.29.0 want: ^7.28.6
758 silly placeDep ROOT @babel/traverse@7.29.0 OK for: @babel/core@7.29.0 want: ^7.29.0
759 silly placeDep ROOT @babel/types@7.29.0 OK for: @babel/core@7.29.0 want: ^7.29.0
760 silly placeDep ROOT @jridgewell/remapping@2.3.5 OK for: @babel/core@7.29.0 want: ^2.3.5
761 silly placeDep ROOT convert-source-map@2.0.0 OK for: @babel/core@7.29.0 want: ^2.0.0
762 silly placeDep ROOT debug@4.4.3 OK for: @babel/core@7.29.0 want: ^4.1.0
763 silly placeDep ROOT gensync@1.0.0-beta.2 OK for: @babel/core@7.29.0 want: ^1.0.0-beta.2
764 silly placeDep ROOT json5@2.2.3 OK for: @babel/core@7.29.0 want: ^2.2.3
765 silly placeDep ROOT semver@6.3.1 OK for: @babel/core@7.29.0 want: ^6.3.1
766 silly fetch manifest js-tokens@^4.0.0
767 silly packumentCache full:https://registry.npmjs.org/js-tokens cache-miss
768 silly fetch manifest @babel/helper-validator-identifier@^7.28.5
769 silly packumentCache full:https://registry.npmjs.org/@babel%2fhelper-validator-identifier cache-miss
770 silly fetch manifest jsesc@^3.0.2
771 silly packumentCache full:https://registry.npmjs.org/jsesc cache-miss
772 http cache https://registry.npmjs.org/js-tokens 5ms (cache hit)
773 silly packumentCache full:https://registry.npmjs.org/js-tokens set size:41947 disposed:false
774 silly fetch manifest @jridgewell/gen-mapping@^0.3.12
775 silly packumentCache full:https://registry.npmjs.org/@jridgewell%2fgen-mapping cache-miss
776 http cache https://registry.npmjs.org/@babel%2fhelper-validator-identifier 7ms (cache hit)
777 silly packumentCache full:https://registry.npmjs.org/@babel%2fhelper-validator-identifier set size:119950 disposed:false
778 silly fetch manifest @jridgewell/trace-mapping@^0.3.28
779 silly packumentCache full:https://registry.npmjs.org/@jridgewell%2ftrace-mapping cache-miss
780 http cache https://registry.npmjs.org/jsesc 9ms (cache hit)
781 silly packumentCache full:https://registry.npmjs.org/jsesc set size:61512 disposed:false
782 silly fetch manifest lru-cache@^5.1.1
783 silly packumentCache full:https://registry.npmjs.org/lru-cache cache-miss
784 http cache https://registry.npmjs.org/@jridgewell%2fgen-mapping 9ms (cache hit)
785 silly packumentCache full:https://registry.npmjs.org/@jridgewell%2fgen-mapping set size:80719 disposed:false
786 silly fetch manifest @babel/compat-data@^7.28.6
787 silly packumentCache full:https://registry.npmjs.org/@babel%2fcompat-data cache-miss
788 http cache https://registry.npmjs.org/@jridgewell%2ftrace-mapping 9ms (cache hit)
789 silly packumentCache full:https://registry.npmjs.org/@jridgewell%2ftrace-mapping set size:170909 disposed:false
790 silly fetch manifest @babel/traverse@^7.28.6
791 silly packumentCache full:https://registry.npmjs.org/@babel%2ftraverse cache-hit
792 silly fetch manifest @babel/helper-module-imports@^7.28.6
793 silly packumentCache full:https://registry.npmjs.org/@babel%2fhelper-module-imports cache-miss
794 http cache https://registry.npmjs.org/lru-cache 9ms (cache hit)
795 silly packumentCache full:https://registry.npmjs.org/lru-cache set size:443567 disposed:false
796 silly fetch manifest @babel/types@^7.28.6
797 silly packumentCache full:https://registry.npmjs.org/@babel%2ftypes cache-hit
798 silly fetch manifest debug@^4.3.1
799 silly packumentCache full:https://registry.npmjs.org/debug cache-hit
800 silly fetch manifest @babel/helper-globals@^7.28.0
801 silly packumentCache full:https://registry.npmjs.org/@babel%2fhelper-globals cache-miss
802 http cache https://registry.npmjs.org/@babel%2fhelper-module-imports 14ms (cache hit)
803 silly packumentCache full:https://registry.npmjs.org/@babel%2fhelper-module-imports set size:197300 disposed:false
804 silly fetch manifest @babel/helper-string-parser@^7.27.1
805 silly packumentCache full:https://registry.npmjs.org/@babel%2fhelper-string-parser cache-miss
806 http cache https://registry.npmjs.org/@babel%2fcompat-data 18ms (cache hit)
807 silly packumentCache full:https://registry.npmjs.org/@babel%2fcompat-data set size:311957 disposed:false
808 silly fetch manifest @jridgewell/gen-mapping@^0.3.5
809 silly packumentCache full:https://registry.npmjs.org/@jridgewell%2fgen-mapping cache-hit
810 silly fetch manifest @jridgewell/trace-mapping@^0.3.24
811 silly packumentCache full:https://registry.npmjs.org/@jridgewell%2ftrace-mapping cache-hit
812 silly fetch manifest ms@^2.1.3
813 silly packumentCache full:https://registry.npmjs.org/ms cache-miss
814 http cache https://registry.npmjs.org/@babel%2fhelper-globals 12ms (cache hit)
815 silly packumentCache full:https://registry.npmjs.org/@babel%2fhelper-globals set size:19175 disposed:false
816 http cache https://registry.npmjs.org/ms 7ms (cache hit)
817 silly packumentCache full:https://registry.npmjs.org/ms set size:92208 disposed:false
818 http cache https://registry.npmjs.org/@babel%2fhelper-string-parser 11ms (cache hit)
819 silly packumentCache full:https://registry.npmjs.org/@babel%2fhelper-string-parser set size:85662 disposed:false
820 silly placeDep ROOT @babel/helper-validator-identifier@7.28.5 OK for: @babel/code-frame@7.29.0 want: ^7.28.5
821 silly placeDep ROOT js-tokens@4.0.0 OK for: @babel/code-frame@7.29.0 want: ^4.0.0
822 silly placeDep ROOT picocolors@1.1.1 OK for: @babel/code-frame@7.29.0 want: ^1.1.1
823 silly placeDep ROOT @jridgewell/gen-mapping@0.3.13 OK for: @babel/generator@7.29.1 want: ^0.3.12
824 silly placeDep ROOT @jridgewell/trace-mapping@0.3.31 OK for: @babel/generator@7.29.1 want: ^0.3.28
825 silly placeDep ROOT jsesc@3.1.0 OK for: @babel/generator@7.29.1 want: ^3.0.2
826 silly fetch manifest @jridgewell/sourcemap-codec@^1.5.0
827 silly packumentCache full:https://registry.npmjs.org/@jridgewell%2fsourcemap-codec cache-miss
828 silly fetch manifest @jridgewell/resolve-uri@^3.1.0
829 silly packumentCache full:https://registry.npmjs.org/@jridgewell%2fresolve-uri cache-miss
830 silly fetch manifest @jridgewell/sourcemap-codec@^1.4.14
831 silly packumentCache full:https://registry.npmjs.org/@jridgewell%2fsourcemap-codec cache-miss
832 http cache https://registry.npmjs.org/@jridgewell%2fresolve-uri 8ms (cache hit)
833 silly packumentCache full:https://registry.npmjs.org/@jridgewell%2fresolve-uri set size:57361 disposed:false
834 http cache https://registry.npmjs.org/@jridgewell%2fsourcemap-codec 9ms (cache hit)
835 silly packumentCache full:https://registry.npmjs.org/@jridgewell%2fsourcemap-codec set size:59275 disposed:false
836 http cache https://registry.npmjs.org/@jridgewell%2fsourcemap-codec 11ms (cache hit)
837 silly packumentCache full:https://registry.npmjs.org/@jridgewell%2fsourcemap-codec set size:59275 disposed:false
838 silly packumentCache full:https://registry.npmjs.org/@jridgewell%2fsourcemap-codec dispose
839 silly placeDep ROOT @babel/compat-data@7.29.3 OK for: @babel/helper-compilation-targets@7.28.6 want: ^7.28.6
840 silly placeDep ROOT @babel/helper-validator-option@7.27.1 OK for: @babel/helper-compilation-targets@7.28.6 want: ^7.27.1
841 silly placeDep ROOT lru-cache@5.1.1 OK for: @babel/helper-compilation-targets@7.28.6 want: ^5.1.1
842 silly fetch manifest yallist@^3.0.2
843 silly packumentCache full:https://registry.npmjs.org/yallist cache-miss
844 http cache https://registry.npmjs.org/yallist 5ms (cache hit)
845 silly packumentCache full:https://registry.npmjs.org/yallist set size:34610 disposed:false
846 silly placeDep ROOT @babel/helper-module-imports@7.28.6 OK for: @babel/helper-module-transforms@7.28.6 want: ^7.28.6
847 silly fetch manifest @babel/core@^7.0.0-0
848 silly packumentCache full:https://registry.npmjs.org/@babel%2fcore cache-hit
849 silly placeDep ROOT @babel/helper-annotate-as-pure@7.27.3 OK for: @babel/plugin-transform-typescript@7.28.6 want: ^7.27.3
850 silly placeDep ROOT @babel/helper-create-class-features-plugin@7.29.3 OK for: @babel/plugin-transform-typescript@7.28.6 want: ^7.28.6
851 silly placeDep ROOT @babel/helper-plugin-utils@7.28.6 OK for: @babel/plugin-transform-typescript@7.28.6 want: ^7.28.6
852 silly placeDep ROOT @babel/helper-skip-transparent-expression-wrappers@7.27.1 OK for: @babel/plugin-transform-typescript@7.28.6 want: ^7.27.1
853 silly placeDep ROOT @babel/plugin-syntax-typescript@7.28.6 OK for: @babel/plugin-transform-typescript@7.28.6 want: ^7.28.6
854 silly fetch manifest @babel/helper-replace-supers@^7.28.6
855 silly packumentCache full:https://registry.npmjs.org/@babel%2fhelper-replace-supers cache-miss
856 silly fetch manifest @babel/helper-optimise-call-expression@^7.27.1
857 silly packumentCache full:https://registry.npmjs.org/@babel%2fhelper-optimise-call-expression cache-miss
858 silly fetch manifest @babel/helper-member-expression-to-functions@^7.28.5
859 silly packumentCache full:https://registry.npmjs.org/@babel%2fhelper-member-expression-to-functions cache-miss
860 http fetch GET 200 https://registry.npmjs.org/@babel%2fhelper-optimise-call-expression 71ms (cache miss)
861 silly packumentCache full:https://registry.npmjs.org/@babel%2fhelper-optimise-call-expression set size:undefined disposed:false
862 http fetch GET 200 https://registry.npmjs.org/@babel%2fhelper-member-expression-to-functions 75ms (cache miss)
863 silly packumentCache full:https://registry.npmjs.org/@babel%2fhelper-member-expression-to-functions set size:undefined disposed:false
864 http fetch GET 200 https://registry.npmjs.org/@babel%2fhelper-replace-supers 81ms (cache miss)
865 silly packumentCache full:https://registry.npmjs.org/@babel%2fhelper-replace-supers set size:undefined disposed:false
866 silly placeDep ROOT @babel/helper-member-expression-to-functions@7.28.5 OK for: @babel/helper-create-class-features-plugin@7.29.3 want: ^7.28.5
867 silly placeDep ROOT @babel/helper-optimise-call-expression@7.27.1 OK for: @babel/helper-create-class-features-plugin@7.29.3 want: ^7.27.1
868 silly placeDep ROOT @babel/helper-replace-supers@7.28.6 OK for: @babel/helper-create-class-features-plugin@7.29.3 want: ^7.28.6
869 silly placeDep ROOT @babel/plugin-syntax-jsx@7.28.6 OK for: @babel/preset-typescript@7.28.5 want: ^7.27.1
870 silly placeDep ROOT @babel/plugin-transform-modules-commonjs@7.28.6 OK for: @babel/preset-typescript@7.28.5 want: ^7.27.1
871 silly placeDep ROOT @babel/helper-globals@7.28.0 OK for: @babel/traverse@7.29.0 want: ^7.28.0
872 silly placeDep ROOT @babel/helper-string-parser@7.27.1 OK for: @babel/types@7.29.0 want: ^7.27.1
873 silly placeDep node_modules/@dotenvx/dotenvx commander@11.1.0 OK for: @dotenvx/dotenvx@1.66.0 want: ^11.1.0
874 silly placeDep ROOT dotenv@17.4.2 OK for: @dotenvx/dotenvx@1.66.0 want: ^17.2.1
875 silly placeDep ROOT eciesjs@0.4.18 OK for: @dotenvx/dotenvx@1.66.0 want: ^0.4.10
876 silly placeDep node_modules/@dotenvx/dotenvx execa@5.1.1 OK for: @dotenvx/dotenvx@1.66.0 want: ^5.1.1
877 silly placeDep ROOT fdir@6.5.0 OK for: @dotenvx/dotenvx@1.66.0 want: ^6.2.0
878 silly placeDep ROOT ignore@5.3.2 OK for: @dotenvx/dotenvx@1.66.0 want: ^5.3.0
879 silly placeDep ROOT object-treeify@1.1.33 OK for: @dotenvx/dotenvx@1.66.0 want: 1.1.33
880 silly placeDep ROOT picomatch@4.0.4 OK for: @dotenvx/dotenvx@1.66.0 want: ^4.0.4
881 silly placeDep ROOT which@4.0.0 OK for: @dotenvx/dotenvx@1.66.0 want: ^4.0.0
882 silly placeDep ROOT yocto-spinner@1.2.0 OK for: @dotenvx/dotenvx@1.66.0 want: ^1.1.0
883 silly fetch manifest @noble/curves@^1.9.7
884 silly packumentCache full:https://registry.npmjs.org/@noble%2fcurves cache-miss
885 silly fetch manifest @noble/hashes@^1.8.0
886 silly packumentCache full:https://registry.npmjs.org/@noble%2fhashes cache-miss
887 silly fetch manifest @ecies/ciphers@^0.2.5
888 silly packumentCache full:https://registry.npmjs.org/@ecies%2fciphers cache-miss
889 http fetch GET 200 https://registry.npmjs.org/@noble%2fcurves 69ms (cache miss)
890 silly packumentCache full:https://registry.npmjs.org/@noble%2fcurves set size:undefined disposed:false
891 silly fetch manifest @noble/ciphers@^1.3.0
892 silly packumentCache full:https://registry.npmjs.org/@noble%2fciphers cache-miss
893 http fetch GET 200 https://registry.npmjs.org/@ecies%2fciphers 77ms (cache miss)
894 silly packumentCache full:https://registry.npmjs.org/@ecies%2fciphers set size:undefined disposed:false
895 silly fetch manifest onetime@^5.1.2
896 silly packumentCache full:https://registry.npmjs.org/onetime cache-miss
897 http fetch GET 200 https://registry.npmjs.org/@noble%2fhashes 78ms (cache miss)
898 silly packumentCache full:https://registry.npmjs.org/@noble%2fhashes set size:undefined disposed:false
899 silly fetch manifest is-stream@^2.0.0
900 silly packumentCache full:https://registry.npmjs.org/is-stream cache-miss
901 http cache https://registry.npmjs.org/is-stream 5ms (cache hit)
902 silly packumentCache full:https://registry.npmjs.org/is-stream set size:18582 disposed:false
903 silly fetch manifest get-stream@^6.0.0
904 silly packumentCache full:https://registry.npmjs.org/get-stream cache-miss
905 http cache https://registry.npmjs.org/get-stream 3ms (cache hit)
906 silly packumentCache full:https://registry.npmjs.org/get-stream set size:57536 disposed:false
907 silly fetch manifest cross-spawn@^7.0.3
908 silly packumentCache full:https://registry.npmjs.org/cross-spawn cache-hit
909 silly fetch manifest signal-exit@^3.0.3
910 silly packumentCache full:https://registry.npmjs.org/signal-exit cache-miss
911 http cache https://registry.npmjs.org/signal-exit 4ms (cache hit)
912 silly packumentCache full:https://registry.npmjs.org/signal-exit set size:53489 disposed:false
913 silly fetch manifest merge-stream@^2.0.0
914 silly packumentCache full:https://registry.npmjs.org/merge-stream cache-miss
915 http fetch GET 200 https://registry.npmjs.org/onetime 41ms (cache miss)
916 silly packumentCache full:https://registry.npmjs.org/onetime set size:undefined disposed:false
917 silly fetch manifest npm-run-path@^4.0.1
918 silly packumentCache full:https://registry.npmjs.org/npm-run-path cache-miss
919 http cache https://registry.npmjs.org/npm-run-path 4ms (cache hit)
920 silly packumentCache full:https://registry.npmjs.org/npm-run-path set size:33596 disposed:false
921 silly fetch manifest human-signals@^2.1.0
922 silly packumentCache full:https://registry.npmjs.org/human-signals cache-miss
923 http fetch GET 200 https://registry.npmjs.org/@noble%2fciphers 53ms (cache miss)
924 silly packumentCache full:https://registry.npmjs.org/@noble%2fciphers set size:undefined disposed:false
925 silly fetch manifest strip-final-newline@^2.0.0
926 silly packumentCache full:https://registry.npmjs.org/strip-final-newline cache-miss
927 http cache https://registry.npmjs.org/human-signals 7ms (cache hit)
928 silly packumentCache full:https://registry.npmjs.org/human-signals set size:47322 disposed:false
929 silly fetch manifest isexe@^3.1.1
930 silly packumentCache full:https://registry.npmjs.org/isexe cache-miss
931 http cache https://registry.npmjs.org/strip-final-newline 5ms (cache hit)
932 silly packumentCache full:https://registry.npmjs.org/strip-final-newline set size:9328 disposed:false
933 http cache https://registry.npmjs.org/isexe 5ms (cache hit)
934 silly packumentCache full:https://registry.npmjs.org/isexe set size:31756 disposed:false
935 http fetch GET 200 https://registry.npmjs.org/merge-stream 43ms (cache miss)
936 silly packumentCache full:https://registry.npmjs.org/merge-stream set size:undefined disposed:false
937 silly placeDep ROOT @jridgewell/sourcemap-codec@1.5.5 OK for: @jridgewell/gen-mapping@0.3.13 want: ^1.5.0
938 silly placeDep ROOT @jridgewell/resolve-uri@3.1.2 OK for: @jridgewell/trace-mapping@0.3.31 want: ^3.1.0
939 silly placeDep ROOT @hono/node-server@1.19.14 OK for: @modelcontextprotocol/sdk@1.29.0 want: ^1.19.9
940 silly placeDep ROOT hono@4.12.18 OK for: @hono/node-server@1.19.14 want: ^4
941 silly placeDep ROOT ajv@8.20.0 OK for: @modelcontextprotocol/sdk@1.29.0 want: ^8.17.1
942 silly placeDep ROOT ajv-formats@3.0.1 OK for: @modelcontextprotocol/sdk@1.29.0 want: ^3.0.1
943 silly placeDep ROOT content-type@1.0.5 OK for: @modelcontextprotocol/sdk@1.29.0 want: ^1.0.5
944 silly placeDep ROOT cors@2.8.6 OK for: @modelcontextprotocol/sdk@1.29.0 want: ^2.8.5
945 silly placeDep ROOT cross-spawn@7.0.6 OK for: @modelcontextprotocol/sdk@1.29.0 want: ^7.0.5
946 silly placeDep ROOT eventsource@3.0.7 OK for: @modelcontextprotocol/sdk@1.29.0 want: ^3.0.2
947 silly placeDep ROOT eventsource-parser@3.0.8 OK for: @modelcontextprotocol/sdk@1.29.0 want: ^3.0.0
948 silly placeDep ROOT express@5.2.1 OK for: @modelcontextprotocol/sdk@1.29.0 want: ^5.2.1
949 silly placeDep ROOT express-rate-limit@8.5.2 OK for: @modelcontextprotocol/sdk@1.29.0 want: ^8.2.1
950 silly placeDep ROOT jose@6.2.3 OK for: @modelcontextprotocol/sdk@1.29.0 want: ^6.1.3
951 silly placeDep ROOT json-schema-typed@8.0.2 OK for: @modelcontextprotocol/sdk@1.29.0 want: ^8.0.2
952 silly placeDep ROOT pkce-challenge@5.0.1 OK for: @modelcontextprotocol/sdk@1.29.0 want: ^5.0.0
953 silly placeDep ROOT raw-body@3.0.2 OK for: @modelcontextprotocol/sdk@1.29.0 want: ^3.0.0
954 silly fetch manifest fast-deep-equal@^3.1.3
955 silly packumentCache full:https://registry.npmjs.org/fast-deep-equal cache-miss
956 silly fetch manifest fast-uri@^3.0.1
957 silly packumentCache full:https://registry.npmjs.org/fast-uri cache-miss
958 silly fetch manifest json-schema-traverse@^1.0.0
959 silly packumentCache full:https://registry.npmjs.org/json-schema-traverse cache-miss
960 http cache https://registry.npmjs.org/fast-deep-equal 5ms (cache hit)
961 silly packumentCache full:https://registry.npmjs.org/fast-deep-equal set size:48634 disposed:false
962 silly fetch manifest require-from-string@^2.0.2
963 silly packumentCache full:https://registry.npmjs.org/require-from-string cache-miss
964 http cache https://registry.npmjs.org/json-schema-traverse 6ms (cache hit)
965 silly packumentCache full:https://registry.npmjs.org/json-schema-traverse set size:23537 disposed:false
966 silly fetch manifest object-assign@^4
967 silly packumentCache full:https://registry.npmjs.org/object-assign cache-miss
968 http cache https://registry.npmjs.org/object-assign 4ms (cache hit)
969 silly packumentCache full:https://registry.npmjs.org/object-assign set size:28988 disposed:false
970 silly fetch manifest vary@^1
971 silly packumentCache full:https://registry.npmjs.org/vary cache-miss
972 http fetch GET 200 https://registry.npmjs.org/fast-uri 36ms (cache miss)
973 silly packumentCache full:https://registry.npmjs.org/fast-uri set size:undefined disposed:false
974 silly fetch manifest which@^2.0.1
975 silly packumentCache full:https://registry.npmjs.org/which cache-hit
976 silly fetch manifest path-key@^3.1.0
977 silly packumentCache full:https://registry.npmjs.org/path-key cache-miss
978 http cache https://registry.npmjs.org/path-key 5ms (cache hit)
979 silly packumentCache full:https://registry.npmjs.org/path-key set size:16975 disposed:false
980 silly fetch manifest shebang-command@^2.0.0
981 silly packumentCache full:https://registry.npmjs.org/shebang-command cache-miss
982 http fetch GET 200 https://registry.npmjs.org/require-from-string 40ms (cache miss)
983 silly packumentCache full:https://registry.npmjs.org/require-from-string set size:undefined disposed:false
984 silly fetch manifest eventsource-parser@^3.0.1
985 silly packumentCache full:https://registry.npmjs.org/eventsource-parser cache-miss
986 http cache https://registry.npmjs.org/shebang-command 7ms (cache hit)
987 silly packumentCache full:https://registry.npmjs.org/shebang-command set size:8525 disposed:false
988 silly fetch manifest qs@^6.14.0
989 silly packumentCache full:https://registry.npmjs.org/qs cache-miss
990 http fetch GET 200 https://registry.npmjs.org/vary 41ms (cache miss)
991 silly packumentCache full:https://registry.npmjs.org/vary set size:undefined disposed:false
992 silly fetch manifest depd@^2.0.0
993 silly packumentCache full:https://registry.npmjs.org/depd cache-miss
994 http cache https://registry.npmjs.org/eventsource-parser 18ms (cache hit)
995 silly packumentCache full:https://registry.npmjs.org/eventsource-parser set size:72949 disposed:false
996 silly fetch manifest etag@^1.8.1
997 silly packumentCache full:https://registry.npmjs.org/etag cache-miss
998 http fetch GET 200 https://registry.npmjs.org/qs 52ms (cache miss)
999 silly packumentCache full:https://registry.npmjs.org/qs set size:undefined disposed:false
1000 silly fetch manifest once@^1.4.0
1001 silly packumentCache full:https://registry.npmjs.org/once cache-miss
1002 http fetch GET 200 https://registry.npmjs.org/etag 43ms (cache miss)
1003 silly packumentCache full:https://registry.npmjs.org/etag set size:undefined disposed:false
1004 silly fetch manifest send@^1.1.0
1005 silly packumentCache full:https://registry.npmjs.org/send cache-miss
1006 http fetch GET 200 https://registry.npmjs.org/once 34ms (cache miss)
1007 silly packumentCache full:https://registry.npmjs.org/once set size:undefined disposed:false
1008 silly fetch manifest vary@^1.1.2
1009 silly packumentCache full:https://registry.npmjs.org/vary cache-miss
1010 http cache https://registry.npmjs.org/vary 4ms (cache hit)
1011 silly packumentCache full:https://registry.npmjs.org/vary set size:15994 disposed:false
1012 silly fetch manifest fresh@^2.0.0
1013 silly packumentCache full:https://registry.npmjs.org/fresh cache-miss
1014 http fetch GET 200 https://registry.npmjs.org/send 44ms (cache miss)
1015 silly packumentCache full:https://registry.npmjs.org/send set size:undefined disposed:false
1016 silly fetch manifest cookie@^0.7.1
1017 silly packumentCache full:https://registry.npmjs.org/cookie cache-miss
1018 http cache https://registry.npmjs.org/cookie 5ms (cache hit)
1019 silly packumentCache full:https://registry.npmjs.org/cookie set size:72891 disposed:false
1020 silly fetch manifest router@^2.2.0
1021 silly packumentCache full:https://registry.npmjs.org/router cache-miss
1022 http fetch GET 200 https://registry.npmjs.org/fresh 37ms (cache miss)
1023 silly packumentCache full:https://registry.npmjs.org/fresh set size:undefined disposed:false
1024 silly fetch manifest accepts@^2.0.0
1025 silly packumentCache full:https://registry.npmjs.org/accepts cache-miss
1026 http fetch GET 200 https://registry.npmjs.org/router 46ms (cache miss)
1027 silly packumentCache full:https://registry.npmjs.org/router set size:undefined disposed:false
1028 silly fetch manifest type-is@^2.0.1
1029 silly packumentCache full:https://registry.npmjs.org/type-is cache-miss
1030 http fetch GET 200 https://registry.npmjs.org/accepts 37ms (cache miss)
1031 silly packumentCache full:https://registry.npmjs.org/accepts set size:undefined disposed:false
1032 silly fetch manifest parseurl@^1.3.3
1033 silly packumentCache full:https://registry.npmjs.org/parseurl cache-miss
1034 http fetch GET 200 https://registry.npmjs.org/type-is 43ms (cache miss)
1035 silly packumentCache full:https://registry.npmjs.org/type-is set size:undefined disposed:false
1036 silly fetch manifest statuses@^2.0.1
1037 silly packumentCache full:https://registry.npmjs.org/statuses cache-miss
1038 http fetch GET 200 https://registry.npmjs.org/depd 203ms (cache miss)
1039 silly packumentCache full:https://registry.npmjs.org/depd set size:undefined disposed:false
1040 silly fetch manifest encodeurl@^2.0.0
1041 silly packumentCache full:https://registry.npmjs.org/encodeurl cache-miss
1042 http cache https://registry.npmjs.org/statuses 8ms (cache hit)
1043 silly packumentCache full:https://registry.npmjs.org/statuses set size:37117 disposed:false
1044 silly fetch manifest mime-types@^3.0.0
1045 silly packumentCache full:https://registry.npmjs.org/mime-types cache-miss
1046 http fetch GET 200 https://registry.npmjs.org/parseurl 42ms (cache miss)
1047 silly packumentCache full:https://registry.npmjs.org/parseurl set size:undefined disposed:false
1048 silly fetch manifest proxy-addr@^2.0.7
1049 silly packumentCache full:https://registry.npmjs.org/proxy-addr cache-miss
1050 http fetch GET 200 https://registry.npmjs.org/encodeurl 40ms (cache miss)
1051 silly packumentCache full:https://registry.npmjs.org/encodeurl set size:undefined disposed:false
1052 silly fetch manifest body-parser@^2.2.1
1053 silly packumentCache full:https://registry.npmjs.org/body-parser cache-miss
1054 http fetch GET 200 https://registry.npmjs.org/mime-types 40ms (cache miss)
1055 silly packumentCache full:https://registry.npmjs.org/mime-types set size:undefined disposed:false
1056 silly fetch manifest escape-html@^1.0.3
1057 silly packumentCache full:https://registry.npmjs.org/escape-html cache-miss
1058 http fetch GET 200 https://registry.npmjs.org/proxy-addr 44ms (cache miss)
1059 silly packumentCache full:https://registry.npmjs.org/proxy-addr set size:undefined disposed:false
1060 silly fetch manifest http-errors@^2.0.0
1061 silly packumentCache full:https://registry.npmjs.org/http-errors cache-miss
1062 http fetch GET 200 https://registry.npmjs.org/escape-html 34ms (cache miss)
1063 silly packumentCache full:https://registry.npmjs.org/escape-html set size:undefined disposed:false
1064 silly fetch manifest on-finished@^2.4.1
1065 silly packumentCache full:https://registry.npmjs.org/on-finished cache-miss
1066 http fetch GET 200 https://registry.npmjs.org/body-parser 47ms (cache miss)
1067 silly packumentCache full:https://registry.npmjs.org/body-parser set size:undefined disposed:false
1068 silly fetch manifest finalhandler@^2.1.0
1069 silly packumentCache full:https://registry.npmjs.org/finalhandler cache-miss
1070 http fetch GET 200 https://registry.npmjs.org/http-errors 40ms (cache miss)
1071 silly packumentCache full:https://registry.npmjs.org/http-errors set size:undefined disposed:false
1072 silly fetch manifest range-parser@^1.2.1
1073 silly packumentCache full:https://registry.npmjs.org/range-parser cache-miss
1074 http fetch GET 200 https://registry.npmjs.org/on-finished 35ms (cache miss)
1075 silly packumentCache full:https://registry.npmjs.org/on-finished set size:undefined disposed:false
1076 silly fetch manifest serve-static@^2.2.0
1077 silly packumentCache full:https://registry.npmjs.org/serve-static cache-miss
1078 http fetch GET 200 https://registry.npmjs.org/finalhandler 40ms (cache miss)
1079 silly packumentCache full:https://registry.npmjs.org/finalhandler set size:undefined disposed:false
1080 silly fetch manifest cookie-signature@^1.2.1
1081 silly packumentCache full:https://registry.npmjs.org/cookie-signature cache-miss
1082 http fetch GET 200 https://registry.npmjs.org/range-parser 39ms (cache miss)
1083 silly packumentCache full:https://registry.npmjs.org/range-parser set size:undefined disposed:false
1084 silly fetch manifest merge-descriptors@^2.0.0
1085 silly packumentCache full:https://registry.npmjs.org/merge-descriptors cache-miss
1086 http fetch GET 200 https://registry.npmjs.org/serve-static 39ms (cache miss)
1087 silly packumentCache full:https://registry.npmjs.org/serve-static set size:undefined disposed:false
1088 silly fetch manifest content-disposition@^1.0.0
1089 silly packumentCache full:https://registry.npmjs.org/content-disposition cache-miss
1090 http fetch GET 200 https://registry.npmjs.org/cookie-signature 46ms (cache miss)
1091 silly packumentCache full:https://registry.npmjs.org/cookie-signature set size:undefined disposed:false
1092 silly fetch manifest ip-address@^10.2.0
1093 silly packumentCache full:https://registry.npmjs.org/ip-address cache-miss
1094 http fetch GET 200 https://registry.npmjs.org/merge-descriptors 46ms (cache miss)
1095 silly packumentCache full:https://registry.npmjs.org/merge-descriptors set size:undefined disposed:false
1096 silly fetch manifest bytes@~3.1.2
1097 silly packumentCache full:https://registry.npmjs.org/bytes cache-miss
1098 http fetch GET 200 https://registry.npmjs.org/content-disposition 36ms (cache miss)
1099 silly packumentCache full:https://registry.npmjs.org/content-disposition set size:undefined disposed:false
1100 silly fetch manifest unpipe@~1.0.0
1101 silly packumentCache full:https://registry.npmjs.org/unpipe cache-miss
1102 http fetch GET 200 https://registry.npmjs.org/bytes 36ms (cache miss)
1103 silly packumentCache full:https://registry.npmjs.org/bytes set size:undefined disposed:false
1104 silly fetch manifest iconv-lite@~0.7.0
1105 silly packumentCache full:https://registry.npmjs.org/iconv-lite cache-miss
1106 http fetch GET 200 https://registry.npmjs.org/ip-address 46ms (cache miss)
1107 silly packumentCache full:https://registry.npmjs.org/ip-address set size:undefined disposed:false
1108 silly fetch manifest http-errors@~2.0.1
1109 silly packumentCache full:https://registry.npmjs.org/http-errors cache-miss
1110 http fetch GET 200 https://registry.npmjs.org/unpipe 36ms (cache miss)
1111 silly packumentCache full:https://registry.npmjs.org/unpipe set size:undefined disposed:false
1112 http cache https://registry.npmjs.org/http-errors 4ms (cache hit)
1113 silly packumentCache full:https://registry.npmjs.org/http-errors set size:71987 disposed:false
1114 http fetch GET 200 https://registry.npmjs.org/iconv-lite 44ms (cache miss)
1115 silly packumentCache full:https://registry.npmjs.org/iconv-lite set size:undefined disposed:false
1116 silly placeDep ROOT fast-deep-equal@3.1.3 OK for: ajv@8.20.0 want: ^3.1.3
1117 silly placeDep ROOT fast-uri@3.1.2 OK for: ajv@8.20.0 want: ^3.0.1
1118 silly placeDep ROOT json-schema-traverse@1.0.0 OK for: ajv@8.20.0 want: ^1.0.0
1119 silly placeDep ROOT require-from-string@2.0.2 OK for: ajv@8.20.0 want: ^2.0.2
1120 silly fetch manifest browserslist@>= 4.21.0
1121 silly packumentCache full:https://registry.npmjs.org/browserslist cache-hit
1122 silly placeDep ROOT baseline-browser-mapping@2.10.29 OK for: browserslist@4.28.2 want: ^2.10.12
1123 silly placeDep ROOT caniuse-lite@1.0.30001792 OK for: browserslist@4.28.2 want: ^1.0.30001782
1124 silly placeDep ROOT electron-to-chromium@1.5.357 OK for: browserslist@4.28.2 want: ^1.5.328
1125 silly placeDep ROOT node-releases@2.0.44 OK for: browserslist@4.28.2 want: ^2.0.36
1126 silly placeDep ROOT update-browserslist-db@1.2.3 OK for: browserslist@4.28.2 want: ^1.2.3
1127 silly fetch manifest escalade@^3.2.0
1128 silly packumentCache full:https://registry.npmjs.org/escalade cache-miss
1129 http cache https://registry.npmjs.org/escalade 3ms (cache hit)
1130 silly packumentCache full:https://registry.npmjs.org/escalade set size:33724 disposed:false
1131 silly placeDep ROOT object-assign@4.1.1 OK for: cors@2.8.6 want: ^4
1132 silly placeDep ROOT vary@1.1.2 OK for: cors@2.8.6 want: ^1
1133 silly placeDep ROOT env-paths@2.2.1 OK for: cosmiconfig@9.0.1 want: ^2.2.1
1134 silly placeDep ROOT import-fresh@3.3.1 OK for: cosmiconfig@9.0.1 want: ^3.3.0
1135 silly placeDep ROOT js-yaml@4.1.1 OK for: cosmiconfig@9.0.1 want: ^4.1.0
1136 silly placeDep ROOT parse-json@5.2.0 OK for: cosmiconfig@9.0.1 want: ^5.2.0
1137 silly fetch manifest resolve-from@^4.0.0
1138 silly packumentCache full:https://registry.npmjs.org/resolve-from cache-miss
1139 silly fetch manifest parent-module@^1.0.0
1140 silly packumentCache full:https://registry.npmjs.org/parent-module cache-miss
1141 silly fetch manifest argparse@^2.0.1
1142 silly packumentCache full:https://registry.npmjs.org/argparse cache-miss
1143 http cache https://registry.npmjs.org/resolve-from 5ms (cache hit)
1144 silly packumentCache full:https://registry.npmjs.org/resolve-from set size:12911 disposed:false
1145 silly fetch manifest error-ex@^1.3.1
1146 silly packumentCache full:https://registry.npmjs.org/error-ex cache-miss
1147 http cache https://registry.npmjs.org/argparse 5ms (cache hit)
1148 silly packumentCache full:https://registry.npmjs.org/argparse set size:49266 disposed:false
1149 silly fetch manifest lines-and-columns@^1.1.6
1150 silly packumentCache full:https://registry.npmjs.org/lines-and-columns cache-miss
1151 http cache https://registry.npmjs.org/parent-module 9ms (cache hit)
1152 silly packumentCache full:https://registry.npmjs.org/parent-module set size:18255 disposed:false
1153 silly fetch manifest json-parse-even-better-errors@^2.3.0
1154 silly packumentCache full:https://registry.npmjs.org/json-parse-even-better-errors cache-miss
1155 http fetch GET 200 https://registry.npmjs.org/json-parse-even-better-errors 39ms (cache miss)
1156 silly packumentCache full:https://registry.npmjs.org/json-parse-even-better-errors set size:undefined disposed:false
1157 http fetch GET 200 https://registry.npmjs.org/error-ex 45ms (cache miss)
1158 silly packumentCache full:https://registry.npmjs.org/error-ex set size:undefined disposed:false
1159 http fetch GET 200 https://registry.npmjs.org/lines-and-columns 45ms (cache miss)
1160 silly packumentCache full:https://registry.npmjs.org/lines-and-columns set size:undefined disposed:false
1161 silly placeDep ROOT path-key@3.1.1 OK for: cross-spawn@7.0.6 want: ^3.1.0
1162 silly placeDep ROOT shebang-command@2.0.0 OK for: cross-spawn@7.0.6 want: ^2.0.0
1163 silly placeDep node_modules/cross-spawn which@2.0.2 OK for: cross-spawn@7.0.6 want: ^2.0.1
1164 silly fetch manifest shebang-regex@^3.0.0
1165 silly packumentCache full:https://registry.npmjs.org/shebang-regex cache-miss
1166 silly fetch manifest isexe@^2.0.0
1167 silly packumentCache full:https://registry.npmjs.org/isexe cache-hit
1168 http cache https://registry.npmjs.org/shebang-regex 4ms (cache hit)
1169 silly packumentCache full:https://registry.npmjs.org/shebang-regex set size:9763 disposed:false
1170 silly placeDep ROOT ms@2.1.3 OK for: debug@4.4.3 want: ^2.1.3
1171 silly placeDep ROOT @ecies/ciphers@0.2.6 OK for: eciesjs@0.4.18 want: ^0.2.5
1172 silly placeDep ROOT @noble/ciphers@1.3.0 OK for: @ecies/ciphers@0.2.6 want: ^1.0.0
1173 silly placeDep ROOT @noble/curves@1.9.7 OK for: eciesjs@0.4.18 want: ^1.9.7
1174 silly placeDep ROOT @noble/hashes@1.8.0 OK for: eciesjs@0.4.18 want: ^1.8.0
1175 silly fetch manifest @noble/hashes@1.8.0
1176 silly packumentCache full:https://registry.npmjs.org/@noble%2fhashes cache-miss
1177 http cache https://registry.npmjs.org/@noble%2fhashes 4ms (cache hit)
1178 silly packumentCache full:https://registry.npmjs.org/@noble%2fhashes set size:217737 disposed:false
1179 silly placeDep ROOT @sindresorhus/merge-streams@4.0.0 OK for: execa@9.6.1 want: ^4.0.0
1180 silly placeDep ROOT figures@6.1.0 OK for: execa@9.6.1 want: ^6.1.0
1181 silly placeDep ROOT get-stream@9.0.1 OK for: execa@9.6.1 want: ^9.0.0
1182 silly placeDep ROOT human-signals@8.0.1 OK for: execa@9.6.1 want: ^8.0.1
1183 silly placeDep ROOT is-plain-obj@4.1.0 OK for: execa@9.6.1 want: ^4.1.0
1184 silly placeDep ROOT is-stream@4.0.1 OK for: execa@9.6.1 want: ^4.0.1
1185 silly placeDep ROOT npm-run-path@6.0.0 OK for: execa@9.6.1 want: ^6.0.0
1186 silly placeDep ROOT pretty-ms@9.3.0 OK for: execa@9.6.1 want: ^9.2.0
1187 silly placeDep ROOT signal-exit@4.1.0 OK for: execa@9.6.1 want: ^4.1.0
1188 silly placeDep ROOT strip-final-newline@4.0.0 OK for: execa@9.6.1 want: ^4.0.0
1189 silly placeDep ROOT yoctocolors@2.1.2 OK for: execa@9.6.1 want: ^2.1.1
1190 silly fetch manifest @sec-ant/readable-stream@^0.4.1
1191 silly packumentCache full:https://registry.npmjs.org/@sec-ant%2freadable-stream cache-miss
1192 silly fetch manifest path-key@^4.0.0
1193 silly packumentCache full:https://registry.npmjs.org/path-key cache-hit
1194 silly fetch manifest unicorn-magic@^0.3.0
1195 silly packumentCache full:https://registry.npmjs.org/unicorn-magic cache-miss
1196 silly fetch manifest parse-ms@^4.0.0
1197 silly packumentCache full:https://registry.npmjs.org/parse-ms cache-miss
1198 http fetch GET 200 https://registry.npmjs.org/parse-ms 36ms (cache miss)
1199 silly packumentCache full:https://registry.npmjs.org/parse-ms set size:undefined disposed:false
1200 http fetch GET 200 https://registry.npmjs.org/unicorn-magic 37ms (cache miss)
1201 silly packumentCache full:https://registry.npmjs.org/unicorn-magic set size:undefined disposed:false
1202 http fetch GET 200 https://registry.npmjs.org/@sec-ant%2freadable-stream 226ms (cache miss)
1203 silly packumentCache full:https://registry.npmjs.org/@sec-ant%2freadable-stream set size:undefined disposed:false
1204 silly placeDep ROOT accepts@2.0.0 OK for: express@5.2.1 want: ^2.0.0
1205 silly placeDep ROOT body-parser@2.2.2 OK for: express@5.2.1 want: ^2.2.1
1206 silly placeDep ROOT content-disposition@1.1.0 OK for: express@5.2.1 want: ^1.0.0
1207 silly placeDep ROOT cookie@0.7.2 OK for: express@5.2.1 want: ^0.7.1
1208 silly placeDep ROOT cookie-signature@1.2.2 OK for: express@5.2.1 want: ^1.2.1
1209 silly placeDep ROOT depd@2.0.0 OK for: express@5.2.1 want: ^2.0.0
1210 silly placeDep ROOT encodeurl@2.0.0 OK for: express@5.2.1 want: ^2.0.0
1211 silly placeDep ROOT escape-html@1.0.3 OK for: express@5.2.1 want: ^1.0.3
1212 silly placeDep ROOT etag@1.8.1 OK for: express@5.2.1 want: ^1.8.1
1213 silly placeDep ROOT finalhandler@2.1.1 OK for: express@5.2.1 want: ^2.1.0
1214 silly placeDep ROOT fresh@2.0.0 OK for: express@5.2.1 want: ^2.0.0
1215 silly placeDep ROOT http-errors@2.0.1 OK for: express@5.2.1 want: ^2.0.0
1216 silly placeDep ROOT merge-descriptors@2.0.0 OK for: express@5.2.1 want: ^2.0.0
1217 silly placeDep ROOT mime-types@3.0.2 OK for: express@5.2.1 want: ^3.0.0
1218 silly placeDep ROOT on-finished@2.4.1 OK for: express@5.2.1 want: ^2.4.1
1219 silly placeDep ROOT once@1.4.0 OK for: express@5.2.1 want: ^1.4.0
1220 silly placeDep ROOT parseurl@1.3.3 OK for: express@5.2.1 want: ^1.3.3
1221 silly placeDep ROOT proxy-addr@2.0.7 OK for: express@5.2.1 want: ^2.0.7
1222 silly placeDep ROOT qs@6.15.1 OK for: express@5.2.1 want: ^6.14.0
1223 silly placeDep ROOT range-parser@1.2.1 OK for: express@5.2.1 want: ^1.2.1
1224 silly placeDep ROOT router@2.2.0 OK for: express@5.2.1 want: ^2.2.0
1225 silly placeDep ROOT send@1.2.1 OK for: express@5.2.1 want: ^1.1.0
1226 silly placeDep ROOT serve-static@2.2.1 OK for: express@5.2.1 want: ^2.2.0
1227 silly placeDep ROOT statuses@2.0.2 OK for: express@5.2.1 want: ^2.0.1
1228 silly placeDep ROOT type-is@2.1.0 OK for: express@5.2.1 want: ^2.0.1
1229 silly fetch manifest negotiator@^1.0.0
1230 silly packumentCache full:https://registry.npmjs.org/negotiator cache-miss
1231 silly fetch manifest qs@^6.14.1
1232 silly packumentCache full:https://registry.npmjs.org/qs cache-miss
1233 silly fetch manifest bytes@^3.1.2
1234 silly packumentCache full:https://registry.npmjs.org/bytes cache-miss
1235 http cache https://registry.npmjs.org/bytes 4ms (cache hit)
1236 silly packumentCache full:https://registry.npmjs.org/bytes set size:37018 disposed:false
1237 silly fetch manifest iconv-lite@^0.7.0
1238 silly packumentCache full:https://registry.npmjs.org/iconv-lite cache-miss
1239 http cache https://registry.npmjs.org/qs 7ms (cache hit)
1240 silly packumentCache full:https://registry.npmjs.org/qs set size:353582 disposed:false
1241 silly fetch manifest inherits@~2.0.4
1242 silly packumentCache full:https://registry.npmjs.org/inherits cache-miss
1243 http cache https://registry.npmjs.org/iconv-lite 8ms (cache hit)
1244 silly packumentCache full:https://registry.npmjs.org/iconv-lite set size:120557 disposed:false
1245 silly fetch manifest setprototypeof@~1.2.0
1246 silly packumentCache full:https://registry.npmjs.org/setprototypeof cache-miss
1247 http fetch GET 200 https://registry.npmjs.org/negotiator 38ms (cache miss)
1248 silly packumentCache full:https://registry.npmjs.org/negotiator set size:undefined disposed:false
1249 silly fetch manifest statuses@~2.0.2
1250 silly packumentCache full:https://registry.npmjs.org/statuses cache-hit
1251 silly fetch manifest toidentifier@~1.0.1
1252 silly packumentCache full:https://registry.npmjs.org/toidentifier cache-miss
1253 http fetch GET 200 https://registry.npmjs.org/inherits 34ms (cache miss)
1254 silly packumentCache full:https://registry.npmjs.org/inherits set size:undefined disposed:false
1255 silly fetch manifest mime-db@^1.54.0
1256 silly packumentCache full:https://registry.npmjs.org/mime-db cache-miss
1257 http fetch GET 200 https://registry.npmjs.org/setprototypeof 40ms (cache miss)
1258 silly packumentCache full:https://registry.npmjs.org/setprototypeof set size:undefined disposed:false
1259 silly fetch manifest ee-first@1.1.1
1260 silly packumentCache full:https://registry.npmjs.org/ee-first cache-miss
1261 http fetch GET 200 https://registry.npmjs.org/toidentifier 39ms (cache miss)
1262 silly packumentCache full:https://registry.npmjs.org/toidentifier set size:undefined disposed:false
1263 silly fetch manifest wrappy@1
1264 silly packumentCache full:https://registry.npmjs.org/wrappy cache-miss
1265 http fetch GET 200 https://registry.npmjs.org/mime-db 53ms (cache miss)
1266 silly packumentCache full:https://registry.npmjs.org/mime-db set size:undefined disposed:false
1267 silly fetch manifest forwarded@0.2.0
1268 silly packumentCache full:https://registry.npmjs.org/forwarded cache-miss
1269 http fetch GET 200 https://registry.npmjs.org/ee-first 51ms (cache miss)
1270 silly packumentCache full:https://registry.npmjs.org/ee-first set size:undefined disposed:false
1271 silly fetch manifest ipaddr.js@1.9.1
1272 silly packumentCache full:https://registry.npmjs.org/ipaddr.js cache-miss
1273 http fetch GET 200 https://registry.npmjs.org/wrappy 33ms (cache miss)
1274 silly packumentCache full:https://registry.npmjs.org/wrappy set size:undefined disposed:false
1275 silly fetch manifest side-channel@^1.1.0
1276 silly packumentCache full:https://registry.npmjs.org/side-channel cache-miss
1277 http cache https://registry.npmjs.org/side-channel 4ms (cache hit)
1278 silly packumentCache full:https://registry.npmjs.org/side-channel set size:24660 disposed:false
1279 silly fetch manifest is-promise@^4.0.0
1280 silly packumentCache full:https://registry.npmjs.org/is-promise cache-miss
1281 http fetch GET 200 https://registry.npmjs.org/forwarded 39ms (cache miss)
1282 silly packumentCache full:https://registry.npmjs.org/forwarded set size:undefined disposed:false
1283 silly fetch manifest path-to-regexp@^8.0.0
1284 silly packumentCache full:https://registry.npmjs.org/path-to-regexp cache-miss
1285 http cache https://registry.npmjs.org/path-to-regexp 4ms (cache hit)
1286 silly packumentCache full:https://registry.npmjs.org/path-to-regexp set size:216334 disposed:false
1287 silly fetch manifest content-type@^2.0.0
1288 silly packumentCache full:https://registry.npmjs.org/content-type cache-miss
1289 http cache https://registry.npmjs.org/content-type 5ms (cache hit)
1290 silly packumentCache full:https://registry.npmjs.org/content-type set size:18994 disposed:false
1291 silly fetch manifest media-typer@^1.1.0
1292 silly packumentCache full:https://registry.npmjs.org/media-typer cache-miss
1293 http fetch GET 200 https://registry.npmjs.org/ipaddr.js 46ms (cache miss)
1294 silly packumentCache full:https://registry.npmjs.org/ipaddr.js set size:undefined disposed:false
1295 http fetch GET 200 https://registry.npmjs.org/is-promise 39ms (cache miss)
1296 silly packumentCache full:https://registry.npmjs.org/is-promise set size:undefined disposed:false
1297 http fetch GET 200 https://registry.npmjs.org/media-typer 37ms (cache miss)
1298 silly packumentCache full:https://registry.npmjs.org/media-typer set size:undefined disposed:false
1299 silly placeDep ROOT negotiator@1.0.0 OK for: accepts@2.0.0 want: ^1.0.0
1300 silly placeDep ROOT bytes@3.1.2 OK for: body-parser@2.2.2 want: ^3.1.2
1301 silly placeDep ROOT iconv-lite@0.7.2 OK for: body-parser@2.2.2 want: ^0.7.0
1302 silly fetch manifest safer-buffer@>= 2.1.2 < 3.0.0
1303 silly packumentCache full:https://registry.npmjs.org/safer-buffer cache-miss
1304 http fetch GET 200 https://registry.npmjs.org/safer-buffer 41ms (cache miss)
1305 silly packumentCache full:https://registry.npmjs.org/safer-buffer set size:undefined disposed:false
1306 silly placeDep ROOT ip-address@10.2.0 OK for: express-rate-limit@8.5.2 want: ^10.2.0
1307 silly placeDep ROOT @nodelib/fs.stat@2.0.5 OK for: fast-glob@3.3.3 want: ^2.0.2
1308 silly placeDep ROOT @nodelib/fs.walk@1.2.8 OK for: fast-glob@3.3.3 want: ^1.2.3
1309 silly placeDep ROOT glob-parent@5.1.2 OK for: fast-glob@3.3.3 want: ^5.1.2
1310 silly placeDep ROOT merge2@1.4.1 OK for: fast-glob@3.3.3 want: ^1.3.0
1311 silly placeDep ROOT micromatch@4.0.8 OK for: fast-glob@3.3.3 want: ^4.0.8
1312 silly fetch manifest fastq@^1.6.0
1313 silly packumentCache full:https://registry.npmjs.org/fastq cache-miss
1314 silly fetch manifest @nodelib/fs.scandir@2.1.5
1315 silly packumentCache full:https://registry.npmjs.org/@nodelib%2ffs.scandir cache-miss
1316 silly fetch manifest is-glob@^4.0.1
1317 silly packumentCache full:https://registry.npmjs.org/is-glob cache-miss
1318 http cache https://registry.npmjs.org/fastq 5ms (cache hit)
1319 silly packumentCache full:https://registry.npmjs.org/fastq set size:78301 disposed:false
1320 silly fetch manifest braces@^3.0.3
1321 silly packumentCache full:https://registry.npmjs.org/braces cache-miss
1322 http cache https://registry.npmjs.org/@nodelib%2ffs.scandir 7ms (cache hit)
1323 silly packumentCache full:https://registry.npmjs.org/@nodelib%2ffs.scandir set size:49256 disposed:false
1324 silly fetch manifest picomatch@^2.3.1
1325 silly packumentCache full:https://registry.npmjs.org/picomatch cache-hit
1326 http cache https://registry.npmjs.org/is-glob 8ms (cache hit)
1327 silly packumentCache full:https://registry.npmjs.org/is-glob set size:40530 disposed:false
1328 http cache https://registry.npmjs.org/braces 7ms (cache hit)
1329 silly packumentCache full:https://registry.npmjs.org/braces set size:114529 disposed:false
1330 silly placeDep ROOT @nodelib/fs.scandir@2.1.5 OK for: @nodelib/fs.walk@1.2.8 want: 2.1.5
1331 silly placeDep ROOT fastq@1.20.1 OK for: @nodelib/fs.walk@1.2.8 want: ^1.6.0
1332 silly fetch manifest run-parallel@^1.1.9
1333 silly packumentCache full:https://registry.npmjs.org/run-parallel cache-miss
1334 silly fetch manifest reusify@^1.0.4
1335 silly packumentCache full:https://registry.npmjs.org/reusify cache-miss
1336 http cache https://registry.npmjs.org/run-parallel 5ms (cache hit)
1337 silly packumentCache full:https://registry.npmjs.org/run-parallel set size:35172 disposed:false
1338 http cache https://registry.npmjs.org/reusify 5ms (cache hit)
1339 silly packumentCache full:https://registry.npmjs.org/reusify set size:14249 disposed:false
1340 silly placeDep ROOT run-parallel@1.2.0 OK for: @nodelib/fs.scandir@2.1.5 want: ^1.1.9
1341 silly fetch manifest queue-microtask@^1.2.2
1342 silly packumentCache full:https://registry.npmjs.org/queue-microtask cache-miss
1343 http cache https://registry.npmjs.org/queue-microtask 4ms (cache hit)
1344 silly packumentCache full:https://registry.npmjs.org/queue-microtask set size:36088 disposed:false
1345 silly placeDep ROOT reusify@1.1.0 OK for: fastq@1.20.1 want: ^1.0.4
1346 silly placeDep ROOT is-unicode-supported@2.1.0 OK for: figures@6.1.0 want: ^2.0.0
1347 silly placeDep ROOT graceful-fs@4.2.11 OK for: fs-extra@11.3.5 want: ^4.2.0
1348 silly placeDep ROOT jsonfile@6.2.1 OK for: fs-extra@11.3.5 want: ^6.0.1
1349 silly placeDep ROOT universalify@2.0.1 OK for: fs-extra@11.3.5 want: ^2.0.0
1350 silly placeDep ROOT @sec-ant/readable-stream@0.4.1 OK for: get-stream@9.0.1 want: ^0.4.1
1351 silly placeDep ROOT is-glob@4.0.3 OK for: glob-parent@5.1.2 want: ^4.0.1
1352 silly fetch manifest is-extglob@^2.1.1
1353 silly packumentCache full:https://registry.npmjs.org/is-extglob cache-miss
1354 http cache https://registry.npmjs.org/is-extglob 4ms (cache hit)
1355 silly packumentCache full:https://registry.npmjs.org/is-extglob set size:11766 disposed:false
1356 silly placeDep ROOT inherits@2.0.4 OK for: http-errors@2.0.1 want: ~2.0.4
1357 silly placeDep ROOT setprototypeof@1.2.0 OK for: http-errors@2.0.1 want: ~1.2.0
1358 silly placeDep ROOT toidentifier@1.0.1 OK for: http-errors@2.0.1 want: ~1.0.1
1359 silly placeDep ROOT agent-base@7.1.4 OK for: https-proxy-agent@7.0.6 want: ^7.1.2
1360 silly placeDep ROOT safer-buffer@2.1.2 OK for: iconv-lite@0.7.2 want: >= 2.1.2 < 3.0.0
1361 silly placeDep ROOT parent-module@1.0.1 OK for: import-fresh@3.3.1 want: ^1.0.0
1362 silly placeDep ROOT resolve-from@4.0.0 OK for: import-fresh@3.3.1 want: ^4.0.0
1363 silly fetch manifest callsites@^3.0.0
1364 silly packumentCache full:https://registry.npmjs.org/callsites cache-miss
1365 http cache https://registry.npmjs.org/callsites 4ms (cache hit)
1366 silly packumentCache full:https://registry.npmjs.org/callsites set size:21349 disposed:false
1367 silly placeDep ROOT is-extglob@2.1.1 OK for: is-glob@4.0.3 want: ^2.1.1
1368 silly placeDep ROOT argparse@2.0.1 OK for: js-yaml@4.1.1 want: ^2.0.1
1369 silly placeDep ROOT yallist@3.1.1 OK for: lru-cache@5.1.1 want: ^3.0.2
1370 silly placeDep ROOT braces@3.0.3 OK for: micromatch@4.0.8 want: ^3.0.3
1371 silly placeDep node_modules/micromatch picomatch@2.3.2 OK for: micromatch@4.0.8 want: ^2.3.1
1372 silly fetch manifest fill-range@^7.1.1
1373 silly packumentCache full:https://registry.npmjs.org/fill-range cache-miss
1374 http cache https://registry.npmjs.org/fill-range 4ms (cache hit)
1375 silly packumentCache full:https://registry.npmjs.org/fill-range set size:90212 disposed:false
1376 silly placeDep ROOT fill-range@7.1.1 OK for: braces@3.0.3 want: ^7.1.1
1377 silly fetch manifest to-regex-range@^5.0.1
1378 silly packumentCache full:https://registry.npmjs.org/to-regex-range cache-miss
1379 http cache https://registry.npmjs.org/to-regex-range 3ms (cache hit)
1380 silly packumentCache full:https://registry.npmjs.org/to-regex-range set size:61569 disposed:false
1381 silly placeDep ROOT to-regex-range@5.0.1 OK for: fill-range@7.1.1 want: ^5.0.1
1382 silly fetch manifest is-number@^7.0.0
1383 silly packumentCache full:https://registry.npmjs.org/is-number cache-miss
1384 http cache https://registry.npmjs.org/is-number 4ms (cache hit)
1385 silly packumentCache full:https://registry.npmjs.org/is-number set size:36183 disposed:false
1386 silly placeDep ROOT mime-db@1.54.0 OK for: mime-types@3.0.2 want: ^1.54.0
1387 silly fetch manifest @types/node@>=18
1388 silly packumentCache full:https://registry.npmjs.org/@types%2fnode cache-miss
1389 http cache https://registry.npmjs.org/@types%2fnode 24ms (cache hit)
1390 silly packumentCache full:https://registry.npmjs.org/@types%2fnode set size:11008407 disposed:false
1391 silly placeDep ROOT @inquirer/confirm@6.0.13 OK for: msw@2.14.6 want: ^6.0.11
1392 silly placeDep ROOT @mswjs/interceptors@0.41.9 OK for: msw@2.14.6 want: ^0.41.3
1393 silly placeDep ROOT @open-draft/deferred-promise@3.0.0 OK for: msw@2.14.6 want: ^3.0.0
1394 silly placeDep ROOT @types/statuses@2.0.6 OK for: msw@2.14.6 want: ^2.0.6
1395 silly placeDep node_modules/msw cookie@1.1.1 OK for: msw@2.14.6 want: ^1.1.1
1396 silly placeDep ROOT graphql@16.14.0 OK for: msw@2.14.6 want: ^16.13.2
1397 silly placeDep ROOT headers-polyfill@5.0.1 OK for: msw@2.14.6 want: ^5.0.1
1398 silly placeDep ROOT is-node-process@1.2.0 OK for: msw@2.14.6 want: ^1.2.0
1399 silly placeDep ROOT outvariant@1.4.3 OK for: msw@2.14.6 want: ^1.4.3
1400 silly placeDep ROOT path-to-regexp@6.3.0 OK for: msw@2.14.6 want: ^6.3.0
1401 silly placeDep ROOT rettime@0.11.11 OK for: msw@2.14.6 want: ^0.11.11
1402 silly placeDep ROOT strict-event-emitter@0.5.1 OK for: msw@2.14.6 want: ^0.5.1
1403 silly placeDep ROOT tough-cookie@6.0.1 OK for: msw@2.14.6 want: ^6.0.1
1404 silly placeDep ROOT type-fest@5.6.0 OK for: msw@2.14.6 want: ^5.5.0
1405 silly placeDep ROOT until-async@3.0.2 OK for: msw@2.14.6 want: ^3.0.2
1406 silly placeDep ROOT yargs@17.7.2 OK for: msw@2.14.6 want: ^17.7.2
1407 silly fetch manifest @inquirer/core@^11.1.10
1408 silly packumentCache full:https://registry.npmjs.org/@inquirer%2fcore cache-miss
1409 silly fetch manifest @inquirer/type@^4.0.5
1410 silly packumentCache full:https://registry.npmjs.org/@inquirer%2ftype cache-miss
1411 silly fetch manifest @open-draft/deferred-promise@^2.2.0
1412 silly packumentCache full:https://registry.npmjs.org/@open-draft%2fdeferred-promise cache-miss
1413 http cache https://registry.npmjs.org/@open-draft%2fdeferred-promise 6ms (cache hit)
1414 silly packumentCache full:https://registry.npmjs.org/@open-draft%2fdeferred-promise set size:31728 disposed:false
1415 silly fetch manifest @open-draft/logger@^0.3.0
1416 silly packumentCache full:https://registry.npmjs.org/@open-draft%2flogger cache-miss
1417 http fetch GET 200 https://registry.npmjs.org/@open-draft%2flogger 63ms (cache miss)
1418 silly packumentCache full:https://registry.npmjs.org/@open-draft%2flogger set size:undefined disposed:false
1419 silly fetch manifest @open-draft/until@^2.0.0
1420 silly packumentCache full:https://registry.npmjs.org/@open-draft%2funtil cache-miss
1421 http fetch GET 200 https://registry.npmjs.org/@inquirer%2fcore 82ms (cache miss)
1422 silly packumentCache full:https://registry.npmjs.org/@inquirer%2fcore set size:undefined disposed:false
1423 silly fetch manifest @types/set-cookie-parser@^2.4.10
1424 silly packumentCache full:https://registry.npmjs.org/@types%2fset-cookie-parser cache-miss
1425 http fetch GET 200 https://registry.npmjs.org/@inquirer%2ftype 89ms (cache miss)
1426 silly packumentCache full:https://registry.npmjs.org/@inquirer%2ftype set size:undefined disposed:false
1427 silly fetch manifest set-cookie-parser@^3.0.1
1428 silly packumentCache full:https://registry.npmjs.org/set-cookie-parser cache-miss
1429 http fetch GET 200 https://registry.npmjs.org/@types%2fset-cookie-parser 123ms (cache miss)
1430 silly packumentCache full:https://registry.npmjs.org/@types%2fset-cookie-parser set size:undefined disposed:false
1431 silly fetch manifest tldts@^7.0.5
1432 silly packumentCache full:https://registry.npmjs.org/tldts cache-miss
1433 http fetch GET 200 https://registry.npmjs.org/set-cookie-parser 117ms (cache miss)
1434 silly packumentCache full:https://registry.npmjs.org/set-cookie-parser set size:undefined disposed:false
1435 silly fetch manifest tagged-tag@^1.0.0
1436 silly packumentCache full:https://registry.npmjs.org/tagged-tag cache-miss
1437 http fetch GET 200 https://registry.npmjs.org/@open-draft%2funtil 142ms (cache miss)
1438 silly packumentCache full:https://registry.npmjs.org/@open-draft%2funtil set size:undefined disposed:false
1439 silly fetch manifest y18n@^5.0.5
1440 silly packumentCache full:https://registry.npmjs.org/y18n cache-miss
1441 http fetch GET 200 https://registry.npmjs.org/tagged-tag 37ms (cache miss)
1442 silly packumentCache full:https://registry.npmjs.org/tagged-tag set size:undefined disposed:false
1443 silly fetch manifest cliui@^8.0.1
1444 silly packumentCache full:https://registry.npmjs.org/cliui cache-miss
1445 http fetch GET 200 https://registry.npmjs.org/y18n 47ms (cache miss)
1446 silly packumentCache full:https://registry.npmjs.org/y18n set size:undefined disposed:false
1447 silly fetch manifest escalade@^3.1.1
1448 silly packumentCache full:https://registry.npmjs.org/escalade cache-hit
1449 silly fetch manifest string-width@^4.2.3
1450 silly packumentCache full:https://registry.npmjs.org/string-width cache-miss
1451 http cache https://registry.npmjs.org/string-width 4ms (cache hit)
1452 silly packumentCache full:https://registry.npmjs.org/string-width set size:70381 disposed:false
1453 silly fetch manifest yargs-parser@^21.1.1
1454 silly packumentCache full:https://registry.npmjs.org/yargs-parser cache-miss
1455 http fetch GET 200 https://registry.npmjs.org/cliui 65ms (cache miss)
1456 silly packumentCache full:https://registry.npmjs.org/cliui set size:undefined disposed:false
1457 silly fetch manifest get-caller-file@^2.0.5
1458 silly packumentCache full:https://registry.npmjs.org/get-caller-file cache-miss
1459 http fetch GET 200 https://registry.npmjs.org/yargs-parser 76ms (cache miss)
1460 silly packumentCache full:https://registry.npmjs.org/yargs-parser set size:undefined disposed:false
1461 silly fetch manifest require-directory@^2.1.1
1462 silly packumentCache full:https://registry.npmjs.org/require-directory cache-miss
1463 http fetch GET 200 https://registry.npmjs.org/tldts 174ms (cache miss)
1464 silly packumentCache full:https://registry.npmjs.org/tldts set size:undefined disposed:false
1465 http fetch GET 200 https://registry.npmjs.org/require-directory 57ms (cache miss)
1466 silly packumentCache full:https://registry.npmjs.org/require-directory set size:undefined disposed:false
1467 http fetch GET 200 https://registry.npmjs.org/get-caller-file 246ms (cache miss)
1468 silly packumentCache full:https://registry.npmjs.org/get-caller-file set size:undefined disposed:false
1469 silly placeDep ROOT @inquirer/core@11.1.10 OK for: @inquirer/confirm@6.0.13 want: ^11.1.10
1470 silly placeDep ROOT @inquirer/type@4.0.5 OK for: @inquirer/confirm@6.0.13 want: ^4.0.5
1471 silly fetch manifest @inquirer/ansi@^2.0.5
1472 silly packumentCache full:https://registry.npmjs.org/@inquirer%2fansi cache-miss
1473 silly fetch manifest @inquirer/figures@^2.0.5
1474 silly packumentCache full:https://registry.npmjs.org/@inquirer%2ffigures cache-miss
1475 silly fetch manifest cli-width@^4.1.0
1476 silly packumentCache full:https://registry.npmjs.org/cli-width cache-miss
1477 http fetch GET 200 https://registry.npmjs.org/cli-width 41ms (cache miss)
1478 silly packumentCache full:https://registry.npmjs.org/cli-width set size:undefined disposed:false
1479 silly fetch manifest fast-wrap-ansi@^0.2.0
1480 silly packumentCache full:https://registry.npmjs.org/fast-wrap-ansi cache-miss
1481 http fetch GET 200 https://registry.npmjs.org/@inquirer%2fansi 77ms (cache miss)
1482 silly packumentCache full:https://registry.npmjs.org/@inquirer%2fansi set size:undefined disposed:false
1483 silly fetch manifest mute-stream@^3.0.0
1484 silly packumentCache full:https://registry.npmjs.org/mute-stream cache-miss
1485 http fetch GET 200 https://registry.npmjs.org/fast-wrap-ansi 36ms (cache miss)
1486 silly packumentCache full:https://registry.npmjs.org/fast-wrap-ansi set size:undefined disposed:false
1487 http fetch GET 200 https://registry.npmjs.org/@inquirer%2ffigures 86ms (cache miss)
1488 silly packumentCache full:https://registry.npmjs.org/@inquirer%2ffigures set size:undefined disposed:false
1489 http fetch GET 200 https://registry.npmjs.org/mute-stream 38ms (cache miss)
1490 silly packumentCache full:https://registry.npmjs.org/mute-stream set size:undefined disposed:false
1491 silly placeDep ROOT @inquirer/ansi@2.0.5 OK for: @inquirer/core@11.1.10 want: ^2.0.5
1492 silly placeDep ROOT @inquirer/figures@2.0.5 OK for: @inquirer/core@11.1.10 want: ^2.0.5
1493 silly placeDep ROOT cli-width@4.1.0 OK for: @inquirer/core@11.1.10 want: ^4.1.0
1494 silly placeDep ROOT fast-wrap-ansi@0.2.0 OK for: @inquirer/core@11.1.10 want: ^0.2.0
1495 silly placeDep ROOT mute-stream@3.0.0 OK for: @inquirer/core@11.1.10 want: ^3.0.0
1496 silly fetch manifest fast-string-width@^3.0.2
1497 silly packumentCache full:https://registry.npmjs.org/fast-string-width cache-miss
1498 http fetch GET 200 https://registry.npmjs.org/fast-string-width 35ms (cache miss)
1499 silly packumentCache full:https://registry.npmjs.org/fast-string-width set size:undefined disposed:false
1500 silly placeDep node_modules/@mswjs/interceptors @open-draft/deferred-promise@2.2.0 OK for: @mswjs/interceptors@0.41.9 want: ^2.2.0
1501 silly placeDep ROOT @open-draft/logger@0.3.0 OK for: @mswjs/interceptors@0.41.9 want: ^0.3.0
1502 silly placeDep ROOT @open-draft/until@2.1.0 OK for: @mswjs/interceptors@0.41.9 want: ^2.0.0
1503 silly placeDep ROOT fast-string-width@3.0.2 OK for: fast-wrap-ansi@0.2.0 want: ^3.0.2
1504 silly fetch manifest fast-string-truncated-width@^3.0.2
1505 silly packumentCache full:https://registry.npmjs.org/fast-string-truncated-width cache-miss
1506 http fetch GET 200 https://registry.npmjs.org/fast-string-truncated-width 44ms (cache miss)
1507 silly packumentCache full:https://registry.npmjs.org/fast-string-truncated-width set size:undefined disposed:false
1508 silly placeDep ROOT fast-string-truncated-width@3.0.3 OK for: fast-string-width@3.0.2 want: ^3.0.2
1509 silly placeDep ROOT @types/set-cookie-parser@2.4.10 OK for: headers-polyfill@5.0.1 want: ^2.4.10
1510 silly placeDep ROOT set-cookie-parser@3.1.0 OK for: headers-polyfill@5.0.1 want: ^3.0.1
1511 silly fetch manifest @types/node@*
1512 silly packumentCache full:https://registry.npmjs.org/@types%2fnode cache-miss
1513 http cache https://registry.npmjs.org/@types%2fnode 25ms (cache hit)
1514 silly packumentCache full:https://registry.npmjs.org/@types%2fnode set size:11008407 disposed:false
1515 silly placeDep ROOT @types/node@25.8.0 OK for: @types/set-cookie-parser@2.4.10 want: *
1516 silly fetch manifest undici-types@>=7.24.0 <7.24.7
1517 silly packumentCache full:https://registry.npmjs.org/undici-types cache-miss
1518 http cache https://registry.npmjs.org/undici-types 7ms (cache hit)
1519 silly packumentCache full:https://registry.npmjs.org/undici-types set size:214705 disposed:false
1520 silly placeDep ROOT undici-types@7.24.6 OK for: @types/node@25.8.0 want: >=7.24.0 <7.24.7
1521 silly placeDep ROOT data-uri-to-buffer@4.0.1 OK for: node-fetch@3.3.2 want: ^4.0.0
1522 silly placeDep ROOT fetch-blob@3.2.0 OK for: node-fetch@3.3.2 want: ^3.1.4
1523 silly placeDep ROOT formdata-polyfill@4.0.10 OK for: node-fetch@3.3.2 want: ^4.0.10
1524 silly fetch manifest node-domexception@^1.0.0
1525 silly packumentCache full:https://registry.npmjs.org/node-domexception cache-miss
1526 silly fetch manifest web-streams-polyfill@^3.0.3
1527 silly packumentCache full:https://registry.npmjs.org/web-streams-polyfill cache-miss
1528 http fetch GET 200 https://registry.npmjs.org/node-domexception 35ms (cache miss)
1529 silly packumentCache full:https://registry.npmjs.org/node-domexception set size:undefined disposed:false
1530 http fetch GET 200 https://registry.npmjs.org/web-streams-polyfill 43ms (cache miss)
1531 silly packumentCache full:https://registry.npmjs.org/web-streams-polyfill set size:undefined disposed:false
1532 silly placeDep ROOT node-domexception@1.0.0 OK for: fetch-blob@3.2.0 want: ^1.0.0
1533 silly placeDep ROOT web-streams-polyfill@3.3.3 OK for: fetch-blob@3.2.0 want: ^3.0.3
1534 silly placeDep node_modules/npm-run-path path-key@4.0.0 OK for: npm-run-path@6.0.0 want: ^4.0.0
1535 silly placeDep ROOT unicorn-magic@0.3.0 OK for: npm-run-path@6.0.0 want: ^0.3.0
1536 silly placeDep ROOT ee-first@1.1.1 OK for: on-finished@2.4.1 want: 1.1.1
1537 silly placeDep ROOT wrappy@1.0.2 OK for: once@1.4.0 want: 1
1538 silly placeDep ROOT default-browser@5.5.0 OK for: open@11.0.0 want: ^5.4.0
1539 silly placeDep ROOT define-lazy-prop@3.0.0 OK for: open@11.0.0 want: ^3.0.0
1540 silly placeDep ROOT is-in-ssh@1.0.0 OK for: open@11.0.0 want: ^1.0.0
1541 silly placeDep ROOT is-inside-container@1.0.0 OK for: open@11.0.0 want: ^1.0.0
1542 silly placeDep ROOT powershell-utils@0.1.0 OK for: open@11.0.0 want: ^0.1.0
1543 silly placeDep ROOT wsl-utils@0.3.1 OK for: open@11.0.0 want: ^0.3.0
1544 silly fetch manifest bundle-name@^4.1.0
1545 silly packumentCache full:https://registry.npmjs.org/bundle-name cache-miss
1546 silly fetch manifest default-browser-id@^5.0.0
1547 silly packumentCache full:https://registry.npmjs.org/default-browser-id cache-miss
1548 silly fetch manifest is-docker@^3.0.0
1549 silly packumentCache full:https://registry.npmjs.org/is-docker cache-miss
1550 http fetch GET 200 https://registry.npmjs.org/is-docker 37ms (cache miss)
1551 silly packumentCache full:https://registry.npmjs.org/is-docker set size:undefined disposed:false
1552 silly fetch manifest is-wsl@^3.1.0
1553 silly packumentCache full:https://registry.npmjs.org/is-wsl cache-miss
1554 http fetch GET 200 https://registry.npmjs.org/default-browser-id 39ms (cache miss)
1555 silly packumentCache full:https://registry.npmjs.org/default-browser-id set size:undefined disposed:false
1556 http fetch GET 200 https://registry.npmjs.org/bundle-name 45ms (cache miss)
1557 silly packumentCache full:https://registry.npmjs.org/bundle-name set size:undefined disposed:false
1558 http fetch GET 200 https://registry.npmjs.org/is-wsl 37ms (cache miss)
1559 silly packumentCache full:https://registry.npmjs.org/is-wsl set size:undefined disposed:false
1560 silly placeDep ROOT bundle-name@4.1.0 OK for: default-browser@5.5.0 want: ^4.1.0
1561 silly placeDep ROOT default-browser-id@5.0.1 OK for: default-browser@5.5.0 want: ^5.0.0
1562 silly fetch manifest run-applescript@^7.0.0
1563 silly packumentCache full:https://registry.npmjs.org/run-applescript cache-miss
1564 http fetch GET 200 https://registry.npmjs.org/run-applescript 43ms (cache miss)
1565 silly packumentCache full:https://registry.npmjs.org/run-applescript set size:undefined disposed:false
1566 silly placeDep ROOT run-applescript@7.1.0 OK for: bundle-name@4.1.0 want: ^7.0.0
1567 silly placeDep ROOT is-docker@3.0.0 OK for: is-inside-container@1.0.0 want: ^3.0.0
1568 silly placeDep ROOT chalk@5.6.2 OK for: ora@8.2.0 want: ^5.3.0
1569 silly placeDep ROOT cli-cursor@5.0.0 OK for: ora@8.2.0 want: ^5.0.0
1570 silly placeDep ROOT cli-spinners@2.9.2 OK for: ora@8.2.0 want: ^2.9.2
1571 silly placeDep ROOT is-interactive@2.0.0 OK for: ora@8.2.0 want: ^2.0.0
1572 silly placeDep ROOT log-symbols@6.0.0 OK for: ora@8.2.0 want: ^6.0.0
1573 silly placeDep ROOT stdin-discarder@0.2.2 OK for: ora@8.2.0 want: ^0.2.2
1574 silly placeDep ROOT string-width@7.2.0 OK for: ora@8.2.0 want: ^7.2.0
1575 silly placeDep ROOT strip-ansi@7.2.0 OK for: ora@8.2.0 want: ^7.1.0
1576 silly fetch manifest restore-cursor@^5.0.0
1577 silly packumentCache full:https://registry.npmjs.org/restore-cursor cache-miss
1578 silly fetch manifest is-unicode-supported@^1.3.0
1579 silly packumentCache full:https://registry.npmjs.org/is-unicode-supported cache-miss
1580 silly fetch manifest emoji-regex@^10.3.0
1581 silly packumentCache full:https://registry.npmjs.org/emoji-regex cache-miss
1582 http cache https://registry.npmjs.org/is-unicode-supported 6ms (cache hit)
1583 silly packumentCache full:https://registry.npmjs.org/is-unicode-supported set size:19461 disposed:false
1584 silly fetch manifest get-east-asian-width@^1.0.0
1585 silly packumentCache full:https://registry.npmjs.org/get-east-asian-width cache-miss
1586 http cache https://registry.npmjs.org/emoji-regex 7ms (cache hit)
1587 silly packumentCache full:https://registry.npmjs.org/emoji-regex set size:89064 disposed:false
1588 silly fetch manifest ansi-regex@^6.2.2
1589 silly packumentCache full:https://registry.npmjs.org/ansi-regex cache-miss
1590 http fetch GET 200 https://registry.npmjs.org/get-east-asian-width 39ms (cache miss)
1591 silly packumentCache full:https://registry.npmjs.org/get-east-asian-width set size:undefined disposed:false
1592 http fetch GET 200 https://registry.npmjs.org/restore-cursor 47ms (cache miss)
1593 silly packumentCache full:https://registry.npmjs.org/restore-cursor set size:undefined disposed:false
1594 http fetch GET 200 https://registry.npmjs.org/ansi-regex 41ms (cache miss)
1595 silly packumentCache full:https://registry.npmjs.org/ansi-regex set size:undefined disposed:false
1596 silly placeDep ROOT restore-cursor@5.1.0 OK for: cli-cursor@5.0.0 want: ^5.0.0
1597 silly fetch manifest onetime@^7.0.0
1598 silly packumentCache full:https://registry.npmjs.org/onetime cache-miss
1599 http cache https://registry.npmjs.org/onetime 4ms (cache hit)
1600 silly packumentCache full:https://registry.npmjs.org/onetime set size:32314 disposed:false
1601 silly placeDep node_modules/log-symbols is-unicode-supported@1.3.0 OK for: log-symbols@6.0.0 want: ^1.3.0
1602 silly placeDep ROOT callsites@3.1.0 OK for: parent-module@1.0.1 want: ^3.0.0
1603 silly placeDep ROOT error-ex@1.3.4 OK for: parse-json@5.2.0 want: ^1.3.1
1604 silly placeDep ROOT json-parse-even-better-errors@2.3.1 OK for: parse-json@5.2.0 want: ^2.3.0
1605 silly placeDep ROOT lines-and-columns@1.2.4 OK for: parse-json@5.2.0 want: ^1.1.6
1606 silly fetch manifest is-arrayish@^0.2.1
1607 silly packumentCache full:https://registry.npmjs.org/is-arrayish cache-miss
1608 http fetch GET 200 https://registry.npmjs.org/is-arrayish 33ms (cache miss)
1609 silly packumentCache full:https://registry.npmjs.org/is-arrayish set size:undefined disposed:false
1610 silly placeDep ROOT is-arrayish@0.2.1 OK for: error-ex@1.3.4 want: ^0.2.1
1611 silly placeDep ROOT nanoid@3.3.12 OK for: postcss@8.5.14 want: ^3.3.11
1612 silly placeDep ROOT source-map-js@1.2.1 OK for: postcss@8.5.14 want: ^1.2.1
1613 silly placeDep ROOT cssesc@3.0.0 OK for: postcss-selector-parser@7.1.1 want: ^3.0.0
1614 silly placeDep ROOT util-deprecate@1.0.2 OK for: postcss-selector-parser@7.1.1 want: ^1.0.2
1615 silly placeDep ROOT parse-ms@4.0.0 OK for: pretty-ms@9.3.0 want: ^4.0.0
1616 silly placeDep node_modules/prompts kleur@3.0.3 OK for: prompts@2.4.2 want: ^3.0.3
1617 silly placeDep ROOT sisteransi@1.0.5 OK for: prompts@2.4.2 want: ^1.0.5
1618 silly placeDep ROOT forwarded@0.2.0 OK for: proxy-addr@2.0.7 want: 0.2.0
1619 silly placeDep ROOT ipaddr.js@1.9.1 OK for: proxy-addr@2.0.7 want: 1.9.1
1620 silly placeDep ROOT side-channel@1.1.0 OK for: qs@6.15.1 want: ^1.1.0
1621 silly fetch manifest es-errors@^1.3.0
1622 silly packumentCache full:https://registry.npmjs.org/es-errors cache-miss
1623 silly fetch manifest object-inspect@^1.13.3
1624 silly packumentCache full:https://registry.npmjs.org/object-inspect cache-miss
1625 silly fetch manifest side-channel-list@^1.0.0
1626 silly packumentCache full:https://registry.npmjs.org/side-channel-list cache-miss
1627 http cache https://registry.npmjs.org/es-errors 5ms (cache hit)
1628 silly packumentCache full:https://registry.npmjs.org/es-errors set size:16918 disposed:false
1629 silly fetch manifest side-channel-map@^1.0.1
1630 silly packumentCache full:https://registry.npmjs.org/side-channel-map cache-miss
1631 http cache https://registry.npmjs.org/side-channel-list 6ms (cache hit)
1632 silly packumentCache full:https://registry.npmjs.org/side-channel-list set size:9021 disposed:false
1633 silly fetch manifest side-channel-weakmap@^1.0.2
1634 silly packumentCache full:https://registry.npmjs.org/side-channel-weakmap cache-miss
1635 http cache https://registry.npmjs.org/object-inspect 8ms (cache hit)
1636 silly packumentCache full:https://registry.npmjs.org/object-inspect set size:101912 disposed:false
1637 http cache https://registry.npmjs.org/side-channel-map 7ms (cache hit)
1638 silly packumentCache full:https://registry.npmjs.org/side-channel-map set size:9126 disposed:false
1639 http cache https://registry.npmjs.org/side-channel-weakmap 7ms (cache hit)
1640 silly packumentCache full:https://registry.npmjs.org/side-channel-weakmap set size:12620 disposed:false
1641 silly placeDep ROOT unpipe@1.0.0 OK for: raw-body@3.0.2 want: ~1.0.0
1642 silly placeDep ROOT ast-types@0.16.1 OK for: recast@0.23.11 want: ^0.16.1
1643 silly placeDep ROOT esprima@4.0.1 OK for: recast@0.23.11 want: ~4.0.0
1644 silly placeDep ROOT source-map@0.6.1 OK for: recast@0.23.11 want: ~0.6.1
1645 silly placeDep ROOT tiny-invariant@1.3.3 OK for: recast@0.23.11 want: ^1.3.3
1646 silly placeDep ROOT tslib@2.8.1 OK for: recast@0.23.11 want: ^2.0.1
1647 silly placeDep ROOT onetime@7.0.0 OK for: restore-cursor@5.1.0 want: ^7.0.0
1648 silly fetch manifest mimic-function@^5.0.0
1649 silly packumentCache full:https://registry.npmjs.org/mimic-function cache-miss
1650 http fetch GET 200 https://registry.npmjs.org/mimic-function 39ms (cache miss)
1651 silly packumentCache full:https://registry.npmjs.org/mimic-function set size:undefined disposed:false
1652 silly placeDep ROOT mimic-function@5.0.1 OK for: onetime@7.0.0 want: ^5.0.0
1653 silly placeDep ROOT is-promise@4.0.0 OK for: router@2.2.0 want: ^4.0.0
1654 silly placeDep node_modules/router path-to-regexp@8.4.2 OK for: router@2.2.0 want: ^8.0.0
1655 silly placeDep ROOT queue-microtask@1.2.3 OK for: run-parallel@1.2.0 want: ^1.2.2
1656 silly placeDep ROOT shebang-regex@3.0.0 OK for: shebang-command@2.0.0 want: ^3.0.0
1657 silly placeDep ROOT es-errors@1.3.0 OK for: side-channel@1.1.0 want: ^1.3.0
1658 silly placeDep ROOT object-inspect@1.13.4 OK for: side-channel@1.1.0 want: ^1.13.3
1659 silly placeDep ROOT side-channel-list@1.0.1 OK for: side-channel@1.1.0 want: ^1.0.0
1660 silly placeDep ROOT side-channel-map@1.0.1 OK for: side-channel@1.1.0 want: ^1.0.1
1661 silly placeDep ROOT side-channel-weakmap@1.0.2 OK for: side-channel@1.1.0 want: ^1.0.2
1662 silly fetch manifest call-bound@^1.0.2
1663 silly packumentCache full:https://registry.npmjs.org/call-bound cache-miss
1664 silly fetch manifest get-intrinsic@^1.2.5
1665 silly packumentCache full:https://registry.npmjs.org/get-intrinsic cache-miss
1666 silly fetch manifest call-bound@^1.0.2
1667 silly packumentCache full:https://registry.npmjs.org/call-bound cache-miss
1668 http cache https://registry.npmjs.org/call-bound 5ms (cache hit)
1669 silly packumentCache full:https://registry.npmjs.org/call-bound set size:15317 disposed:false
1670 silly fetch manifest get-intrinsic@^1.2.5
1671 silly packumentCache full:https://registry.npmjs.org/get-intrinsic cache-miss
1672 http cache https://registry.npmjs.org/call-bound 6ms (cache hit)
1673 silly packumentCache full:https://registry.npmjs.org/call-bound set size:15317 disposed:false
1674 silly packumentCache full:https://registry.npmjs.org/call-bound dispose
1675 http cache https://registry.npmjs.org/get-intrinsic 8ms (cache hit)
1676 silly packumentCache full:https://registry.npmjs.org/get-intrinsic set size:60985 disposed:false
1677 http cache https://registry.npmjs.org/get-intrinsic 6ms (cache hit)
1678 silly packumentCache full:https://registry.npmjs.org/get-intrinsic set size:60985 disposed:false
1679 silly packumentCache full:https://registry.npmjs.org/get-intrinsic dispose
1680 silly placeDep ROOT call-bound@1.0.4 OK for: side-channel-map@1.0.1 want: ^1.0.2
1681 silly placeDep ROOT get-intrinsic@1.3.0 OK for: side-channel-map@1.0.1 want: ^1.2.5
1682 silly fetch manifest call-bind-apply-helpers@^1.0.2
1683 silly packumentCache full:https://registry.npmjs.org/call-bind-apply-helpers cache-miss
1684 silly fetch manifest get-intrinsic@^1.3.0
1685 silly packumentCache full:https://registry.npmjs.org/get-intrinsic cache-hit
1686 silly fetch manifest gopd@^1.2.0
1687 silly packumentCache full:https://registry.npmjs.org/gopd cache-miss
1688 silly fetch manifest hasown@^2.0.2
1689 silly packumentCache full:https://registry.npmjs.org/hasown cache-miss
1690 http cache https://registry.npmjs.org/hasown 5ms (cache hit)
1691 silly packumentCache full:https://registry.npmjs.org/hasown set size:15429 disposed:false
1692 silly fetch manifest get-proto@^1.0.1
1693 silly packumentCache full:https://registry.npmjs.org/get-proto cache-miss
1694 http cache https://registry.npmjs.org/call-bind-apply-helpers 8ms (cache hit)
1695 silly packumentCache full:https://registry.npmjs.org/call-bind-apply-helpers set size:12744 disposed:false
1696 silly fetch manifest has-symbols@^1.1.0
1697 silly packumentCache full:https://registry.npmjs.org/has-symbols cache-miss
1698 http cache https://registry.npmjs.org/gopd 8ms (cache hit)
1699 silly packumentCache full:https://registry.npmjs.org/gopd set size:11458 disposed:false
1700 silly fetch manifest function-bind@^1.1.2
1701 silly packumentCache full:https://registry.npmjs.org/function-bind cache-miss
1702 http cache https://registry.npmjs.org/get-proto 6ms (cache hit)
1703 silly packumentCache full:https://registry.npmjs.org/get-proto set size:8300 disposed:false
1704 silly fetch manifest es-object-atoms@^1.1.1
1705 silly packumentCache full:https://registry.npmjs.org/es-object-atoms cache-miss
1706 http cache https://registry.npmjs.org/has-symbols 6ms (cache hit)
1707 silly packumentCache full:https://registry.npmjs.org/has-symbols set size:21550 disposed:false
1708 silly fetch manifest math-intrinsics@^1.1.0
1709 silly packumentCache full:https://registry.npmjs.org/math-intrinsics cache-miss
1710 http cache https://registry.npmjs.org/function-bind 7ms (cache hit)
1711 silly packumentCache full:https://registry.npmjs.org/function-bind set size:15733 disposed:false
1712 silly fetch manifest es-define-property@^1.0.1
1713 silly packumentCache full:https://registry.npmjs.org/es-define-property cache-miss
1714 http cache https://registry.npmjs.org/math-intrinsics 6ms (cache hit)
1715 silly packumentCache full:https://registry.npmjs.org/math-intrinsics set size:9265 disposed:false
1716 http cache https://registry.npmjs.org/es-object-atoms 8ms (cache hit)
1717 silly packumentCache full:https://registry.npmjs.org/es-object-atoms set size:15304 disposed:false
1718 http cache https://registry.npmjs.org/es-define-property 6ms (cache hit)
1719 silly packumentCache full:https://registry.npmjs.org/es-define-property set size:8542 disposed:false
1720 silly placeDep ROOT call-bind-apply-helpers@1.0.2 OK for: call-bound@1.0.4 want: ^1.0.2
1721 silly placeDep ROOT function-bind@1.1.2 OK for: call-bind-apply-helpers@1.0.2 want: ^1.1.2
1722 silly placeDep ROOT es-define-property@1.0.1 OK for: get-intrinsic@1.3.0 want: ^1.0.1
1723 silly placeDep ROOT es-object-atoms@1.1.1 OK for: get-intrinsic@1.3.0 want: ^1.1.1
1724 silly placeDep ROOT get-proto@1.0.1 OK for: get-intrinsic@1.3.0 want: ^1.0.1
1725 silly placeDep ROOT gopd@1.2.0 OK for: get-intrinsic@1.3.0 want: ^1.2.0
1726 silly placeDep ROOT has-symbols@1.1.0 OK for: get-intrinsic@1.3.0 want: ^1.1.0
1727 silly placeDep ROOT hasown@2.0.3 OK for: get-intrinsic@1.3.0 want: ^2.0.2
1728 silly placeDep ROOT math-intrinsics@1.1.0 OK for: get-intrinsic@1.3.0 want: ^1.1.0
1729 silly fetch manifest dunder-proto@^1.0.1
1730 silly packumentCache full:https://registry.npmjs.org/dunder-proto cache-miss
1731 http cache https://registry.npmjs.org/dunder-proto 4ms (cache hit)
1732 silly packumentCache full:https://registry.npmjs.org/dunder-proto set size:8256 disposed:false
1733 silly placeDep ROOT dunder-proto@1.0.1 OK for: get-proto@1.0.1 want: ^1.0.1
1734 silly placeDep ROOT emoji-regex@10.6.0 OK for: string-width@7.2.0 want: ^10.3.0
1735 silly placeDep ROOT get-east-asian-width@1.6.0 OK for: string-width@7.2.0 want: ^1.0.0
1736 silly placeDep ROOT get-own-enumerable-keys@1.0.0 OK for: stringify-object@5.0.0 want: ^1.0.0
1737 silly placeDep ROOT is-obj@3.0.0 OK for: stringify-object@5.0.0 want: ^3.0.0
1738 silly placeDep ROOT is-regexp@3.1.0 OK for: stringify-object@5.0.0 want: ^3.1.0
1739 silly placeDep ROOT ansi-regex@6.2.2 OK for: strip-ansi@7.2.0 want: ^6.2.2
1740 silly placeDep ROOT is-number@7.0.0 OK for: to-regex-range@5.0.1 want: ^7.0.0
1741 silly placeDep ROOT tldts@7.0.30 OK for: tough-cookie@6.0.1 want: ^7.0.5
1742 silly fetch manifest tldts-core@^7.0.30
1743 silly packumentCache full:https://registry.npmjs.org/tldts-core cache-miss
1744 http fetch GET 200 https://registry.npmjs.org/tldts-core 165ms (cache miss)
1745 silly packumentCache full:https://registry.npmjs.org/tldts-core set size:undefined disposed:false
1746 silly placeDep ROOT tldts-core@7.0.30 OK for: tldts@7.0.30 want: ^7.0.30
1747 silly placeDep ROOT @ts-morph/common@0.27.0 OK for: ts-morph@26.0.0 want: ~0.27.0
1748 silly placeDep ROOT code-block-writer@13.0.3 OK for: ts-morph@26.0.0 want: ^13.0.3
1749 silly fetch manifest minimatch@^10.0.1
1750 silly packumentCache full:https://registry.npmjs.org/minimatch cache-miss
1751 silly fetch manifest path-browserify@^1.0.1
1752 silly packumentCache full:https://registry.npmjs.org/path-browserify cache-miss
1753 http cache https://registry.npmjs.org/minimatch 6ms (cache hit)
1754 silly packumentCache full:https://registry.npmjs.org/minimatch set size:375282 disposed:false
1755 http fetch GET 200 https://registry.npmjs.org/path-browserify 38ms (cache miss)
1756 silly packumentCache full:https://registry.npmjs.org/path-browserify set size:undefined disposed:false
1757 silly placeDep ROOT minimatch@10.2.5 OK for: @ts-morph/common@0.27.0 want: ^10.0.1
1758 silly placeDep ROOT path-browserify@1.0.1 OK for: @ts-morph/common@0.27.0 want: ^1.0.1
1759 silly fetch manifest brace-expansion@^5.0.5
1760 silly packumentCache full:https://registry.npmjs.org/brace-expansion cache-miss
1761 http cache https://registry.npmjs.org/brace-expansion 5ms (cache hit)
1762 silly packumentCache full:https://registry.npmjs.org/brace-expansion set size:70654 disposed:false
1763 silly placeDep ROOT brace-expansion@5.0.6 OK for: minimatch@10.2.5 want: ^5.0.5
1764 silly fetch manifest balanced-match@^4.0.2
1765 silly packumentCache full:https://registry.npmjs.org/balanced-match cache-miss
1766 http cache https://registry.npmjs.org/balanced-match 5ms (cache hit)
1767 silly packumentCache full:https://registry.npmjs.org/balanced-match set size:39082 disposed:false
1768 silly placeDep ROOT balanced-match@4.0.4 OK for: brace-expansion@5.0.6 want: ^4.0.2
1769 silly placeDep ROOT minimist@1.2.8 OK for: tsconfig-paths@4.2.0 want: ^1.2.6
1770 silly placeDep ROOT strip-bom@3.0.0 OK for: tsconfig-paths@4.2.0 want: ^3.0.0
1771 silly placeDep ROOT tagged-tag@1.0.0 OK for: type-fest@5.6.0 want: ^1.0.0
1772 silly placeDep node_modules/type-is content-type@2.0.0 OK for: type-is@2.1.0 want: ^2.0.0
1773 silly placeDep ROOT media-typer@1.1.0 OK for: type-is@2.1.0 want: ^1.1.0
1774 silly placeDep ROOT escalade@3.2.0 OK for: update-browserslist-db@1.2.3 want: ^3.2.0
1775 silly placeDep ROOT isexe@3.1.5 OK for: which@4.0.0 want: ^3.1.1
1776 silly placeDep ROOT is-wsl@3.1.1 OK for: wsl-utils@0.3.1 want: ^3.1.0
1777 silly placeDep ROOT cliui@8.0.1 OK for: yargs@17.7.2 want: ^8.0.1
1778 silly placeDep ROOT get-caller-file@2.0.5 OK for: yargs@17.7.2 want: ^2.0.5
1779 silly placeDep ROOT require-directory@2.1.1 OK for: yargs@17.7.2 want: ^2.1.1
1780 silly placeDep node_modules/yargs string-width@4.2.3 OK for: yargs@17.7.2 want: ^4.2.3
1781 silly placeDep ROOT y18n@5.0.8 OK for: yargs@17.7.2 want: ^5.0.5
1782 silly placeDep ROOT yargs-parser@21.1.1 OK for: yargs@17.7.2 want: ^21.1.1
1783 silly fetch manifest wrap-ansi@^7.0.0
1784 silly packumentCache full:https://registry.npmjs.org/wrap-ansi cache-miss
1785 silly fetch manifest strip-ansi@^6.0.1
1786 silly packumentCache full:https://registry.npmjs.org/strip-ansi cache-miss
1787 silly fetch manifest string-width@^4.2.0
1788 silly packumentCache full:https://registry.npmjs.org/string-width cache-hit
1789 silly fetch manifest strip-ansi@^6.0.1
1790 silly packumentCache full:https://registry.npmjs.org/strip-ansi cache-miss
1791 http cache https://registry.npmjs.org/strip-ansi 7ms (cache hit)
1792 silly packumentCache full:https://registry.npmjs.org/strip-ansi set size:44998 disposed:false
1793 silly fetch manifest emoji-regex@^8.0.0
1794 silly packumentCache full:https://registry.npmjs.org/emoji-regex cache-hit
1795 silly fetch manifest is-fullwidth-code-point@^3.0.0
1796 silly packumentCache full:https://registry.npmjs.org/is-fullwidth-code-point cache-miss
1797 http cache https://registry.npmjs.org/strip-ansi 7ms (cache hit)
1798 silly packumentCache full:https://registry.npmjs.org/strip-ansi set size:44998 disposed:false
1799 silly packumentCache full:https://registry.npmjs.org/strip-ansi dispose
1800 http fetch GET 200 https://registry.npmjs.org/is-fullwidth-code-point 37ms (cache miss)
1801 silly packumentCache full:https://registry.npmjs.org/is-fullwidth-code-point set size:undefined disposed:false
1802 http fetch GET 200 https://registry.npmjs.org/wrap-ansi 47ms (cache miss)
1803 silly packumentCache full:https://registry.npmjs.org/wrap-ansi set size:undefined disposed:false
1804 silly placeDep node_modules/cliui string-width@4.2.3 OK for: cliui@8.0.1 want: ^4.2.0
1805 silly placeDep node_modules/cliui strip-ansi@6.0.1 OK for: cliui@8.0.1 want: ^6.0.1
1806 silly placeDep ROOT wrap-ansi@7.0.0 OK for: cliui@8.0.1 want: ^7.0.0
1807 silly fetch manifest ansi-regex@^5.0.1
1808 silly packumentCache full:https://registry.npmjs.org/ansi-regex cache-miss
1809 silly fetch manifest strip-ansi@^6.0.0
1810 silly packumentCache full:https://registry.npmjs.org/strip-ansi cache-hit
1811 silly fetch manifest ansi-styles@^4.0.0
1812 silly packumentCache full:https://registry.npmjs.org/ansi-styles cache-miss
1813 silly fetch manifest string-width@^4.1.0
1814 silly packumentCache full:https://registry.npmjs.org/string-width cache-hit
1815 http cache https://registry.npmjs.org/ansi-regex 5ms (cache hit)
1816 silly packumentCache full:https://registry.npmjs.org/ansi-regex set size:43572 disposed:false
1817 http cache https://registry.npmjs.org/ansi-styles 6ms (cache hit)
1818 silly packumentCache full:https://registry.npmjs.org/ansi-styles set size:63233 disposed:false
1819 silly placeDep ROOT ansi-styles@4.3.0 OK for: wrap-ansi@7.0.0 want: ^4.0.0
1820 silly placeDep node_modules/wrap-ansi string-width@4.2.3 OK for: wrap-ansi@7.0.0 want: ^4.1.0
1821 silly placeDep node_modules/wrap-ansi strip-ansi@6.0.1 OK for: wrap-ansi@7.0.0 want: ^6.0.0
1822 silly fetch manifest color-convert@^2.0.1
1823 silly packumentCache full:https://registry.npmjs.org/color-convert cache-miss
1824 http cache https://registry.npmjs.org/color-convert 4ms (cache hit)
1825 silly packumentCache full:https://registry.npmjs.org/color-convert set size:72663 disposed:false
1826 silly placeDep ROOT color-convert@2.0.1 OK for: ansi-styles@4.3.0 want: ^2.0.1
1827 silly fetch manifest color-name@~1.1.4
1828 silly packumentCache full:https://registry.npmjs.org/color-name cache-miss
1829 http cache https://registry.npmjs.org/color-name 4ms (cache hit)
1830 silly packumentCache full:https://registry.npmjs.org/color-name set size:19467 disposed:false
1831 silly placeDep ROOT color-name@1.1.4 OK for: color-convert@2.0.1 want: ~1.1.4
1832 silly placeDep node_modules/@dotenvx/dotenvx get-stream@6.0.1 OK for: execa@5.1.1 want: ^6.0.0
1833 silly placeDep node_modules/@dotenvx/dotenvx human-signals@2.1.0 OK for: execa@5.1.1 want: ^2.1.0
1834 silly placeDep node_modules/@dotenvx/dotenvx is-stream@2.0.1 OK for: execa@5.1.1 want: ^2.0.0
1835 silly placeDep ROOT merge-stream@2.0.0 OK for: execa@5.1.1 want: ^2.0.0
1836 silly placeDep node_modules/@dotenvx/dotenvx npm-run-path@4.0.1 OK for: execa@5.1.1 want: ^4.0.1
1837 silly placeDep node_modules/@dotenvx/dotenvx onetime@5.1.2 OK for: execa@5.1.1 want: ^5.1.2
1838 silly placeDep node_modules/@dotenvx/dotenvx signal-exit@3.0.7 OK for: execa@5.1.1 want: ^3.0.3
1839 silly placeDep node_modules/@dotenvx/dotenvx strip-final-newline@2.0.0 OK for: execa@5.1.1 want: ^2.0.0
1840 silly fetch manifest mimic-fn@^2.1.0
1841 silly packumentCache full:https://registry.npmjs.org/mimic-fn cache-miss
1842 http fetch GET 200 https://registry.npmjs.org/mimic-fn 35ms (cache miss)
1843 silly packumentCache full:https://registry.npmjs.org/mimic-fn set size:undefined disposed:false
1844 silly placeDep ROOT mimic-fn@2.1.0 OK for: onetime@5.1.2 want: ^2.1.0
1845 silly placeDep node_modules/cliui emoji-regex@8.0.0 OK for: string-width@4.2.3 want: ^8.0.0
1846 silly placeDep ROOT is-fullwidth-code-point@3.0.0 OK for: string-width@4.2.3 want: ^3.0.0
1847 silly placeDep node_modules/cliui ansi-regex@5.0.1 OK for: strip-ansi@6.0.1 want: ^5.0.1
1848 silly placeDep node_modules/cross-spawn isexe@2.0.0 OK for: which@2.0.2 want: ^2.0.0
1849 silly placeDep node_modules/wrap-ansi emoji-regex@8.0.0 OK for: string-width@4.2.3 want: ^8.0.0
1850 silly placeDep node_modules/wrap-ansi ansi-regex@5.0.1 OK for: strip-ansi@6.0.1 want: ^5.0.1
1851 silly placeDep node_modules/yargs emoji-regex@8.0.0 OK for: string-width@4.2.3 want: ^8.0.0
1852 silly placeDep node_modules/yargs strip-ansi@6.0.1 OK for: string-width@4.2.3 want: ^6.0.1
1853 silly placeDep node_modules/yargs ansi-regex@5.0.1 OK for: strip-ansi@6.0.1 want: ^5.0.1
1854 silly reify moves {}
1855 silly audit bulk request {
1855 silly audit   shadcn: [ '4.7.0' ],
1855 silly audit   '@babel/core': [ '7.29.0' ],
1855 silly audit   '@babel/parser': [ '7.29.3' ],
1855 silly audit   '@babel/plugin-transform-typescript': [ '7.28.6' ],
1855 silly audit   '@babel/preset-typescript': [ '7.28.5' ],
1855 silly audit   '@dotenvx/dotenvx': [ '1.66.0' ],
1855 silly audit   '@modelcontextprotocol/sdk': [ '1.29.0' ],
1855 silly audit   '@types/validate-npm-package-name': [ '4.0.2' ],
1855 silly audit   browserslist: [ '4.28.2' ],
1855 silly audit   commander: [ '14.0.3', '11.1.0' ],
1855 silly audit   cosmiconfig: [ '9.0.1' ],
1855 silly audit   dedent: [ '1.7.2' ],
1855 silly audit   deepmerge: [ '4.3.1' ],
1855 silly audit   diff: [ '8.0.4' ],
1855 silly audit   execa: [ '9.6.1', '5.1.1' ],
1855 silly audit   'fast-glob': [ '3.3.3' ],
1855 silly audit   'fs-extra': [ '11.3.5' ],
1855 silly audit   fuzzysort: [ '3.1.0' ],
1855 silly audit   'https-proxy-agent': [ '7.0.6' ],
1855 silly audit   kleur: [ '4.1.5', '3.0.3' ],
1855 silly audit   msw: [ '2.14.6' ],
1855 silly audit   'node-fetch': [ '3.3.2' ],
1855 silly audit   open: [ '11.0.0' ],
1855 silly audit   ora: [ '8.2.0' ],
1855 silly audit   postcss: [ '8.5.14' ],
1855 silly audit   'postcss-selector-parser': [ '7.1.1' ],
1855 silly audit   prompts: [ '2.4.2' ],
1855 silly audit   recast: [ '0.23.11' ],
1855 silly audit   'stringify-object': [ '5.0.0' ],
1855 silly audit   'tailwind-merge': [ '3.6.0' ],
1855 silly audit   'ts-morph': [ '26.0.0' ],
1855 silly audit   'tsconfig-paths': [ '4.2.0' ],
1855 silly audit   'validate-npm-package-name': [ '7.0.2' ],
1855 silly audit   zod: [ '3.25.76' ],
1855 silly audit   'zod-to-json-schema': [ '3.25.2' ],
1855 silly audit   '@babel/code-frame': [ '7.29.0' ],
1855 silly audit   '@babel/generator': [ '7.29.1' ],
1855 silly audit   '@babel/helper-compilation-targets': [ '7.28.6' ],
1855 silly audit   '@babel/helper-module-transforms': [ '7.28.6' ],
1855 silly audit   '@babel/helpers': [ '7.29.2' ],
1855 silly audit   '@babel/template': [ '7.28.6' ],
1855 silly audit   '@babel/traverse': [ '7.29.0' ],
1855 silly audit   '@babel/types': [ '7.29.0' ],
1855 silly audit   '@jridgewell/remapping': [ '2.3.5' ],
1855 silly audit   'convert-source-map': [ '2.0.0' ],
1855 silly audit   debug: [ '4.4.3' ],
1855 silly audit   gensync: [ '1.0.0-beta.2' ],
1855 silly audit   json5: [ '2.2.3' ],
1855 silly audit   semver: [ '6.3.1' ],
1855 silly audit   '@babel/helper-validator-identifier': [ '7.28.5' ],
1855 silly audit   'js-tokens': [ '4.0.0' ],
1855 silly audit   picocolors: [ '1.1.1' ],
1855 silly audit   '@jridgewell/gen-mapping': [ '0.3.13' ],
1855 silly audit   '@jridgewell/trace-mapping': [ '0.3.31' ],
1855 silly audit   jsesc: [ '3.1.0' ],
1855 silly audit   '@babel/compat-data': [ '7.29.3' ],
1855 silly audit   '@babel/helper-validator-option': [ '7.27.1' ],
1855 silly audit   'lru-cache': [ '5.1.1' ],
1855 silly audit   '@babel/helper-module-imports': [ '7.28.6' ],
1855 silly audit   '@babel/helper-annotate-as-pure': [ '7.27.3' ],
1855 silly audit   '@babel/helper-create-class-features-plugin': [ '7.29.3' ],
1855 silly audit   '@babel/helper-plugin-utils': [ '7.28.6' ],
1855 silly audit   '@babel/helper-skip-transparent-expression-wrappers': [ '7.27.1' ],
1855 silly audit   '@babel/plugin-syntax-typescript': [ '7.28.6' ],
1855 silly audit   '@babel/helper-member-expression-to-functions': [ '7.28.5' ],
1855 silly audit   '@babel/helper-optimise-call-expression': [ '7.27.1' ],
1855 silly audit   '@babel/helper-replace-supers': [ '7.28.6' ],
1855 silly audit   '@babel/plugin-syntax-jsx': [ '7.28.6' ],
1855 silly audit   '@babel/plugin-transform-modules-commonjs': [ '7.28.6' ],
1855 silly audit   '@babel/helper-globals': [ '7.28.0' ],
1855 silly audit   '@babel/helper-string-parser': [ '7.27.1' ],
1855 silly audit   dotenv: [ '17.4.2' ],
1855 silly audit   eciesjs: [ '0.4.18' ],
1855 silly audit   fdir: [ '6.5.0' ],
1855 silly audit   ignore: [ '5.3.2' ],
1855 silly audit   'object-treeify': [ '1.1.33' ],
1855 silly audit   picomatch: [ '4.0.4', '2.3.2' ],
1855 silly audit   which: [ '4.0.0', '2.0.2' ],
1855 silly audit   'yocto-spinner': [ '1.2.0' ],
1855 silly audit   '@jridgewell/sourcemap-codec': [ '1.5.5' ],
1855 silly audit   '@jridgewell/resolve-uri': [ '3.1.2' ],
1855 silly audit   '@hono/node-server': [ '1.19.14' ],
1855 silly audit   hono: [ '4.12.18' ],
1855 silly audit   ajv: [ '8.20.0' ],
1855 silly audit   'ajv-formats': [ '3.0.1' ],
1855 silly audit   'content-type': [ '1.0.5', '2.0.0' ],
1855 silly audit   cors: [ '2.8.6' ],
1855 silly audit   'cross-spawn': [ '7.0.6' ],
1855 silly audit   eventsource: [ '3.0.7' ],
1855 silly audit   'eventsource-parser': [ '3.0.8' ],
1855 silly audit   express: [ '5.2.1' ],
1855 silly audit   'express-rate-limit': [ '8.5.2' ],
1855 silly audit   jose: [ '6.2.3' ],
1855 silly audit   'json-schema-typed': [ '8.0.2' ],
1855 silly audit   'pkce-challenge': [ '5.0.1' ],
1855 silly audit   'raw-body': [ '3.0.2' ],
1855 silly audit   'fast-deep-equal': [ '3.1.3' ],
1855 silly audit   'fast-uri': [ '3.1.2' ],
1855 silly audit   'json-schema-traverse': [ '1.0.0' ],
1855 silly audit   'require-from-string': [ '2.0.2' ],
1855 silly audit   'baseline-browser-mapping': [ '2.10.29' ],
1855 silly audit   'caniuse-lite': [ '1.0.30001792' ],
1855 silly audit   'electron-to-chromium': [ '1.5.357' ],
1855 silly audit   'node-releases': [ '2.0.44' ],
1855 silly audit   'update-browserslist-db': [ '1.2.3' ],
1855 silly audit   'object-assign': [ '4.1.1' ],
1855 silly audit   vary: [ '1.1.2' ],
1855 silly audit   'env-paths': [ '2.2.1' ],
1855 silly audit   'import-fresh': [ '3.3.1' ],
1855 silly audit   'js-yaml': [ '4.1.1' ],
1855 silly audit   'parse-json': [ '5.2.0' ],
1855 silly audit   'path-key': [ '3.1.1', '4.0.0' ],
1855 silly audit   'shebang-command': [ '2.0.0' ],
1855 silly audit   ms: [ '2.1.3' ],
1855 silly audit   '@ecies/ciphers': [ '0.2.6' ],
1855 silly audit   '@noble/ciphers': [ '1.3.0' ],
1855 silly audit   '@noble/curves': [ '1.9.7' ],
1855 silly audit   '@noble/hashes': [ '1.8.0' ],
1855 silly audit   '@sindresorhus/merge-streams': [ '4.0.0' ],
1855 silly audit   figures: [ '6.1.0' ],
1855 silly audit   'get-stream': [ '9.0.1', '6.0.1' ],
1855 silly audit   'human-signals': [ '8.0.1', '2.1.0' ],
1855 silly audit   'is-plain-obj': [ '4.1.0' ],
1855 silly audit   'is-stream': [ '4.0.1', '2.0.1' ],
1855 silly audit   'npm-run-path': [ '6.0.0', '4.0.1' ],
1855 silly audit   'pretty-ms': [ '9.3.0' ],
1855 silly audit   'signal-exit': [ '4.1.0', '3.0.7' ],
1855 silly audit   'strip-final-newline': [ '4.0.0', '2.0.0' ],
1855 silly audit   yoctocolors: [ '2.1.2' ],
1855 silly audit   accepts: [ '2.0.0' ],
1855 silly audit   'body-parser': [ '2.2.2' ],
1855 silly audit   'content-disposition': [ '1.1.0' ],
1855 silly audit   cookie: [ '0.7.2', '1.1.1' ],
1855 silly audit   'cookie-signature': [ '1.2.2' ],
1855 silly audit   depd: [ '2.0.0' ],
1855 silly audit   encodeurl: [ '2.0.0' ],
1855 silly audit   'escape-html': [ '1.0.3' ],
1855 silly audit   etag: [ '1.8.1' ],
1855 silly audit   finalhandler: [ '2.1.1' ],
1855 silly audit   fresh: [ '2.0.0' ],
1855 silly audit   'http-errors': [ '2.0.1' ],
1855 silly audit   'merge-descriptors': [ '2.0.0' ],
1855 silly audit   'mime-types': [ '3.0.2' ],
1855 silly audit   'on-finished': [ '2.4.1' ],
1855 silly audit   once: [ '1.4.0' ],
1855 silly audit   parseurl: [ '1.3.3' ],
1855 silly audit   'proxy-addr': [ '2.0.7' ],
1855 silly audit   qs: [ '6.15.1' ],
1855 silly audit   'range-parser': [ '1.2.1' ],
1855 silly audit   router: [ '2.2.0' ],
1855 silly audit   send: [ '1.2.1' ],
1855 silly audit   'serve-static': [ '2.2.1' ],
1855 silly audit   statuses: [ '2.0.2' ],
1855 silly audit   'type-is': [ '2.1.0' ],
1855 silly audit   negotiator: [ '1.0.0' ],
1855 silly audit   bytes: [ '3.1.2' ],
1855 silly audit   'iconv-lite': [ '0.7.2' ],
1855 silly audit   'ip-address': [ '10.2.0' ],
1855 silly audit   '@nodelib/fs.stat': [ '2.0.5' ],
1855 silly audit   '@nodelib/fs.walk': [ '1.2.8' ],
1855 silly audit   'glob-parent': [ '5.1.2' ],
1855 silly audit   merge2: [ '1.4.1' ],
1855 silly audit   micromatch: [ '4.0.8' ],
1855 silly audit   '@nodelib/fs.scandir': [ '2.1.5' ],
1855 silly audit   fastq: [ '1.20.1' ],
1855 silly audit   'run-parallel': [ '1.2.0' ],
1855 silly audit   reusify: [ '1.1.0' ],
1855 silly audit   'is-unicode-supported': [ '2.1.0', '1.3.0' ],
1855 silly audit   'graceful-fs': [ '4.2.11' ],
1855 silly audit   jsonfile: [ '6.2.1' ],
1855 silly audit   universalify: [ '2.0.1' ],
1855 silly audit   '@sec-ant/readable-stream': [ '0.4.1' ],
1855 silly audit   'is-glob': [ '4.0.3' ],
1855 silly audit   inherits: [ '2.0.4' ],
1855 silly audit   setprototypeof: [ '1.2.0' ],
1855 silly audit   toidentifier: [ '1.0.1' ],
1855 silly audit   'agent-base': [ '7.1.4' ],
1855 silly audit   'safer-buffer': [ '2.1.2' ],
1855 silly audit   'parent-module': [ '1.0.1' ],
1855 silly audit   'resolve-from': [ '4.0.0' ],
1855 silly audit   'is-extglob': [ '2.1.1' ],
1855 silly audit   argparse: [ '2.0.1' ],
1855 silly audit   yallist: [ '3.1.1' ],
1855 silly audit   braces: [ '3.0.3' ],
1855 silly audit   'fill-range': [ '7.1.1' ],
1855 silly audit   'to-regex-range': [ '5.0.1' ],
1855 silly audit   'mime-db': [ '1.54.0' ],
1855 silly audit   '@inquirer/confirm': [ '6.0.13' ],
1855 silly audit   '@mswjs/interceptors': [ '0.41.9' ],
1855 silly audit   '@open-draft/deferred-promise': [ '3.0.0', '2.2.0' ],
1855 silly audit   '@types/statuses': [ '2.0.6' ],
1855 silly audit   graphql: [ '16.14.0' ],
1855 silly audit   'headers-polyfill': [ '5.0.1' ],
1855 silly audit   'is-node-process': [ '1.2.0' ],
1855 silly audit   outvariant: [ '1.4.3' ],
1855 silly audit   'path-to-regexp': [ '6.3.0', '8.4.2' ],
1855 silly audit   rettime: [ '0.11.11' ],
1855 silly audit   'strict-event-emitter': [ '0.5.1' ],
1855 silly audit   'tough-cookie': [ '6.0.1' ],
1855 silly audit   'type-fest': [ '5.6.0' ],
1855 silly audit   'until-async': [ '3.0.2' ],
1855 silly audit   yargs: [ '17.7.2' ],
1855 silly audit   '@inquirer/core': [ '11.1.10' ],
1855 silly audit   '@inquirer/type': [ '4.0.5' ],
1855 silly audit   '@inquirer/ansi': [ '2.0.5' ],
1855 silly audit   '@inquirer/figures': [ '2.0.5' ],
1855 silly audit   'cli-width': [ '4.1.0' ],
1855 silly audit   'fast-wrap-ansi': [ '0.2.0' ],
1855 silly audit   'mute-stream': [ '3.0.0' ],
1855 silly audit   '@open-draft/logger': [ '0.3.0' ],
1855 silly audit   '@open-draft/until': [ '2.1.0' ],
1855 silly audit   'fast-string-width': [ '3.0.2' ],
1855 silly audit   'fast-string-truncated-width': [ '3.0.3' ],
1855 silly audit   '@types/set-cookie-parser': [ '2.4.10' ],
1855 silly audit   'set-cookie-parser': [ '3.1.0' ],
1855 silly audit   '@types/node': [ '25.8.0' ],
1855 silly audit   'undici-types': [ '7.24.6' ],
1855 silly audit   'data-uri-to-buffer': [ '4.0.1' ],
1855 silly audit   'fetch-blob': [ '3.2.0' ],
1855 silly audit   'formdata-polyfill': [ '4.0.10' ],
1855 silly audit   'node-domexception': [ '1.0.0' ],
1855 silly audit   'web-streams-polyfill': [ '3.3.3' ],
1855 silly audit   'unicorn-magic': [ '0.3.0' ],
1855 silly audit   'ee-first': [ '1.1.1' ],
1855 silly audit   wrappy: [ '1.0.2' ],
1855 silly audit   'default-browser': [ '5.5.0' ],
1855 silly audit   'define-lazy-prop': [ '3.0.0' ],
1855 silly audit   'is-in-ssh': [ '1.0.0' ],
1855 silly audit   'is-inside-container': [ '1.0.0' ],
1855 silly audit   'powershell-utils': [ '0.1.0' ],
1855 silly audit   'wsl-utils': [ '0.3.1' ],
1855 silly audit   'bundle-name': [ '4.1.0' ],
1855 silly audit   'default-browser-id': [ '5.0.1' ],
1855 silly audit   'run-applescript': [ '7.1.0' ],
1855 silly audit   'is-docker': [ '3.0.0' ],
1855 silly audit   chalk: [ '5.6.2' ],
1855 silly audit   'cli-cursor': [ '5.0.0' ],
1855 silly audit   'cli-spinners': [ '2.9.2' ],
1855 silly audit   'is-interactive': [ '2.0.0' ],
1855 silly audit   'log-symbols': [ '6.0.0' ],
1855 silly audit   'stdin-discarder': [ '0.2.2' ],
1855 silly audit   'string-width': [ '7.2.0', '4.2.3' ],
1855 silly audit   'strip-ansi': [ '7.2.0', '6.0.1' ],
1855 silly audit   'restore-cursor': [ '5.1.0' ],
1855 silly audit   callsites: [ '3.1.0' ],
1855 silly audit   'error-ex': [ '1.3.4' ],
1855 silly audit   'json-parse-even-better-errors': [ '2.3.1' ],
1855 silly audit   'lines-and-columns': [ '1.2.4' ],
1855 silly audit   'is-arrayish': [ '0.2.1' ],
1855 silly audit   nanoid: [ '3.3.12' ],
1855 silly audit   'source-map-js': [ '1.2.1' ],
1855 silly audit   cssesc: [ '3.0.0' ],
1855 silly audit   'util-deprecate': [ '1.0.2' ],
1855 silly audit   'parse-ms': [ '4.0.0' ],
1855 silly audit   sisteransi: [ '1.0.5' ],
1855 silly audit   forwarded: [ '0.2.0' ],
1855 silly audit   'ipaddr.js': [ '1.9.1' ],
1855 silly audit   'side-channel': [ '1.1.0' ],
1855 silly audit   unpipe: [ '1.0.0' ],
1855 silly audit   'ast-types': [ '0.16.1' ],
1855 silly audit   esprima: [ '4.0.1' ],
1855 silly audit   'source-map': [ '0.6.1' ],
1855 silly audit   'tiny-invariant': [ '1.3.3' ],
1855 silly audit   tslib: [ '2.8.1' ],
1855 silly audit   onetime: [ '7.0.0', '5.1.2' ],
1855 silly audit   'mimic-function': [ '5.0.1' ],
1855 silly audit   'is-promise': [ '4.0.0' ],
1855 silly audit   'queue-microtask': [ '1.2.3' ],
1855 silly audit   'shebang-regex': [ '3.0.0' ],
1855 silly audit   'es-errors': [ '1.3.0' ],
1855 silly audit   'object-inspect': [ '1.13.4' ],
1855 silly audit   'side-channel-list': [ '1.0.1' ],
1855 silly audit   'side-channel-map': [ '1.0.1' ],
1855 silly audit   'side-channel-weakmap': [ '1.0.2' ],
1855 silly audit   'call-bound': [ '1.0.4' ],
1855 silly audit   'get-intrinsic': [ '1.3.0' ],
1855 silly audit   'call-bind-apply-helpers': [ '1.0.2' ],
1855 silly audit   'function-bind': [ '1.1.2' ],
1855 silly audit   'es-define-property': [ '1.0.1' ],
1855 silly audit   'es-object-atoms': [ '1.1.1' ],
1855 silly audit   'get-proto': [ '1.0.1' ],
1855 silly audit   gopd: [ '1.2.0' ],
1855 silly audit   'has-symbols': [ '1.1.0' ],
1855 silly audit   hasown: [ '2.0.3' ],
1855 silly audit   'math-intrinsics': [ '1.1.0' ],
1855 silly audit   'dunder-proto': [ '1.0.1' ],
1855 silly audit   'emoji-regex': [ '10.6.0', '8.0.0' ],
1855 silly audit   'get-east-asian-width': [ '1.6.0' ],
1855 silly audit   'get-own-enumerable-keys': [ '1.0.0' ],
1855 silly audit   'is-obj': [ '3.0.0' ],
1855 silly audit   'is-regexp': [ '3.1.0' ],
1855 silly audit   'ansi-regex': [ '6.2.2', '5.0.1' ],
1855 silly audit   'is-number': [ '7.0.0' ],
1855 silly audit   tldts: [ '7.0.30' ],
1855 silly audit   'tldts-core': [ '7.0.30' ],
1855 silly audit   '@ts-morph/common': [ '0.27.0' ],
1855 silly audit   'code-block-writer': [ '13.0.3' ],
1855 silly audit   minimatch: [ '10.2.5' ],
1855 silly audit   'path-browserify': [ '1.0.1' ],
1855 silly audit   'brace-expansion': [ '5.0.6' ],
1855 silly audit   'balanced-match': [ '4.0.4' ],
1855 silly audit   minimist: [ '1.2.8' ],
1855 silly audit   'strip-bom': [ '3.0.0' ],
1855 silly audit   'tagged-tag': [ '1.0.0' ],
1855 silly audit   'media-typer': [ '1.1.0' ],
1855 silly audit   escalade: [ '3.2.0' ],
1855 silly audit   isexe: [ '3.1.5', '2.0.0' ],
1855 silly audit   'is-wsl': [ '3.1.1' ],
1855 silly audit   cliui: [ '8.0.1' ],
1855 silly audit   'get-caller-file': [ '2.0.5' ],
1855 silly audit   'require-directory': [ '2.1.1' ],
1855 silly audit   y18n: [ '5.0.8' ],
1855 silly audit   'yargs-parser': [ '21.1.1' ],
1855 silly audit   'wrap-ansi': [ '7.0.0' ],
1855 silly audit   'ansi-styles': [ '4.3.0' ],
1855 silly audit   'color-convert': [ '2.0.1' ],
1855 silly audit   'color-name': [ '1.1.4' ],
1855 silly audit   'merge-stream': [ '2.0.0' ],
1855 silly audit   'mimic-fn': [ '2.1.0' ],
1855 silly audit   'is-fullwidth-code-point': [ '3.0.0' ]
1855 silly audit }
1856 http cache is-fullwidth-code-point@https://registry.npmjs.org/is-fullwidth-code-point/-/is-fullwidth-code-point-3.0.0.tgz 0ms (cache hit)
1857 http cache mimic-fn@https://registry.npmjs.org/mimic-fn/-/mimic-fn-2.1.0.tgz 0ms (cache hit)
1858 http cache merge-stream@https://registry.npmjs.org/merge-stream/-/merge-stream-2.0.0.tgz 0ms (cache hit)
1859 http cache color-name@https://registry.npmjs.org/color-name/-/color-name-1.1.4.tgz 0ms (cache hit)
1860 http cache color-convert@https://registry.npmjs.org/color-convert/-/color-convert-2.0.1.tgz 0ms (cache hit)
1861 http cache ansi-styles@https://registry.npmjs.org/ansi-styles/-/ansi-styles-4.3.0.tgz 0ms (cache hit)
1862 http cache wrap-ansi@https://registry.npmjs.org/wrap-ansi/-/wrap-ansi-7.0.0.tgz 0ms (cache hit)
1863 http cache yargs-parser@https://registry.npmjs.org/yargs-parser/-/yargs-parser-21.1.1.tgz 0ms (cache hit)
1864 http cache y18n@https://registry.npmjs.org/y18n/-/y18n-5.0.8.tgz 0ms (cache hit)
1865 http cache require-directory@https://registry.npmjs.org/require-directory/-/require-directory-2.1.1.tgz 0ms (cache hit)
1866 http cache get-caller-file@https://registry.npmjs.org/get-caller-file/-/get-caller-file-2.0.5.tgz 0ms (cache hit)
1867 http cache cliui@https://registry.npmjs.org/cliui/-/cliui-8.0.1.tgz 0ms (cache hit)
1868 http cache is-wsl@https://registry.npmjs.org/is-wsl/-/is-wsl-3.1.1.tgz 1ms (cache hit)
1869 http cache isexe@https://registry.npmjs.org/isexe/-/isexe-3.1.5.tgz 0ms (cache hit)
1870 http cache escalade@https://registry.npmjs.org/escalade/-/escalade-3.2.0.tgz 0ms (cache hit)
1871 http cache media-typer@https://registry.npmjs.org/media-typer/-/media-typer-1.1.0.tgz 0ms (cache hit)
1872 http cache tagged-tag@https://registry.npmjs.org/tagged-tag/-/tagged-tag-1.0.0.tgz 0ms (cache hit)
1873 http cache strip-bom@https://registry.npmjs.org/strip-bom/-/strip-bom-3.0.0.tgz 0ms (cache hit)
1874 http cache minimist@https://registry.npmjs.org/minimist/-/minimist-1.2.8.tgz 0ms (cache hit)
1875 http cache balanced-match@https://registry.npmjs.org/balanced-match/-/balanced-match-4.0.4.tgz 0ms (cache hit)
1876 http cache brace-expansion@https://registry.npmjs.org/brace-expansion/-/brace-expansion-5.0.6.tgz 0ms (cache hit)
1877 http cache minimatch@https://registry.npmjs.org/minimatch/-/minimatch-10.2.5.tgz 0ms (cache hit)
1878 http cache path-browserify@https://registry.npmjs.org/path-browserify/-/path-browserify-1.0.1.tgz 0ms (cache hit)
1879 http cache code-block-writer@https://registry.npmjs.org/code-block-writer/-/code-block-writer-13.0.3.tgz 0ms (cache hit)
1880 http cache @ts-morph/common@https://registry.npmjs.org/@ts-morph/common/-/common-0.27.0.tgz 0ms (cache hit)
1881 http cache tldts-core@https://registry.npmjs.org/tldts-core/-/tldts-core-7.0.30.tgz 0ms (cache hit)
1882 http cache tldts@https://registry.npmjs.org/tldts/-/tldts-7.0.30.tgz 0ms (cache hit)
1883 http cache is-number@https://registry.npmjs.org/is-number/-/is-number-7.0.0.tgz 0ms (cache hit)
1884 http cache ansi-regex@https://registry.npmjs.org/ansi-regex/-/ansi-regex-6.2.2.tgz 0ms (cache hit)
1885 http cache is-regexp@https://registry.npmjs.org/is-regexp/-/is-regexp-3.1.0.tgz 0ms (cache hit)
1886 http cache is-obj@https://registry.npmjs.org/is-obj/-/is-obj-3.0.0.tgz 0ms (cache hit)
1887 http cache get-own-enumerable-keys@https://registry.npmjs.org/get-own-enumerable-keys/-/get-own-enumerable-keys-1.0.0.tgz 0ms (cache hit)
1888 http cache get-east-asian-width@https://registry.npmjs.org/get-east-asian-width/-/get-east-asian-width-1.6.0.tgz 0ms (cache hit)
1889 http cache emoji-regex@https://registry.npmjs.org/emoji-regex/-/emoji-regex-10.6.0.tgz 0ms (cache hit)
1890 http cache dunder-proto@https://registry.npmjs.org/dunder-proto/-/dunder-proto-1.0.1.tgz 0ms (cache hit)
1891 http cache math-intrinsics@https://registry.npmjs.org/math-intrinsics/-/math-intrinsics-1.1.0.tgz 0ms (cache hit)
1892 http cache hasown@https://registry.npmjs.org/hasown/-/hasown-2.0.3.tgz 0ms (cache hit)
1893 http cache has-symbols@https://registry.npmjs.org/has-symbols/-/has-symbols-1.1.0.tgz 0ms (cache hit)
1894 http cache gopd@https://registry.npmjs.org/gopd/-/gopd-1.2.0.tgz 0ms (cache hit)
1895 http cache get-proto@https://registry.npmjs.org/get-proto/-/get-proto-1.0.1.tgz 0ms (cache hit)
1896 http cache es-object-atoms@https://registry.npmjs.org/es-object-atoms/-/es-object-atoms-1.1.1.tgz 0ms (cache hit)
1897 http cache es-define-property@https://registry.npmjs.org/es-define-property/-/es-define-property-1.0.1.tgz 0ms (cache hit)
1898 http cache function-bind@https://registry.npmjs.org/function-bind/-/function-bind-1.1.2.tgz 0ms (cache hit)
1899 http cache call-bind-apply-helpers@https://registry.npmjs.org/call-bind-apply-helpers/-/call-bind-apply-helpers-1.0.2.tgz 0ms (cache hit)
1900 http cache get-intrinsic@https://registry.npmjs.org/get-intrinsic/-/get-intrinsic-1.3.0.tgz 0ms (cache hit)
1901 http cache side-channel-weakmap@https://registry.npmjs.org/side-channel-weakmap/-/side-channel-weakmap-1.0.2.tgz 0ms (cache hit)
1902 http cache call-bound@https://registry.npmjs.org/call-bound/-/call-bound-1.0.4.tgz 0ms (cache hit)
1903 http cache side-channel-map@https://registry.npmjs.org/side-channel-map/-/side-channel-map-1.0.1.tgz 0ms (cache hit)
1904 http cache side-channel-list@https://registry.npmjs.org/side-channel-list/-/side-channel-list-1.0.1.tgz 0ms (cache hit)
1905 http cache es-errors@https://registry.npmjs.org/es-errors/-/es-errors-1.3.0.tgz 0ms (cache hit)
1906 http cache shebang-regex@https://registry.npmjs.org/shebang-regex/-/shebang-regex-3.0.0.tgz 0ms (cache hit)
1907 http cache queue-microtask@https://registry.npmjs.org/queue-microtask/-/queue-microtask-1.2.3.tgz 0ms (cache hit)
1908 http cache object-inspect@https://registry.npmjs.org/object-inspect/-/object-inspect-1.13.4.tgz 0ms (cache hit)
1909 http cache is-promise@https://registry.npmjs.org/is-promise/-/is-promise-4.0.0.tgz 0ms (cache hit)
1910 http cache mimic-function@https://registry.npmjs.org/mimic-function/-/mimic-function-5.0.1.tgz 0ms (cache hit)
1911 http cache onetime@https://registry.npmjs.org/onetime/-/onetime-7.0.0.tgz 0ms (cache hit)
1912 http cache tiny-invariant@https://registry.npmjs.org/tiny-invariant/-/tiny-invariant-1.3.3.tgz 0ms (cache hit)
1913 http cache tslib@https://registry.npmjs.org/tslib/-/tslib-2.8.1.tgz 0ms (cache hit)
1914 http cache source-map@https://registry.npmjs.org/source-map/-/source-map-0.6.1.tgz 0ms (cache hit)
1915 http cache esprima@https://registry.npmjs.org/esprima/-/esprima-4.0.1.tgz 0ms (cache hit)
1916 http cache ast-types@https://registry.npmjs.org/ast-types/-/ast-types-0.16.1.tgz 0ms (cache hit)
1917 http cache unpipe@https://registry.npmjs.org/unpipe/-/unpipe-1.0.0.tgz 0ms (cache hit)
1918 http cache side-channel@https://registry.npmjs.org/side-channel/-/side-channel-1.1.0.tgz 0ms (cache hit)
1919 http cache ipaddr.js@https://registry.npmjs.org/ipaddr.js/-/ipaddr.js-1.9.1.tgz 0ms (cache hit)
1920 http cache forwarded@https://registry.npmjs.org/forwarded/-/forwarded-0.2.0.tgz 0ms (cache hit)
1921 http cache sisteransi@https://registry.npmjs.org/sisteransi/-/sisteransi-1.0.5.tgz 0ms (cache hit)
1922 http cache parse-ms@https://registry.npmjs.org/parse-ms/-/parse-ms-4.0.0.tgz 0ms (cache hit)
1923 http cache util-deprecate@https://registry.npmjs.org/util-deprecate/-/util-deprecate-1.0.2.tgz 0ms (cache hit)
1924 http cache cssesc@https://registry.npmjs.org/cssesc/-/cssesc-3.0.0.tgz 0ms (cache hit)
1925 http cache source-map-js@https://registry.npmjs.org/source-map-js/-/source-map-js-1.2.1.tgz 0ms (cache hit)
1926 http cache nanoid@https://registry.npmjs.org/nanoid/-/nanoid-3.3.12.tgz 0ms (cache hit)
1927 http cache is-arrayish@https://registry.npmjs.org/is-arrayish/-/is-arrayish-0.2.1.tgz 0ms (cache hit)
1928 http cache lines-and-columns@https://registry.npmjs.org/lines-and-columns/-/lines-and-columns-1.2.4.tgz 0ms (cache hit)
1929 http cache json-parse-even-better-errors@https://registry.npmjs.org/json-parse-even-better-errors/-/json-parse-even-better-errors-2.3.1.tgz 0ms (cache hit)
1930 http cache error-ex@https://registry.npmjs.org/error-ex/-/error-ex-1.3.4.tgz 0ms (cache hit)
1931 http cache callsites@https://registry.npmjs.org/callsites/-/callsites-3.1.0.tgz 0ms (cache hit)
1932 http cache restore-cursor@https://registry.npmjs.org/restore-cursor/-/restore-cursor-5.1.0.tgz 0ms (cache hit)
1933 http cache strip-ansi@https://registry.npmjs.org/strip-ansi/-/strip-ansi-7.2.0.tgz 0ms (cache hit)
1934 http cache string-width@https://registry.npmjs.org/string-width/-/string-width-7.2.0.tgz 0ms (cache hit)
1935 http cache stdin-discarder@https://registry.npmjs.org/stdin-discarder/-/stdin-discarder-0.2.2.tgz 0ms (cache hit)
1936 http cache log-symbols@https://registry.npmjs.org/log-symbols/-/log-symbols-6.0.0.tgz 0ms (cache hit)
1937 http cache is-interactive@https://registry.npmjs.org/is-interactive/-/is-interactive-2.0.0.tgz 0ms (cache hit)
1938 http cache cli-spinners@https://registry.npmjs.org/cli-spinners/-/cli-spinners-2.9.2.tgz 0ms (cache hit)
1939 http cache cli-cursor@https://registry.npmjs.org/cli-cursor/-/cli-cursor-5.0.0.tgz 0ms (cache hit)
1940 http cache chalk@https://registry.npmjs.org/chalk/-/chalk-5.6.2.tgz 0ms (cache hit)
1941 http cache is-docker@https://registry.npmjs.org/is-docker/-/is-docker-3.0.0.tgz 0ms (cache hit)
1942 http cache run-applescript@https://registry.npmjs.org/run-applescript/-/run-applescript-7.1.0.tgz 0ms (cache hit)
1943 http cache default-browser-id@https://registry.npmjs.org/default-browser-id/-/default-browser-id-5.0.1.tgz 0ms (cache hit)
1944 http cache bundle-name@https://registry.npmjs.org/bundle-name/-/bundle-name-4.1.0.tgz 0ms (cache hit)
1945 http cache wsl-utils@https://registry.npmjs.org/wsl-utils/-/wsl-utils-0.3.1.tgz 1ms (cache hit)
1946 http cache powershell-utils@https://registry.npmjs.org/powershell-utils/-/powershell-utils-0.1.0.tgz 0ms (cache hit)
1947 http cache is-inside-container@https://registry.npmjs.org/is-inside-container/-/is-inside-container-1.0.0.tgz 0ms (cache hit)
1948 http cache is-in-ssh@https://registry.npmjs.org/is-in-ssh/-/is-in-ssh-1.0.0.tgz 0ms (cache hit)
1949 http cache define-lazy-prop@https://registry.npmjs.org/define-lazy-prop/-/define-lazy-prop-3.0.0.tgz 0ms (cache hit)
1950 http cache default-browser@https://registry.npmjs.org/default-browser/-/default-browser-5.5.0.tgz 0ms (cache hit)
1951 http cache wrappy@https://registry.npmjs.org/wrappy/-/wrappy-1.0.2.tgz 0ms (cache hit)
1952 http cache ee-first@https://registry.npmjs.org/ee-first/-/ee-first-1.1.1.tgz 0ms (cache hit)
1953 http cache unicorn-magic@https://registry.npmjs.org/unicorn-magic/-/unicorn-magic-0.3.0.tgz 0ms (cache hit)
1954 http cache web-streams-polyfill@https://registry.npmjs.org/web-streams-polyfill/-/web-streams-polyfill-3.3.3.tgz 0ms (cache hit)
1955 http cache node-domexception@https://registry.npmjs.org/node-domexception/-/node-domexception-1.0.0.tgz 0ms (cache hit)
1956 http cache formdata-polyfill@https://registry.npmjs.org/formdata-polyfill/-/formdata-polyfill-4.0.10.tgz 0ms (cache hit)
1957 http cache fetch-blob@https://registry.npmjs.org/fetch-blob/-/fetch-blob-3.2.0.tgz 0ms (cache hit)
1958 http cache data-uri-to-buffer@https://registry.npmjs.org/data-uri-to-buffer/-/data-uri-to-buffer-4.0.1.tgz 1ms (cache hit)
1959 http cache undici-types@https://registry.npmjs.org/undici-types/-/undici-types-7.24.6.tgz 0ms (cache hit)
1960 http cache @types/node@https://registry.npmjs.org/@types/node/-/node-25.8.0.tgz 0ms (cache hit)
1961 http cache set-cookie-parser@https://registry.npmjs.org/set-cookie-parser/-/set-cookie-parser-3.1.0.tgz 0ms (cache hit)
1962 http cache @types/set-cookie-parser@https://registry.npmjs.org/@types/set-cookie-parser/-/set-cookie-parser-2.4.10.tgz 0ms (cache hit)
1963 http cache fast-string-truncated-width@https://registry.npmjs.org/fast-string-truncated-width/-/fast-string-truncated-width-3.0.3.tgz 0ms (cache hit)
1964 http cache fast-string-width@https://registry.npmjs.org/fast-string-width/-/fast-string-width-3.0.2.tgz 0ms (cache hit)
1965 http cache @open-draft/until@https://registry.npmjs.org/@open-draft/until/-/until-2.1.0.tgz 0ms (cache hit)
1966 http cache @open-draft/logger@https://registry.npmjs.org/@open-draft/logger/-/logger-0.3.0.tgz 0ms (cache hit)
1967 http cache mute-stream@https://registry.npmjs.org/mute-stream/-/mute-stream-3.0.0.tgz 0ms (cache hit)
1968 http cache fast-wrap-ansi@https://registry.npmjs.org/fast-wrap-ansi/-/fast-wrap-ansi-0.2.0.tgz 0ms (cache hit)
1969 http cache cli-width@https://registry.npmjs.org/cli-width/-/cli-width-4.1.0.tgz 0ms (cache hit)
1970 http cache @inquirer/figures@https://registry.npmjs.org/@inquirer/figures/-/figures-2.0.5.tgz 0ms (cache hit)
1971 http cache @inquirer/ansi@https://registry.npmjs.org/@inquirer/ansi/-/ansi-2.0.5.tgz 0ms (cache hit)
1972 http cache @inquirer/type@https://registry.npmjs.org/@inquirer/type/-/type-4.0.5.tgz 0ms (cache hit)
1973 http cache @inquirer/core@https://registry.npmjs.org/@inquirer/core/-/core-11.1.10.tgz 0ms (cache hit)
1974 http cache yargs@https://registry.npmjs.org/yargs/-/yargs-17.7.2.tgz 0ms (cache hit)
1975 http cache until-async@https://registry.npmjs.org/until-async/-/until-async-3.0.2.tgz 0ms (cache hit)
1976 http cache type-fest@https://registry.npmjs.org/type-fest/-/type-fest-5.6.0.tgz 0ms (cache hit)
1977 http cache tough-cookie@https://registry.npmjs.org/tough-cookie/-/tough-cookie-6.0.1.tgz 0ms (cache hit)
1978 http cache strict-event-emitter@https://registry.npmjs.org/strict-event-emitter/-/strict-event-emitter-0.5.1.tgz 0ms (cache hit)
1979 http cache rettime@https://registry.npmjs.org/rettime/-/rettime-0.11.11.tgz 0ms (cache hit)
1980 http cache path-to-regexp@https://registry.npmjs.org/path-to-regexp/-/path-to-regexp-6.3.0.tgz 0ms (cache hit)
1981 http cache outvariant@https://registry.npmjs.org/outvariant/-/outvariant-1.4.3.tgz 0ms (cache hit)
1982 http cache is-node-process@https://registry.npmjs.org/is-node-process/-/is-node-process-1.2.0.tgz 0ms (cache hit)
1983 http cache headers-polyfill@https://registry.npmjs.org/headers-polyfill/-/headers-polyfill-5.0.1.tgz 0ms (cache hit)
1984 http cache graphql@https://registry.npmjs.org/graphql/-/graphql-16.14.0.tgz 0ms (cache hit)
1985 http cache @types/statuses@https://registry.npmjs.org/@types/statuses/-/statuses-2.0.6.tgz 0ms (cache hit)
1986 http cache @open-draft/deferred-promise@https://registry.npmjs.org/@open-draft/deferred-promise/-/deferred-promise-3.0.0.tgz 0ms (cache hit)
1987 http cache @mswjs/interceptors@https://registry.npmjs.org/@mswjs/interceptors/-/interceptors-0.41.9.tgz 0ms (cache hit)
1988 http cache @inquirer/confirm@https://registry.npmjs.org/@inquirer/confirm/-/confirm-6.0.13.tgz 0ms (cache hit)
1989 http cache mime-db@https://registry.npmjs.org/mime-db/-/mime-db-1.54.0.tgz 0ms (cache hit)
1990 http cache to-regex-range@https://registry.npmjs.org/to-regex-range/-/to-regex-range-5.0.1.tgz 0ms (cache hit)
1991 http cache fill-range@https://registry.npmjs.org/fill-range/-/fill-range-7.1.1.tgz 0ms (cache hit)
1992 http cache braces@https://registry.npmjs.org/braces/-/braces-3.0.3.tgz 0ms (cache hit)
1993 http cache yallist@https://registry.npmjs.org/yallist/-/yallist-3.1.1.tgz 0ms (cache hit)
1994 http cache argparse@https://registry.npmjs.org/argparse/-/argparse-2.0.1.tgz 0ms (cache hit)
1995 http cache is-extglob@https://registry.npmjs.org/is-extglob/-/is-extglob-2.1.1.tgz 0ms (cache hit)
1996 http cache resolve-from@https://registry.npmjs.org/resolve-from/-/resolve-from-4.0.0.tgz 0ms (cache hit)
1997 http cache parent-module@https://registry.npmjs.org/parent-module/-/parent-module-1.0.1.tgz 0ms (cache hit)
1998 http cache safer-buffer@https://registry.npmjs.org/safer-buffer/-/safer-buffer-2.1.2.tgz 0ms (cache hit)
1999 http cache toidentifier@https://registry.npmjs.org/toidentifier/-/toidentifier-1.0.1.tgz 0ms (cache hit)
2000 http cache setprototypeof@https://registry.npmjs.org/setprototypeof/-/setprototypeof-1.2.0.tgz 0ms (cache hit)
2001 http cache inherits@https://registry.npmjs.org/inherits/-/inherits-2.0.4.tgz 0ms (cache hit)
2002 http cache is-glob@https://registry.npmjs.org/is-glob/-/is-glob-4.0.3.tgz 0ms (cache hit)
2003 http cache @sec-ant/readable-stream@https://registry.npmjs.org/@sec-ant/readable-stream/-/readable-stream-0.4.1.tgz 0ms (cache hit)
2004 http cache universalify@https://registry.npmjs.org/universalify/-/universalify-2.0.1.tgz 0ms (cache hit)
2005 http cache jsonfile@https://registry.npmjs.org/jsonfile/-/jsonfile-6.2.1.tgz 0ms (cache hit)
2006 http cache graceful-fs@https://registry.npmjs.org/graceful-fs/-/graceful-fs-4.2.11.tgz 0ms (cache hit)
2007 http cache is-unicode-supported@https://registry.npmjs.org/is-unicode-supported/-/is-unicode-supported-2.1.0.tgz 0ms (cache hit)
2008 http cache reusify@https://registry.npmjs.org/reusify/-/reusify-1.1.0.tgz 0ms (cache hit)
2009 http cache run-parallel@https://registry.npmjs.org/run-parallel/-/run-parallel-1.2.0.tgz 0ms (cache hit)
2010 http cache fastq@https://registry.npmjs.org/fastq/-/fastq-1.20.1.tgz 0ms (cache hit)
2011 http cache @nodelib/fs.scandir@https://registry.npmjs.org/@nodelib/fs.scandir/-/fs.scandir-2.1.5.tgz 0ms (cache hit)
2012 http cache micromatch@https://registry.npmjs.org/micromatch/-/micromatch-4.0.8.tgz 0ms (cache hit)
2013 http cache merge2@https://registry.npmjs.org/merge2/-/merge2-1.4.1.tgz 0ms (cache hit)
2014 http cache glob-parent@https://registry.npmjs.org/glob-parent/-/glob-parent-5.1.2.tgz 0ms (cache hit)
2015 http cache @nodelib/fs.walk@https://registry.npmjs.org/@nodelib/fs.walk/-/fs.walk-1.2.8.tgz 0ms (cache hit)
2016 http cache @nodelib/fs.stat@https://registry.npmjs.org/@nodelib/fs.stat/-/fs.stat-2.0.5.tgz 0ms (cache hit)
2017 http cache ip-address@https://registry.npmjs.org/ip-address/-/ip-address-10.2.0.tgz 0ms (cache hit)
2018 http cache iconv-lite@https://registry.npmjs.org/iconv-lite/-/iconv-lite-0.7.2.tgz 0ms (cache hit)
2019 http cache bytes@https://registry.npmjs.org/bytes/-/bytes-3.1.2.tgz 0ms (cache hit)
2020 http cache negotiator@https://registry.npmjs.org/negotiator/-/negotiator-1.0.0.tgz 0ms (cache hit)
2021 http cache type-is@https://registry.npmjs.org/type-is/-/type-is-2.1.0.tgz 0ms (cache hit)
2022 http cache statuses@https://registry.npmjs.org/statuses/-/statuses-2.0.2.tgz 0ms (cache hit)
2023 http cache serve-static@https://registry.npmjs.org/serve-static/-/serve-static-2.2.1.tgz 0ms (cache hit)
2024 http cache send@https://registry.npmjs.org/send/-/send-1.2.1.tgz 0ms (cache hit)
2025 http cache router@https://registry.npmjs.org/router/-/router-2.2.0.tgz 0ms (cache hit)
2026 http cache range-parser@https://registry.npmjs.org/range-parser/-/range-parser-1.2.1.tgz 0ms (cache hit)
2027 http cache qs@https://registry.npmjs.org/qs/-/qs-6.15.1.tgz 0ms (cache hit)
2028 http cache proxy-addr@https://registry.npmjs.org/proxy-addr/-/proxy-addr-2.0.7.tgz 0ms (cache hit)
2029 http cache parseurl@https://registry.npmjs.org/parseurl/-/parseurl-1.3.3.tgz 0ms (cache hit)
2030 http cache once@https://registry.npmjs.org/once/-/once-1.4.0.tgz 0ms (cache hit)
2031 http cache on-finished@https://registry.npmjs.org/on-finished/-/on-finished-2.4.1.tgz 0ms (cache hit)
2032 http cache mime-types@https://registry.npmjs.org/mime-types/-/mime-types-3.0.2.tgz 0ms (cache hit)
2033 http cache merge-descriptors@https://registry.npmjs.org/merge-descriptors/-/merge-descriptors-2.0.0.tgz 0ms (cache hit)
2034 http cache http-errors@https://registry.npmjs.org/http-errors/-/http-errors-2.0.1.tgz 0ms (cache hit)
2035 http cache fresh@https://registry.npmjs.org/fresh/-/fresh-2.0.0.tgz 0ms (cache hit)
2036 http cache finalhandler@https://registry.npmjs.org/finalhandler/-/finalhandler-2.1.1.tgz 0ms (cache hit)
2037 http cache etag@https://registry.npmjs.org/etag/-/etag-1.8.1.tgz 0ms (cache hit)
2038 http cache escape-html@https://registry.npmjs.org/escape-html/-/escape-html-1.0.3.tgz 0ms (cache hit)
2039 http cache encodeurl@https://registry.npmjs.org/encodeurl/-/encodeurl-2.0.0.tgz 0ms (cache hit)
2040 http cache depd@https://registry.npmjs.org/depd/-/depd-2.0.0.tgz 0ms (cache hit)
2041 http cache cookie-signature@https://registry.npmjs.org/cookie-signature/-/cookie-signature-1.2.2.tgz 0ms (cache hit)
2042 http cache cookie@https://registry.npmjs.org/cookie/-/cookie-0.7.2.tgz 0ms (cache hit)
2043 http cache content-disposition@https://registry.npmjs.org/content-disposition/-/content-disposition-1.1.0.tgz 0ms (cache hit)
2044 http cache body-parser@https://registry.npmjs.org/body-parser/-/body-parser-2.2.2.tgz 0ms (cache hit)
2045 http cache accepts@https://registry.npmjs.org/accepts/-/accepts-2.0.0.tgz 0ms (cache hit)
2046 http cache yoctocolors@https://registry.npmjs.org/yoctocolors/-/yoctocolors-2.1.2.tgz 0ms (cache hit)
2047 http cache strip-final-newline@https://registry.npmjs.org/strip-final-newline/-/strip-final-newline-4.0.0.tgz 0ms (cache hit)
2048 http cache signal-exit@https://registry.npmjs.org/signal-exit/-/signal-exit-4.1.0.tgz 0ms (cache hit)
2049 http cache pretty-ms@https://registry.npmjs.org/pretty-ms/-/pretty-ms-9.3.0.tgz 0ms (cache hit)
2050 http cache npm-run-path@https://registry.npmjs.org/npm-run-path/-/npm-run-path-6.0.0.tgz 0ms (cache hit)
2051 http cache is-stream@https://registry.npmjs.org/is-stream/-/is-stream-4.0.1.tgz 0ms (cache hit)
2052 http cache is-plain-obj@https://registry.npmjs.org/is-plain-obj/-/is-plain-obj-4.1.0.tgz 0ms (cache hit)
2053 http cache human-signals@https://registry.npmjs.org/human-signals/-/human-signals-8.0.1.tgz 0ms (cache hit)
2054 http cache get-stream@https://registry.npmjs.org/get-stream/-/get-stream-9.0.1.tgz 0ms (cache hit)
2055 http cache figures@https://registry.npmjs.org/figures/-/figures-6.1.0.tgz 1ms (cache hit)
2056 http cache agent-base@https://registry.npmjs.org/agent-base/-/agent-base-7.1.4.tgz 0ms (cache hit)
2057 http cache @sindresorhus/merge-streams@https://registry.npmjs.org/@sindresorhus/merge-streams/-/merge-streams-4.0.0.tgz 0ms (cache hit)
2058 http cache @noble/hashes@https://registry.npmjs.org/@noble/hashes/-/hashes-1.8.0.tgz 0ms (cache hit)
2059 http cache @noble/curves@https://registry.npmjs.org/@noble/curves/-/curves-1.9.7.tgz 0ms (cache hit)
2060 http cache @noble/ciphers@https://registry.npmjs.org/@noble/ciphers/-/ciphers-1.3.0.tgz 0ms (cache hit)
2061 http cache @ecies/ciphers@https://registry.npmjs.org/@ecies/ciphers/-/ciphers-0.2.6.tgz 0ms (cache hit)
2062 http cache ms@https://registry.npmjs.org/ms/-/ms-2.1.3.tgz 0ms (cache hit)
2063 http cache shebang-command@https://registry.npmjs.org/shebang-command/-/shebang-command-2.0.0.tgz 0ms (cache hit)
2064 http cache path-key@https://registry.npmjs.org/path-key/-/path-key-3.1.1.tgz 0ms (cache hit)
2065 http cache parse-json@https://registry.npmjs.org/parse-json/-/parse-json-5.2.0.tgz 0ms (cache hit)
2066 http cache js-yaml@https://registry.npmjs.org/js-yaml/-/js-yaml-4.1.1.tgz 0ms (cache hit)
2067 http cache import-fresh@https://registry.npmjs.org/import-fresh/-/import-fresh-3.3.1.tgz 0ms (cache hit)
2068 http cache env-paths@https://registry.npmjs.org/env-paths/-/env-paths-2.2.1.tgz 0ms (cache hit)
2069 http cache vary@https://registry.npmjs.org/vary/-/vary-1.1.2.tgz 0ms (cache hit)
2070 http cache object-assign@https://registry.npmjs.org/object-assign/-/object-assign-4.1.1.tgz 0ms (cache hit)
2071 http cache update-browserslist-db@https://registry.npmjs.org/update-browserslist-db/-/update-browserslist-db-1.2.3.tgz 0ms (cache hit)
2072 http cache node-releases@https://registry.npmjs.org/node-releases/-/node-releases-2.0.44.tgz 0ms (cache hit)
2073 http cache electron-to-chromium@https://registry.npmjs.org/electron-to-chromium/-/electron-to-chromium-1.5.357.tgz 0ms (cache hit)
2074 http cache caniuse-lite@https://registry.npmjs.org/caniuse-lite/-/caniuse-lite-1.0.30001792.tgz 0ms (cache hit)
2075 http cache baseline-browser-mapping@https://registry.npmjs.org/baseline-browser-mapping/-/baseline-browser-mapping-2.10.29.tgz 0ms (cache hit)
2076 http cache require-from-string@https://registry.npmjs.org/require-from-string/-/require-from-string-2.0.2.tgz 0ms (cache hit)
2077 http cache json-schema-traverse@https://registry.npmjs.org/json-schema-traverse/-/json-schema-traverse-1.0.0.tgz 0ms (cache hit)
2078 http cache fast-uri@https://registry.npmjs.org/fast-uri/-/fast-uri-3.1.2.tgz 0ms (cache hit)
2079 http cache fast-deep-equal@https://registry.npmjs.org/fast-deep-equal/-/fast-deep-equal-3.1.3.tgz 0ms (cache hit)
2080 http cache raw-body@https://registry.npmjs.org/raw-body/-/raw-body-3.0.2.tgz 0ms (cache hit)
2081 http cache pkce-challenge@https://registry.npmjs.org/pkce-challenge/-/pkce-challenge-5.0.1.tgz 0ms (cache hit)
2082 http cache json-schema-typed@https://registry.npmjs.org/json-schema-typed/-/json-schema-typed-8.0.2.tgz 0ms (cache hit)
2083 http cache jose@https://registry.npmjs.org/jose/-/jose-6.2.3.tgz 0ms (cache hit)
2084 http cache express-rate-limit@https://registry.npmjs.org/express-rate-limit/-/express-rate-limit-8.5.2.tgz 0ms (cache hit)
2085 http cache express@https://registry.npmjs.org/express/-/express-5.2.1.tgz 0ms (cache hit)
2086 http cache eventsource-parser@https://registry.npmjs.org/eventsource-parser/-/eventsource-parser-3.0.8.tgz 0ms (cache hit)
2087 http cache eventsource@https://registry.npmjs.org/eventsource/-/eventsource-3.0.7.tgz 0ms (cache hit)
2088 http cache cross-spawn@https://registry.npmjs.org/cross-spawn/-/cross-spawn-7.0.6.tgz 0ms (cache hit)
2089 http cache cors@https://registry.npmjs.org/cors/-/cors-2.8.6.tgz 0ms (cache hit)
2090 http cache content-type@https://registry.npmjs.org/content-type/-/content-type-1.0.5.tgz 0ms (cache hit)
2091 http cache ajv-formats@https://registry.npmjs.org/ajv-formats/-/ajv-formats-3.0.1.tgz 0ms (cache hit)
2092 http cache ajv@https://registry.npmjs.org/ajv/-/ajv-8.20.0.tgz 0ms (cache hit)
2093 http cache hono@https://registry.npmjs.org/hono/-/hono-4.12.18.tgz 0ms (cache hit)
2094 http cache @jridgewell/resolve-uri@https://registry.npmjs.org/@jridgewell/resolve-uri/-/resolve-uri-3.1.2.tgz 0ms (cache hit)
2095 http cache @hono/node-server@https://registry.npmjs.org/@hono/node-server/-/node-server-1.19.14.tgz 0ms (cache hit)
2096 http cache @jridgewell/sourcemap-codec@https://registry.npmjs.org/@jridgewell/sourcemap-codec/-/sourcemap-codec-1.5.5.tgz 0ms (cache hit)
2097 http cache yocto-spinner@https://registry.npmjs.org/yocto-spinner/-/yocto-spinner-1.2.0.tgz 0ms (cache hit)
2098 http cache which@https://registry.npmjs.org/which/-/which-4.0.0.tgz 0ms (cache hit)
2099 http cache picomatch@https://registry.npmjs.org/picomatch/-/picomatch-4.0.4.tgz 0ms (cache hit)
2100 http cache object-treeify@https://registry.npmjs.org/object-treeify/-/object-treeify-1.1.33.tgz 0ms (cache hit)
2101 http cache ignore@https://registry.npmjs.org/ignore/-/ignore-5.3.2.tgz 0ms (cache hit)
2102 http cache fdir@https://registry.npmjs.org/fdir/-/fdir-6.5.0.tgz 0ms (cache hit)
2103 http cache eciesjs@https://registry.npmjs.org/eciesjs/-/eciesjs-0.4.18.tgz 0ms (cache hit)
2104 http cache dotenv@https://registry.npmjs.org/dotenv/-/dotenv-17.4.2.tgz 0ms (cache hit)
2105 http cache @babel/helper-string-parser@https://registry.npmjs.org/@babel/helper-string-parser/-/helper-string-parser-7.27.1.tgz 0ms (cache hit)
2106 http cache @babel/helper-globals@https://registry.npmjs.org/@babel/helper-globals/-/helper-globals-7.28.0.tgz 0ms (cache hit)
2107 http cache @babel/plugin-transform-modules-commonjs@https://registry.npmjs.org/@babel/plugin-transform-modules-commonjs/-/plugin-transform-modules-commonjs-7.28.6.tgz 0ms (cache hit)
2108 http cache @babel/plugin-syntax-jsx@https://registry.npmjs.org/@babel/plugin-syntax-jsx/-/plugin-syntax-jsx-7.28.6.tgz 0ms (cache hit)
2109 http cache @babel/helper-replace-supers@https://registry.npmjs.org/@babel/helper-replace-supers/-/helper-replace-supers-7.28.6.tgz 0ms (cache hit)
2110 http cache @babel/helper-optimise-call-expression@https://registry.npmjs.org/@babel/helper-optimise-call-expression/-/helper-optimise-call-expression-7.27.1.tgz 0ms (cache hit)
2111 http cache @babel/helper-member-expression-to-functions@https://registry.npmjs.org/@babel/helper-member-expression-to-functions/-/helper-member-expression-to-functions-7.28.5.tgz 0ms (cache hit)
2112 http cache @babel/plugin-syntax-typescript@https://registry.npmjs.org/@babel/plugin-syntax-typescript/-/plugin-syntax-typescript-7.28.6.tgz 0ms (cache hit)
2113 http cache @babel/helper-skip-transparent-expression-wrappers@https://registry.npmjs.org/@babel/helper-skip-transparent-expression-wrappers/-/helper-skip-transparent-expression-wrappers-7.27.1.tgz 0ms (cache hit)
2114 http cache @babel/helper-plugin-utils@https://registry.npmjs.org/@babel/helper-plugin-utils/-/helper-plugin-utils-7.28.6.tgz 0ms (cache hit)
2115 http cache @babel/helper-create-class-features-plugin@https://registry.npmjs.org/@babel/helper-create-class-features-plugin/-/helper-create-class-features-plugin-7.29.3.tgz 0ms (cache hit)
2116 http cache @babel/helper-module-imports@https://registry.npmjs.org/@babel/helper-module-imports/-/helper-module-imports-7.28.6.tgz 0ms (cache hit)
2117 http cache @babel/helper-annotate-as-pure@https://registry.npmjs.org/@babel/helper-annotate-as-pure/-/helper-annotate-as-pure-7.27.3.tgz 0ms (cache hit)
2118 http cache lru-cache@https://registry.npmjs.org/lru-cache/-/lru-cache-5.1.1.tgz 0ms (cache hit)
2119 http cache @babel/helper-validator-option@https://registry.npmjs.org/@babel/helper-validator-option/-/helper-validator-option-7.27.1.tgz 0ms (cache hit)
2120 http cache @babel/compat-data@https://registry.npmjs.org/@babel/compat-data/-/compat-data-7.29.3.tgz 0ms (cache hit)
2121 http cache jsesc@https://registry.npmjs.org/jsesc/-/jsesc-3.1.0.tgz 0ms (cache hit)
2122 http cache @jridgewell/trace-mapping@https://registry.npmjs.org/@jridgewell/trace-mapping/-/trace-mapping-0.3.31.tgz 0ms (cache hit)
2123 http cache @jridgewell/gen-mapping@https://registry.npmjs.org/@jridgewell/gen-mapping/-/gen-mapping-0.3.13.tgz 0ms (cache hit)
2124 http cache picocolors@https://registry.npmjs.org/picocolors/-/picocolors-1.1.1.tgz 0ms (cache hit)
2125 http cache js-tokens@https://registry.npmjs.org/js-tokens/-/js-tokens-4.0.0.tgz 0ms (cache hit)
2126 http cache @babel/helper-validator-identifier@https://registry.npmjs.org/@babel/helper-validator-identifier/-/helper-validator-identifier-7.28.5.tgz 0ms (cache hit)
2127 http cache semver@https://registry.npmjs.org/semver/-/semver-6.3.1.tgz 0ms (cache hit)
2128 http cache json5@https://registry.npmjs.org/json5/-/json5-2.2.3.tgz 1ms (cache hit)
2129 http cache @jridgewell/remapping@https://registry.npmjs.org/@jridgewell/remapping/-/remapping-2.3.5.tgz 0ms (cache hit)
2130 http cache gensync@https://registry.npmjs.org/gensync/-/gensync-1.0.0-beta.2.tgz 0ms (cache hit)
2131 http cache debug@https://registry.npmjs.org/debug/-/debug-4.4.3.tgz 0ms (cache hit)
2132 http cache convert-source-map@https://registry.npmjs.org/convert-source-map/-/convert-source-map-2.0.0.tgz 0ms (cache hit)
2133 http cache @babel/types@https://registry.npmjs.org/@babel/types/-/types-7.29.0.tgz 0ms (cache hit)
2134 http cache @babel/traverse@https://registry.npmjs.org/@babel/traverse/-/traverse-7.29.0.tgz 0ms (cache hit)
2135 http cache @babel/template@https://registry.npmjs.org/@babel/template/-/template-7.28.6.tgz 0ms (cache hit)
2136 http cache @babel/helpers@https://registry.npmjs.org/@babel/helpers/-/helpers-7.29.2.tgz 0ms (cache hit)
2137 http cache @babel/helper-module-transforms@https://registry.npmjs.org/@babel/helper-module-transforms/-/helper-module-transforms-7.28.6.tgz 0ms (cache hit)
2138 http cache @babel/helper-compilation-targets@https://registry.npmjs.org/@babel/helper-compilation-targets/-/helper-compilation-targets-7.28.6.tgz 0ms (cache hit)
2139 http cache @babel/generator@https://registry.npmjs.org/@babel/generator/-/generator-7.29.1.tgz 0ms (cache hit)
2140 http cache @babel/code-frame@https://registry.npmjs.org/@babel/code-frame/-/code-frame-7.29.0.tgz 0ms (cache hit)
2141 http cache zod-to-json-schema@https://registry.npmjs.org/zod-to-json-schema/-/zod-to-json-schema-3.25.2.tgz 0ms (cache hit)
2142 http cache zod@https://registry.npmjs.org/zod/-/zod-3.25.76.tgz 0ms (cache hit)
2143 http cache validate-npm-package-name@https://registry.npmjs.org/validate-npm-package-name/-/validate-npm-package-name-7.0.2.tgz 0ms (cache hit)
2144 http cache tsconfig-paths@https://registry.npmjs.org/tsconfig-paths/-/tsconfig-paths-4.2.0.tgz 0ms (cache hit)
2145 http cache ts-morph@https://registry.npmjs.org/ts-morph/-/ts-morph-26.0.0.tgz 0ms (cache hit)
2146 http cache tailwind-merge@https://registry.npmjs.org/tailwind-merge/-/tailwind-merge-3.6.0.tgz 0ms (cache hit)
2147 http cache stringify-object@https://registry.npmjs.org/stringify-object/-/stringify-object-5.0.0.tgz 0ms (cache hit)
2148 http cache recast@https://registry.npmjs.org/recast/-/recast-0.23.11.tgz 0ms (cache hit)
2149 http cache prompts@https://registry.npmjs.org/prompts/-/prompts-2.4.2.tgz 0ms (cache hit)
2150 http cache postcss-selector-parser@https://registry.npmjs.org/postcss-selector-parser/-/postcss-selector-parser-7.1.1.tgz 0ms (cache hit)
2151 http cache postcss@https://registry.npmjs.org/postcss/-/postcss-8.5.14.tgz 0ms (cache hit)
2152 http cache ora@https://registry.npmjs.org/ora/-/ora-8.2.0.tgz 0ms (cache hit)
2153 http cache open@https://registry.npmjs.org/open/-/open-11.0.0.tgz 0ms (cache hit)
2154 http cache node-fetch@https://registry.npmjs.org/node-fetch/-/node-fetch-3.3.2.tgz 0ms (cache hit)
2155 http cache msw@https://registry.npmjs.org/msw/-/msw-2.14.6.tgz 0ms (cache hit)
2156 http cache kleur@https://registry.npmjs.org/kleur/-/kleur-4.1.5.tgz 0ms (cache hit)
2157 http cache https-proxy-agent@https://registry.npmjs.org/https-proxy-agent/-/https-proxy-agent-7.0.6.tgz 0ms (cache hit)
2158 http cache fuzzysort@https://registry.npmjs.org/fuzzysort/-/fuzzysort-3.1.0.tgz 0ms (cache hit)
2159 http cache fs-extra@https://registry.npmjs.org/fs-extra/-/fs-extra-11.3.5.tgz 0ms (cache hit)
2160 http cache fast-glob@https://registry.npmjs.org/fast-glob/-/fast-glob-3.3.3.tgz 0ms (cache hit)
2161 http cache execa@https://registry.npmjs.org/execa/-/execa-9.6.1.tgz 0ms (cache hit)
2162 http cache diff@https://registry.npmjs.org/diff/-/diff-8.0.4.tgz 0ms (cache hit)
2163 http cache deepmerge@https://registry.npmjs.org/deepmerge/-/deepmerge-4.3.1.tgz 0ms (cache hit)
2164 http cache dedent@https://registry.npmjs.org/dedent/-/dedent-1.7.2.tgz 0ms (cache hit)
2165 http cache cosmiconfig@https://registry.npmjs.org/cosmiconfig/-/cosmiconfig-9.0.1.tgz 0ms (cache hit)
2166 http cache commander@https://registry.npmjs.org/commander/-/commander-14.0.3.tgz 0ms (cache hit)
2167 http cache browserslist@https://registry.npmjs.org/browserslist/-/browserslist-4.28.2.tgz 0ms (cache hit)
2168 http cache @types/validate-npm-package-name@https://registry.npmjs.org/@types/validate-npm-package-name/-/validate-npm-package-name-4.0.2.tgz 0ms (cache hit)
2169 http cache @modelcontextprotocol/sdk@https://registry.npmjs.org/@modelcontextprotocol/sdk/-/sdk-1.29.0.tgz 0ms (cache hit)
2170 http cache @dotenvx/dotenvx@https://registry.npmjs.org/@dotenvx/dotenvx/-/dotenvx-1.66.0.tgz 0ms (cache hit)
2171 http cache @babel/preset-typescript@https://registry.npmjs.org/@babel/preset-typescript/-/preset-typescript-7.28.5.tgz 0ms (cache hit)
2172 http cache @babel/plugin-transform-typescript@https://registry.npmjs.org/@babel/plugin-transform-typescript/-/plugin-transform-typescript-7.28.6.tgz 0ms (cache hit)
2173 http cache @babel/parser@https://registry.npmjs.org/@babel/parser/-/parser-7.29.3.tgz 0ms (cache hit)
2174 http cache @babel/core@https://registry.npmjs.org/@babel/core/-/core-7.29.0.tgz 0ms (cache hit)
2175 http cache shadcn@https://registry.npmjs.org/shadcn/-/shadcn-4.7.0.tgz 0ms (cache hit)
2176 http cache ansi-regex@https://registry.npmjs.org/ansi-regex/-/ansi-regex-5.0.1.tgz 0ms (cache hit)
2177 http cache emoji-regex@https://registry.npmjs.org/emoji-regex/-/emoji-regex-8.0.0.tgz 1ms (cache hit)
2178 http cache string-width@https://registry.npmjs.org/string-width/-/string-width-4.2.3.tgz 0ms (cache hit)
2179 http cache ansi-regex@https://registry.npmjs.org/ansi-regex/-/ansi-regex-5.0.1.tgz 0ms (cache hit)
2180 http cache emoji-regex@https://registry.npmjs.org/emoji-regex/-/emoji-regex-8.0.0.tgz 0ms (cache hit)
2181 http cache strip-ansi@https://registry.npmjs.org/strip-ansi/-/strip-ansi-6.0.1.tgz 0ms (cache hit)
2182 http cache string-width@https://registry.npmjs.org/string-width/-/string-width-4.2.3.tgz 0ms (cache hit)
2183 http cache is-unicode-supported@https://registry.npmjs.org/is-unicode-supported/-/is-unicode-supported-1.3.0.tgz 0ms (cache hit)
2184 http cache ansi-regex@https://registry.npmjs.org/ansi-regex/-/ansi-regex-5.0.1.tgz 0ms (cache hit)
2185 http cache strip-ansi@https://registry.npmjs.org/strip-ansi/-/strip-ansi-6.0.1.tgz 0ms (cache hit)
2186 http cache emoji-regex@https://registry.npmjs.org/emoji-regex/-/emoji-regex-8.0.0.tgz 0ms (cache hit)
2187 http cache string-width@https://registry.npmjs.org/string-width/-/string-width-4.2.3.tgz 0ms (cache hit)
2188 http cache @open-draft/deferred-promise@https://registry.npmjs.org/@open-draft/deferred-promise/-/deferred-promise-2.2.0.tgz 0ms (cache hit)
2189 http cache picomatch@https://registry.npmjs.org/picomatch/-/picomatch-2.3.2.tgz 0ms (cache hit)
2190 http cache strip-ansi@https://registry.npmjs.org/strip-ansi/-/strip-ansi-6.0.1.tgz 0ms (cache hit)
2191 http cache content-type@https://registry.npmjs.org/content-type/-/content-type-2.0.0.tgz 0ms (cache hit)
2192 http cache path-to-regexp@https://registry.npmjs.org/path-to-regexp/-/path-to-regexp-8.4.2.tgz 0ms (cache hit)
2193 http cache path-key@https://registry.npmjs.org/path-key/-/path-key-4.0.0.tgz 0ms (cache hit)
2194 http cache isexe@https://registry.npmjs.org/isexe/-/isexe-2.0.0.tgz 0ms (cache hit)
2195 http cache which@https://registry.npmjs.org/which/-/which-2.0.2.tgz 0ms (cache hit)
2196 http cache kleur@https://registry.npmjs.org/kleur/-/kleur-3.0.3.tgz 0ms (cache hit)
2197 http cache cookie@https://registry.npmjs.org/cookie/-/cookie-1.1.1.tgz 0ms (cache hit)
2198 http cache strip-final-newline@https://registry.npmjs.org/strip-final-newline/-/strip-final-newline-2.0.0.tgz 0ms (cache hit)
2199 http cache signal-exit@https://registry.npmjs.org/signal-exit/-/signal-exit-3.0.7.tgz 0ms (cache hit)
2200 http cache onetime@https://registry.npmjs.org/onetime/-/onetime-5.1.2.tgz 0ms (cache hit)
2201 http cache npm-run-path@https://registry.npmjs.org/npm-run-path/-/npm-run-path-4.0.1.tgz 0ms (cache hit)
2202 http cache is-stream@https://registry.npmjs.org/is-stream/-/is-stream-2.0.1.tgz 0ms (cache hit)
2203 http cache human-signals@https://registry.npmjs.org/human-signals/-/human-signals-2.1.0.tgz 0ms (cache hit)
2204 http cache get-stream@https://registry.npmjs.org/get-stream/-/get-stream-6.0.1.tgz 0ms (cache hit)
2205 http cache execa@https://registry.npmjs.org/execa/-/execa-5.1.1.tgz 0ms (cache hit)
2206 silly tarball no local data for is-fullwidth-code-point@https://registry.npmjs.org/is-fullwidth-code-point/-/is-fullwidth-code-point-3.0.0.tgz. Extracting by manifest.
2207 http cache commander@https://registry.npmjs.org/commander/-/commander-11.1.0.tgz 0ms (cache hit)
2208 silly tarball no local data for mimic-fn@https://registry.npmjs.org/mimic-fn/-/mimic-fn-2.1.0.tgz. Extracting by manifest.
2209 silly tarball no local data for merge-stream@https://registry.npmjs.org/merge-stream/-/merge-stream-2.0.0.tgz. Extracting by manifest.
2210 silly tarball no local data for wrap-ansi@https://registry.npmjs.org/wrap-ansi/-/wrap-ansi-7.0.0.tgz. Extracting by manifest.
2211 silly tarball no local data for yargs-parser@https://registry.npmjs.org/yargs-parser/-/yargs-parser-21.1.1.tgz. Extracting by manifest.
2212 silly tarball no local data for y18n@https://registry.npmjs.org/y18n/-/y18n-5.0.8.tgz. Extracting by manifest.
2213 silly tarball no local data for require-directory@https://registry.npmjs.org/require-directory/-/require-directory-2.1.1.tgz. Extracting by manifest.
2214 silly tarball no local data for get-caller-file@https://registry.npmjs.org/get-caller-file/-/get-caller-file-2.0.5.tgz. Extracting by manifest.
2215 silly tarball no local data for cliui@https://registry.npmjs.org/cliui/-/cliui-8.0.1.tgz. Extracting by manifest.
2216 silly tarball no local data for is-wsl@https://registry.npmjs.org/is-wsl/-/is-wsl-3.1.1.tgz. Extracting by manifest.
2217 silly tarball no local data for isexe@https://registry.npmjs.org/isexe/-/isexe-3.1.5.tgz. Extracting by manifest.
2218 silly tarball no local data for media-typer@https://registry.npmjs.org/media-typer/-/media-typer-1.1.0.tgz. Extracting by manifest.
2219 silly tarball no local data for tagged-tag@https://registry.npmjs.org/tagged-tag/-/tagged-tag-1.0.0.tgz. Extracting by manifest.
2220 silly tarball no local data for path-browserify@https://registry.npmjs.org/path-browserify/-/path-browserify-1.0.1.tgz. Extracting by manifest.
2221 silly tarball no local data for code-block-writer@https://registry.npmjs.org/code-block-writer/-/code-block-writer-13.0.3.tgz. Extracting by manifest.
2222 silly tarball no local data for @ts-morph/common@https://registry.npmjs.org/@ts-morph/common/-/common-0.27.0.tgz. Extracting by manifest.
2223 silly tarball no local data for tldts-core@https://registry.npmjs.org/tldts-core/-/tldts-core-7.0.30.tgz. Extracting by manifest.
2224 silly tarball no local data for tldts@https://registry.npmjs.org/tldts/-/tldts-7.0.30.tgz. Extracting by manifest.
2225 silly tarball no local data for ansi-regex@https://registry.npmjs.org/ansi-regex/-/ansi-regex-6.2.2.tgz. Extracting by manifest.
2226 silly tarball no local data for is-regexp@https://registry.npmjs.org/is-regexp/-/is-regexp-3.1.0.tgz. Extracting by manifest.
2227 silly tarball no local data for is-obj@https://registry.npmjs.org/is-obj/-/is-obj-3.0.0.tgz. Extracting by manifest.
2228 silly tarball no local data for get-own-enumerable-keys@https://registry.npmjs.org/get-own-enumerable-keys/-/get-own-enumerable-keys-1.0.0.tgz. Extracting by manifest.
2229 silly tarball no local data for get-east-asian-width@https://registry.npmjs.org/get-east-asian-width/-/get-east-asian-width-1.6.0.tgz. Extracting by manifest.
2230 silly tarball no local data for emoji-regex@https://registry.npmjs.org/emoji-regex/-/emoji-regex-10.6.0.tgz. Extracting by manifest.
2231 silly tarball no local data for is-promise@https://registry.npmjs.org/is-promise/-/is-promise-4.0.0.tgz. Extracting by manifest.
2232 silly tarball no local data for mimic-function@https://registry.npmjs.org/mimic-function/-/mimic-function-5.0.1.tgz. Extracting by manifest.
2233 silly tarball no local data for onetime@https://registry.npmjs.org/onetime/-/onetime-7.0.0.tgz. Extracting by manifest.
2234 silly tarball no local data for source-map@https://registry.npmjs.org/source-map/-/source-map-0.6.1.tgz. Extracting by manifest.
2235 silly tarball no local data for esprima@https://registry.npmjs.org/esprima/-/esprima-4.0.1.tgz. Extracting by manifest.
2236 silly tarball no local data for ast-types@https://registry.npmjs.org/ast-types/-/ast-types-0.16.1.tgz. Extracting by manifest.
2237 silly tarball no local data for unpipe@https://registry.npmjs.org/unpipe/-/unpipe-1.0.0.tgz. Extracting by manifest.
2238 silly tarball no local data for ipaddr.js@https://registry.npmjs.org/ipaddr.js/-/ipaddr.js-1.9.1.tgz. Extracting by manifest.
2239 silly tarball no local data for forwarded@https://registry.npmjs.org/forwarded/-/forwarded-0.2.0.tgz. Extracting by manifest.
2240 silly tarball no local data for sisteransi@https://registry.npmjs.org/sisteransi/-/sisteransi-1.0.5.tgz. Extracting by manifest.
2241 silly tarball no local data for parse-ms@https://registry.npmjs.org/parse-ms/-/parse-ms-4.0.0.tgz. Extracting by manifest.
2242 silly tarball no local data for util-deprecate@https://registry.npmjs.org/util-deprecate/-/util-deprecate-1.0.2.tgz. Extracting by manifest.
2243 silly tarball no local data for cssesc@https://registry.npmjs.org/cssesc/-/cssesc-3.0.0.tgz. Extracting by manifest.
2244 silly tarball no local data for is-arrayish@https://registry.npmjs.org/is-arrayish/-/is-arrayish-0.2.1.tgz. Extracting by manifest.
2245 silly tarball no local data for lines-and-columns@https://registry.npmjs.org/lines-and-columns/-/lines-and-columns-1.2.4.tgz. Extracting by manifest.
2246 silly tarball no local data for json-parse-even-better-errors@https://registry.npmjs.org/json-parse-even-better-errors/-/json-parse-even-better-errors-2.3.1.tgz. Extracting by manifest.
2247 silly tarball no local data for error-ex@https://registry.npmjs.org/error-ex/-/error-ex-1.3.4.tgz. Extracting by manifest.
2248 silly tarball no local data for restore-cursor@https://registry.npmjs.org/restore-cursor/-/restore-cursor-5.1.0.tgz. Extracting by manifest.
2249 silly tarball no local data for strip-ansi@https://registry.npmjs.org/strip-ansi/-/strip-ansi-7.2.0.tgz. Extracting by manifest.
2250 silly tarball no local data for string-width@https://registry.npmjs.org/string-width/-/string-width-7.2.0.tgz. Extracting by manifest.
2251 silly tarball no local data for stdin-discarder@https://registry.npmjs.org/stdin-discarder/-/stdin-discarder-0.2.2.tgz. Extracting by manifest.
2252 silly tarball no local data for log-symbols@https://registry.npmjs.org/log-symbols/-/log-symbols-6.0.0.tgz. Extracting by manifest.
2253 silly tarball no local data for is-interactive@https://registry.npmjs.org/is-interactive/-/is-interactive-2.0.0.tgz. Extracting by manifest.
2254 silly tarball no local data for cli-spinners@https://registry.npmjs.org/cli-spinners/-/cli-spinners-2.9.2.tgz. Extracting by manifest.
2255 silly tarball no local data for cli-cursor@https://registry.npmjs.org/cli-cursor/-/cli-cursor-5.0.0.tgz. Extracting by manifest.
2256 silly tarball no local data for chalk@https://registry.npmjs.org/chalk/-/chalk-5.6.2.tgz. Extracting by manifest.
2257 silly tarball no local data for is-docker@https://registry.npmjs.org/is-docker/-/is-docker-3.0.0.tgz. Extracting by manifest.
2258 silly tarball no local data for run-applescript@https://registry.npmjs.org/run-applescript/-/run-applescript-7.1.0.tgz. Extracting by manifest.
2259 silly tarball no local data for default-browser-id@https://registry.npmjs.org/default-browser-id/-/default-browser-id-5.0.1.tgz. Extracting by manifest.
2260 silly tarball no local data for bundle-name@https://registry.npmjs.org/bundle-name/-/bundle-name-4.1.0.tgz. Extracting by manifest.
2261 silly tarball no local data for wsl-utils@https://registry.npmjs.org/wsl-utils/-/wsl-utils-0.3.1.tgz. Extracting by manifest.
2262 silly tarball no local data for powershell-utils@https://registry.npmjs.org/powershell-utils/-/powershell-utils-0.1.0.tgz. Extracting by manifest.
2263 silly tarball no local data for is-inside-container@https://registry.npmjs.org/is-inside-container/-/is-inside-container-1.0.0.tgz. Extracting by manifest.
2264 silly tarball no local data for is-in-ssh@https://registry.npmjs.org/is-in-ssh/-/is-in-ssh-1.0.0.tgz. Extracting by manifest.
2265 silly tarball no local data for define-lazy-prop@https://registry.npmjs.org/define-lazy-prop/-/define-lazy-prop-3.0.0.tgz. Extracting by manifest.
2266 silly tarball no local data for default-browser@https://registry.npmjs.org/default-browser/-/default-browser-5.5.0.tgz. Extracting by manifest.
2267 silly tarball no local data for wrappy@https://registry.npmjs.org/wrappy/-/wrappy-1.0.2.tgz. Extracting by manifest.
2268 silly tarball no local data for ee-first@https://registry.npmjs.org/ee-first/-/ee-first-1.1.1.tgz. Extracting by manifest.
2269 silly tarball no local data for unicorn-magic@https://registry.npmjs.org/unicorn-magic/-/unicorn-magic-0.3.0.tgz. Extracting by manifest.
2270 silly tarball no local data for web-streams-polyfill@https://registry.npmjs.org/web-streams-polyfill/-/web-streams-polyfill-3.3.3.tgz. Extracting by manifest.
2271 silly tarball no local data for node-domexception@https://registry.npmjs.org/node-domexception/-/node-domexception-1.0.0.tgz. Extracting by manifest.
2272 silly tarball no local data for formdata-polyfill@https://registry.npmjs.org/formdata-polyfill/-/formdata-polyfill-4.0.10.tgz. Extracting by manifest.
2273 silly tarball no local data for fetch-blob@https://registry.npmjs.org/fetch-blob/-/fetch-blob-3.2.0.tgz. Extracting by manifest.
2274 silly tarball no local data for data-uri-to-buffer@https://registry.npmjs.org/data-uri-to-buffer/-/data-uri-to-buffer-4.0.1.tgz. Extracting by manifest.
2275 silly tarball no local data for undici-types@https://registry.npmjs.org/undici-types/-/undici-types-7.24.6.tgz. Extracting by manifest.
2276 silly tarball no local data for @types/node@https://registry.npmjs.org/@types/node/-/node-25.8.0.tgz. Extracting by manifest.
2277 silly tarball no local data for set-cookie-parser@https://registry.npmjs.org/set-cookie-parser/-/set-cookie-parser-3.1.0.tgz. Extracting by manifest.
2278 silly tarball no local data for @types/set-cookie-parser@https://registry.npmjs.org/@types/set-cookie-parser/-/set-cookie-parser-2.4.10.tgz. Extracting by manifest.
2279 silly tarball no local data for fast-string-truncated-width@https://registry.npmjs.org/fast-string-truncated-width/-/fast-string-truncated-width-3.0.3.tgz. Extracting by manifest.
2280 silly tarball no local data for fast-string-width@https://registry.npmjs.org/fast-string-width/-/fast-string-width-3.0.2.tgz. Extracting by manifest.
2281 silly tarball no local data for @open-draft/until@https://registry.npmjs.org/@open-draft/until/-/until-2.1.0.tgz. Extracting by manifest.
2282 silly tarball no local data for @open-draft/logger@https://registry.npmjs.org/@open-draft/logger/-/logger-0.3.0.tgz. Extracting by manifest.
2283 silly tarball no local data for mute-stream@https://registry.npmjs.org/mute-stream/-/mute-stream-3.0.0.tgz. Extracting by manifest.
2284 silly tarball no local data for fast-wrap-ansi@https://registry.npmjs.org/fast-wrap-ansi/-/fast-wrap-ansi-0.2.0.tgz. Extracting by manifest.
2285 silly tarball no local data for cli-width@https://registry.npmjs.org/cli-width/-/cli-width-4.1.0.tgz. Extracting by manifest.
2286 silly tarball no local data for @inquirer/figures@https://registry.npmjs.org/@inquirer/figures/-/figures-2.0.5.tgz. Extracting by manifest.
2287 silly tarball no local data for @inquirer/ansi@https://registry.npmjs.org/@inquirer/ansi/-/ansi-2.0.5.tgz. Extracting by manifest.
2288 silly tarball no local data for @inquirer/type@https://registry.npmjs.org/@inquirer/type/-/type-4.0.5.tgz. Extracting by manifest.
2289 silly tarball no local data for @inquirer/core@https://registry.npmjs.org/@inquirer/core/-/core-11.1.10.tgz. Extracting by manifest.
2290 silly tarball no local data for yargs@https://registry.npmjs.org/yargs/-/yargs-17.7.2.tgz. Extracting by manifest.
2291 silly tarball no local data for until-async@https://registry.npmjs.org/until-async/-/until-async-3.0.2.tgz. Extracting by manifest.
2292 silly tarball no local data for type-fest@https://registry.npmjs.org/type-fest/-/type-fest-5.6.0.tgz. Extracting by manifest.
2293 silly tarball no local data for tough-cookie@https://registry.npmjs.org/tough-cookie/-/tough-cookie-6.0.1.tgz. Extracting by manifest.
2294 silly tarball no local data for strict-event-emitter@https://registry.npmjs.org/strict-event-emitter/-/strict-event-emitter-0.5.1.tgz. Extracting by manifest.
2295 silly tarball no local data for rettime@https://registry.npmjs.org/rettime/-/rettime-0.11.11.tgz. Extracting by manifest.
2296 silly tarball no local data for path-to-regexp@https://registry.npmjs.org/path-to-regexp/-/path-to-regexp-6.3.0.tgz. Extracting by manifest.
2297 silly tarball no local data for outvariant@https://registry.npmjs.org/outvariant/-/outvariant-1.4.3.tgz. Extracting by manifest.
2298 silly tarball no local data for is-node-process@https://registry.npmjs.org/is-node-process/-/is-node-process-1.2.0.tgz. Extracting by manifest.
2299 silly tarball no local data for headers-polyfill@https://registry.npmjs.org/headers-polyfill/-/headers-polyfill-5.0.1.tgz. Extracting by manifest.
2300 silly tarball no local data for graphql@https://registry.npmjs.org/graphql/-/graphql-16.14.0.tgz. Extracting by manifest.
2301 silly tarball no local data for @types/statuses@https://registry.npmjs.org/@types/statuses/-/statuses-2.0.6.tgz. Extracting by manifest.
2302 silly tarball no local data for @open-draft/deferred-promise@https://registry.npmjs.org/@open-draft/deferred-promise/-/deferred-promise-3.0.0.tgz. Extracting by manifest.
2303 silly tarball no local data for @mswjs/interceptors@https://registry.npmjs.org/@mswjs/interceptors/-/interceptors-0.41.9.tgz. Extracting by manifest.
2304 silly tarball no local data for @inquirer/confirm@https://registry.npmjs.org/@inquirer/confirm/-/confirm-6.0.13.tgz. Extracting by manifest.
2305 silly tarball no local data for mime-db@https://registry.npmjs.org/mime-db/-/mime-db-1.54.0.tgz. Extracting by manifest.
2306 silly tarball no local data for safer-buffer@https://registry.npmjs.org/safer-buffer/-/safer-buffer-2.1.2.tgz. Extracting by manifest.
2307 silly tarball no local data for toidentifier@https://registry.npmjs.org/toidentifier/-/toidentifier-1.0.1.tgz. Extracting by manifest.
2308 silly tarball no local data for setprototypeof@https://registry.npmjs.org/setprototypeof/-/setprototypeof-1.2.0.tgz. Extracting by manifest.
2309 silly tarball no local data for inherits@https://registry.npmjs.org/inherits/-/inherits-2.0.4.tgz. Extracting by manifest.
2310 silly tarball no local data for @sec-ant/readable-stream@https://registry.npmjs.org/@sec-ant/readable-stream/-/readable-stream-0.4.1.tgz. Extracting by manifest.
2311 silly tarball no local data for universalify@https://registry.npmjs.org/universalify/-/universalify-2.0.1.tgz. Extracting by manifest.
2312 silly tarball no local data for jsonfile@https://registry.npmjs.org/jsonfile/-/jsonfile-6.2.1.tgz. Extracting by manifest.
2313 silly tarball no local data for is-unicode-supported@https://registry.npmjs.org/is-unicode-supported/-/is-unicode-supported-2.1.0.tgz. Extracting by manifest.
2314 silly tarball no local data for ip-address@https://registry.npmjs.org/ip-address/-/ip-address-10.2.0.tgz. Extracting by manifest.
2315 silly tarball no local data for iconv-lite@https://registry.npmjs.org/iconv-lite/-/iconv-lite-0.7.2.tgz. Extracting by manifest.
2316 silly tarball no local data for bytes@https://registry.npmjs.org/bytes/-/bytes-3.1.2.tgz. Extracting by manifest.
2317 silly tarball no local data for negotiator@https://registry.npmjs.org/negotiator/-/negotiator-1.0.0.tgz. Extracting by manifest.
2318 silly tarball no local data for type-is@https://registry.npmjs.org/type-is/-/type-is-2.1.0.tgz. Extracting by manifest.
2319 silly tarball no local data for statuses@https://registry.npmjs.org/statuses/-/statuses-2.0.2.tgz. Extracting by manifest.
2320 silly tarball no local data for serve-static@https://registry.npmjs.org/serve-static/-/serve-static-2.2.1.tgz. Extracting by manifest.
2321 silly tarball no local data for send@https://registry.npmjs.org/send/-/send-1.2.1.tgz. Extracting by manifest.
2322 silly tarball no local data for router@https://registry.npmjs.org/router/-/router-2.2.0.tgz. Extracting by manifest.
2323 silly tarball no local data for range-parser@https://registry.npmjs.org/range-parser/-/range-parser-1.2.1.tgz. Extracting by manifest.
2324 silly tarball no local data for qs@https://registry.npmjs.org/qs/-/qs-6.15.1.tgz. Extracting by manifest.
2325 silly tarball no local data for proxy-addr@https://registry.npmjs.org/proxy-addr/-/proxy-addr-2.0.7.tgz. Extracting by manifest.
2326 silly tarball no local data for parseurl@https://registry.npmjs.org/parseurl/-/parseurl-1.3.3.tgz. Extracting by manifest.
2327 silly tarball no local data for once@https://registry.npmjs.org/once/-/once-1.4.0.tgz. Extracting by manifest.
2328 silly tarball no local data for on-finished@https://registry.npmjs.org/on-finished/-/on-finished-2.4.1.tgz. Extracting by manifest.
2329 silly tarball no local data for mime-types@https://registry.npmjs.org/mime-types/-/mime-types-3.0.2.tgz. Extracting by manifest.
2330 silly tarball no local data for merge-descriptors@https://registry.npmjs.org/merge-descriptors/-/merge-descriptors-2.0.0.tgz. Extracting by manifest.
2331 silly tarball no local data for http-errors@https://registry.npmjs.org/http-errors/-/http-errors-2.0.1.tgz. Extracting by manifest.
2332 silly tarball no local data for fresh@https://registry.npmjs.org/fresh/-/fresh-2.0.0.tgz. Extracting by manifest.
2333 silly tarball no local data for finalhandler@https://registry.npmjs.org/finalhandler/-/finalhandler-2.1.1.tgz. Extracting by manifest.
2334 silly tarball no local data for etag@https://registry.npmjs.org/etag/-/etag-1.8.1.tgz. Extracting by manifest.
2335 silly tarball no local data for escape-html@https://registry.npmjs.org/escape-html/-/escape-html-1.0.3.tgz. Extracting by manifest.
2336 silly tarball no local data for encodeurl@https://registry.npmjs.org/encodeurl/-/encodeurl-2.0.0.tgz. Extracting by manifest.
2337 silly tarball no local data for depd@https://registry.npmjs.org/depd/-/depd-2.0.0.tgz. Extracting by manifest.
2338 silly tarball no local data for cookie-signature@https://registry.npmjs.org/cookie-signature/-/cookie-signature-1.2.2.tgz. Extracting by manifest.
2339 silly tarball no local data for cookie@https://registry.npmjs.org/cookie/-/cookie-0.7.2.tgz. Extracting by manifest.
2340 silly tarball no local data for content-disposition@https://registry.npmjs.org/content-disposition/-/content-disposition-1.1.0.tgz. Extracting by manifest.
2341 silly tarball no local data for body-parser@https://registry.npmjs.org/body-parser/-/body-parser-2.2.2.tgz. Extracting by manifest.
2342 silly tarball no local data for accepts@https://registry.npmjs.org/accepts/-/accepts-2.0.0.tgz. Extracting by manifest.
2343 silly tarball no local data for yoctocolors@https://registry.npmjs.org/yoctocolors/-/yoctocolors-2.1.2.tgz. Extracting by manifest.
2344 silly tarball no local data for strip-final-newline@https://registry.npmjs.org/strip-final-newline/-/strip-final-newline-4.0.0.tgz. Extracting by manifest.
2345 silly tarball no local data for signal-exit@https://registry.npmjs.org/signal-exit/-/signal-exit-4.1.0.tgz. Extracting by manifest.
2346 silly tarball no local data for pretty-ms@https://registry.npmjs.org/pretty-ms/-/pretty-ms-9.3.0.tgz. Extracting by manifest.
2347 silly tarball no local data for npm-run-path@https://registry.npmjs.org/npm-run-path/-/npm-run-path-6.0.0.tgz. Extracting by manifest.
2348 silly tarball no local data for is-stream@https://registry.npmjs.org/is-stream/-/is-stream-4.0.1.tgz. Extracting by manifest.
2349 silly tarball no local data for is-plain-obj@https://registry.npmjs.org/is-plain-obj/-/is-plain-obj-4.1.0.tgz. Extracting by manifest.
2350 silly tarball no local data for human-signals@https://registry.npmjs.org/human-signals/-/human-signals-8.0.1.tgz. Extracting by manifest.
2351 silly tarball no local data for get-stream@https://registry.npmjs.org/get-stream/-/get-stream-9.0.1.tgz. Extracting by manifest.
2352 silly tarball no local data for figures@https://registry.npmjs.org/figures/-/figures-6.1.0.tgz. Extracting by manifest.
2353 silly tarball no local data for agent-base@https://registry.npmjs.org/agent-base/-/agent-base-7.1.4.tgz. Extracting by manifest.
2354 silly tarball no local data for @sindresorhus/merge-streams@https://registry.npmjs.org/@sindresorhus/merge-streams/-/merge-streams-4.0.0.tgz. Extracting by manifest.
2355 silly tarball no local data for @noble/hashes@https://registry.npmjs.org/@noble/hashes/-/hashes-1.8.0.tgz. Extracting by manifest.
2356 silly tarball no local data for @noble/curves@https://registry.npmjs.org/@noble/curves/-/curves-1.9.7.tgz. Extracting by manifest.
2357 silly tarball no local data for @noble/ciphers@https://registry.npmjs.org/@noble/ciphers/-/ciphers-1.3.0.tgz. Extracting by manifest.
2358 silly tarball no local data for @ecies/ciphers@https://registry.npmjs.org/@ecies/ciphers/-/ciphers-0.2.6.tgz. Extracting by manifest.
2359 silly tarball no local data for parse-json@https://registry.npmjs.org/parse-json/-/parse-json-5.2.0.tgz. Extracting by manifest.
2360 silly tarball no local data for env-paths@https://registry.npmjs.org/env-paths/-/env-paths-2.2.1.tgz. Extracting by manifest.
2361 silly tarball no local data for vary@https://registry.npmjs.org/vary/-/vary-1.1.2.tgz. Extracting by manifest.
2362 silly tarball no local data for require-from-string@https://registry.npmjs.org/require-from-string/-/require-from-string-2.0.2.tgz. Extracting by manifest.
2363 silly tarball no local data for json-schema-traverse@https://registry.npmjs.org/json-schema-traverse/-/json-schema-traverse-1.0.0.tgz. Extracting by manifest.
2364 silly tarball no local data for fast-uri@https://registry.npmjs.org/fast-uri/-/fast-uri-3.1.2.tgz. Extracting by manifest.
2365 silly tarball no local data for raw-body@https://registry.npmjs.org/raw-body/-/raw-body-3.0.2.tgz. Extracting by manifest.
2366 silly tarball no local data for pkce-challenge@https://registry.npmjs.org/pkce-challenge/-/pkce-challenge-5.0.1.tgz. Extracting by manifest.
2367 silly tarball no local data for json-schema-typed@https://registry.npmjs.org/json-schema-typed/-/json-schema-typed-8.0.2.tgz. Extracting by manifest.
2368 silly tarball no local data for jose@https://registry.npmjs.org/jose/-/jose-6.2.3.tgz. Extracting by manifest.
2369 silly tarball no local data for express-rate-limit@https://registry.npmjs.org/express-rate-limit/-/express-rate-limit-8.5.2.tgz. Extracting by manifest.
2370 silly tarball no local data for express@https://registry.npmjs.org/express/-/express-5.2.1.tgz. Extracting by manifest.
2371 silly tarball no local data for eventsource-parser@https://registry.npmjs.org/eventsource-parser/-/eventsource-parser-3.0.8.tgz. Extracting by manifest.
2372 silly tarball no local data for eventsource@https://registry.npmjs.org/eventsource/-/eventsource-3.0.7.tgz. Extracting by manifest.
2373 silly tarball no local data for cors@https://registry.npmjs.org/cors/-/cors-2.8.6.tgz. Extracting by manifest.
2374 silly tarball no local data for content-type@https://registry.npmjs.org/content-type/-/content-type-1.0.5.tgz. Extracting by manifest.
2375 silly tarball no local data for ajv-formats@https://registry.npmjs.org/ajv-formats/-/ajv-formats-3.0.1.tgz. Extracting by manifest.
2376 silly tarball no local data for ajv@https://registry.npmjs.org/ajv/-/ajv-8.20.0.tgz. Extracting by manifest.
2377 silly tarball no local data for hono@https://registry.npmjs.org/hono/-/hono-4.12.18.tgz. Extracting by manifest.
2378 silly tarball no local data for @hono/node-server@https://registry.npmjs.org/@hono/node-server/-/node-server-1.19.14.tgz. Extracting by manifest.
2379 silly tarball no local data for yocto-spinner@https://registry.npmjs.org/yocto-spinner/-/yocto-spinner-1.2.0.tgz. Extracting by manifest.
2380 silly tarball no local data for which@https://registry.npmjs.org/which/-/which-4.0.0.tgz. Extracting by manifest.
2381 silly tarball no local data for object-treeify@https://registry.npmjs.org/object-treeify/-/object-treeify-1.1.33.tgz. Extracting by manifest.
2382 silly tarball no local data for eciesjs@https://registry.npmjs.org/eciesjs/-/eciesjs-0.4.18.tgz. Extracting by manifest.
2383 silly tarball no local data for dotenv@https://registry.npmjs.org/dotenv/-/dotenv-17.4.2.tgz. Extracting by manifest.
2384 silly tarball no local data for @babel/plugin-transform-modules-commonjs@https://registry.npmjs.org/@babel/plugin-transform-modules-commonjs/-/plugin-transform-modules-commonjs-7.28.6.tgz. Extracting by manifest.
2385 silly tarball no local data for @babel/plugin-syntax-jsx@https://registry.npmjs.org/@babel/plugin-syntax-jsx/-/plugin-syntax-jsx-7.28.6.tgz. Extracting by manifest.
2386 silly tarball no local data for @babel/helper-replace-supers@https://registry.npmjs.org/@babel/helper-replace-supers/-/helper-replace-supers-7.28.6.tgz. Extracting by manifest.
2387 silly tarball no local data for @babel/helper-optimise-call-expression@https://registry.npmjs.org/@babel/helper-optimise-call-expression/-/helper-optimise-call-expression-7.27.1.tgz. Extracting by manifest.
2388 silly tarball no local data for @babel/helper-member-expression-to-functions@https://registry.npmjs.org/@babel/helper-member-expression-to-functions/-/helper-member-expression-to-functions-7.28.5.tgz. Extracting by manifest.
2389 silly tarball no local data for @babel/plugin-syntax-typescript@https://registry.npmjs.org/@babel/plugin-syntax-typescript/-/plugin-syntax-typescript-7.28.6.tgz. Extracting by manifest.
2390 silly tarball no local data for @babel/helper-skip-transparent-expression-wrappers@https://registry.npmjs.org/@babel/helper-skip-transparent-expression-wrappers/-/helper-skip-transparent-expression-wrappers-7.27.1.tgz. Extracting by manifest.
2391 silly tarball no local data for @babel/helper-plugin-utils@https://registry.npmjs.org/@babel/helper-plugin-utils/-/helper-plugin-utils-7.28.6.tgz. Extracting by manifest.
2392 silly tarball no local data for @babel/helper-create-class-features-plugin@https://registry.npmjs.org/@babel/helper-create-class-features-plugin/-/helper-create-class-features-plugin-7.29.3.tgz. Extracting by manifest.
2393 silly tarball no local data for @babel/helper-annotate-as-pure@https://registry.npmjs.org/@babel/helper-annotate-as-pure/-/helper-annotate-as-pure-7.27.3.tgz. Extracting by manifest.
2394 silly tarball no local data for zod-to-json-schema@https://registry.npmjs.org/zod-to-json-schema/-/zod-to-json-schema-3.25.2.tgz. Extracting by manifest.
2395 silly tarball no local data for zod@https://registry.npmjs.org/zod/-/zod-3.25.76.tgz. Extracting by manifest.
2396 silly tarball no local data for validate-npm-package-name@https://registry.npmjs.org/validate-npm-package-name/-/validate-npm-package-name-7.0.2.tgz. Extracting by manifest.
2397 silly tarball no local data for tsconfig-paths@https://registry.npmjs.org/tsconfig-paths/-/tsconfig-paths-4.2.0.tgz. Extracting by manifest.
2398 silly tarball no local data for ts-morph@https://registry.npmjs.org/ts-morph/-/ts-morph-26.0.0.tgz. Extracting by manifest.
2399 silly tarball no local data for stringify-object@https://registry.npmjs.org/stringify-object/-/stringify-object-5.0.0.tgz. Extracting by manifest.
2400 silly tarball no local data for recast@https://registry.npmjs.org/recast/-/recast-0.23.11.tgz. Extracting by manifest.
2401 silly tarball no local data for prompts@https://registry.npmjs.org/prompts/-/prompts-2.4.2.tgz. Extracting by manifest.
2402 silly tarball no local data for postcss-selector-parser@https://registry.npmjs.org/postcss-selector-parser/-/postcss-selector-parser-7.1.1.tgz. Extracting by manifest.
2403 silly tarball no local data for ora@https://registry.npmjs.org/ora/-/ora-8.2.0.tgz. Extracting by manifest.
2404 silly tarball no local data for open@https://registry.npmjs.org/open/-/open-11.0.0.tgz. Extracting by manifest.
2405 silly tarball no local data for node-fetch@https://registry.npmjs.org/node-fetch/-/node-fetch-3.3.2.tgz. Extracting by manifest.
2406 silly tarball no local data for msw@https://registry.npmjs.org/msw/-/msw-2.14.6.tgz. Extracting by manifest.
2407 silly tarball no local data for kleur@https://registry.npmjs.org/kleur/-/kleur-4.1.5.tgz. Extracting by manifest.
2408 silly tarball no local data for https-proxy-agent@https://registry.npmjs.org/https-proxy-agent/-/https-proxy-agent-7.0.6.tgz. Extracting by manifest.
2409 silly tarball no local data for fuzzysort@https://registry.npmjs.org/fuzzysort/-/fuzzysort-3.1.0.tgz. Extracting by manifest.
2410 silly tarball no local data for fs-extra@https://registry.npmjs.org/fs-extra/-/fs-extra-11.3.5.tgz. Extracting by manifest.
2411 silly tarball no local data for fast-glob@https://registry.npmjs.org/fast-glob/-/fast-glob-3.3.3.tgz. Extracting by manifest.
2412 silly tarball no local data for execa@https://registry.npmjs.org/execa/-/execa-9.6.1.tgz. Extracting by manifest.
2413 silly tarball no local data for diff@https://registry.npmjs.org/diff/-/diff-8.0.4.tgz. Extracting by manifest.
2414 silly tarball no local data for deepmerge@https://registry.npmjs.org/deepmerge/-/deepmerge-4.3.1.tgz. Extracting by manifest.
2415 silly tarball no local data for dedent@https://registry.npmjs.org/dedent/-/dedent-1.7.2.tgz. Extracting by manifest.
2416 silly tarball no local data for cosmiconfig@https://registry.npmjs.org/cosmiconfig/-/cosmiconfig-9.0.1.tgz. Extracting by manifest.
2417 silly tarball no local data for commander@https://registry.npmjs.org/commander/-/commander-14.0.3.tgz. Extracting by manifest.
2418 silly tarball no local data for @types/validate-npm-package-name@https://registry.npmjs.org/@types/validate-npm-package-name/-/validate-npm-package-name-4.0.2.tgz. Extracting by manifest.
2419 silly tarball no local data for @modelcontextprotocol/sdk@https://registry.npmjs.org/@modelcontextprotocol/sdk/-/sdk-1.29.0.tgz. Extracting by manifest.
2420 silly tarball no local data for @dotenvx/dotenvx@https://registry.npmjs.org/@dotenvx/dotenvx/-/dotenvx-1.66.0.tgz. Extracting by manifest.
2421 silly tarball no local data for @babel/preset-typescript@https://registry.npmjs.org/@babel/preset-typescript/-/preset-typescript-7.28.5.tgz. Extracting by manifest.
2422 silly tarball no local data for @babel/plugin-transform-typescript@https://registry.npmjs.org/@babel/plugin-transform-typescript/-/plugin-transform-typescript-7.28.6.tgz. Extracting by manifest.
2423 silly tarball no local data for shadcn@https://registry.npmjs.org/shadcn/-/shadcn-4.7.0.tgz. Extracting by manifest.
2424 silly tarball no local data for ansi-regex@https://registry.npmjs.org/ansi-regex/-/ansi-regex-5.0.1.tgz. Extracting by manifest.
2425 silly tarball no local data for emoji-regex@https://registry.npmjs.org/emoji-regex/-/emoji-regex-8.0.0.tgz. Extracting by manifest.
2426 silly tarball no local data for string-width@https://registry.npmjs.org/string-width/-/string-width-4.2.3.tgz. Extracting by manifest.
2427 silly tarball no local data for ansi-regex@https://registry.npmjs.org/ansi-regex/-/ansi-regex-5.0.1.tgz. Extracting by manifest.
2428 silly tarball no local data for emoji-regex@https://registry.npmjs.org/emoji-regex/-/emoji-regex-8.0.0.tgz. Extracting by manifest.
2429 silly tarball no local data for strip-ansi@https://registry.npmjs.org/strip-ansi/-/strip-ansi-6.0.1.tgz. Extracting by manifest.
2430 silly tarball no local data for string-width@https://registry.npmjs.org/string-width/-/string-width-4.2.3.tgz. Extracting by manifest.
2431 silly tarball no local data for is-unicode-supported@https://registry.npmjs.org/is-unicode-supported/-/is-unicode-supported-1.3.0.tgz. Extracting by manifest.
2432 silly tarball no local data for ansi-regex@https://registry.npmjs.org/ansi-regex/-/ansi-regex-5.0.1.tgz. Extracting by manifest.
2433 silly tarball no local data for strip-ansi@https://registry.npmjs.org/strip-ansi/-/strip-ansi-6.0.1.tgz. Extracting by manifest.
2434 silly tarball no local data for emoji-regex@https://registry.npmjs.org/emoji-regex/-/emoji-regex-8.0.0.tgz. Extracting by manifest.
2435 silly tarball no local data for string-width@https://registry.npmjs.org/string-width/-/string-width-4.2.3.tgz. Extracting by manifest.
2436 silly tarball no local data for @open-draft/deferred-promise@https://registry.npmjs.org/@open-draft/deferred-promise/-/deferred-promise-2.2.0.tgz. Extracting by manifest.
2437 silly tarball no local data for strip-ansi@https://registry.npmjs.org/strip-ansi/-/strip-ansi-6.0.1.tgz. Extracting by manifest.
2438 silly tarball no local data for content-type@https://registry.npmjs.org/content-type/-/content-type-2.0.0.tgz. Extracting by manifest.
2439 silly tarball no local data for path-to-regexp@https://registry.npmjs.org/path-to-regexp/-/path-to-regexp-8.4.2.tgz. Extracting by manifest.
2440 silly tarball no local data for path-key@https://registry.npmjs.org/path-key/-/path-key-4.0.0.tgz. Extracting by manifest.
2441 silly tarball no local data for kleur@https://registry.npmjs.org/kleur/-/kleur-3.0.3.tgz. Extracting by manifest.
2442 silly tarball no local data for cookie@https://registry.npmjs.org/cookie/-/cookie-1.1.1.tgz. Extracting by manifest.
2443 silly tarball no local data for strip-final-newline@https://registry.npmjs.org/strip-final-newline/-/strip-final-newline-2.0.0.tgz. Extracting by manifest.
2444 silly tarball no local data for signal-exit@https://registry.npmjs.org/signal-exit/-/signal-exit-3.0.7.tgz. Extracting by manifest.
2445 silly tarball no local data for onetime@https://registry.npmjs.org/onetime/-/onetime-5.1.2.tgz. Extracting by manifest.
2446 silly tarball no local data for npm-run-path@https://registry.npmjs.org/npm-run-path/-/npm-run-path-4.0.1.tgz. Extracting by manifest.
2447 silly tarball no local data for is-stream@https://registry.npmjs.org/is-stream/-/is-stream-2.0.1.tgz. Extracting by manifest.
2448 silly tarball no local data for human-signals@https://registry.npmjs.org/human-signals/-/human-signals-2.1.0.tgz. Extracting by manifest.
2449 silly tarball no local data for get-stream@https://registry.npmjs.org/get-stream/-/get-stream-6.0.1.tgz. Extracting by manifest.
2450 silly tarball no local data for execa@https://registry.npmjs.org/execa/-/execa-5.1.1.tgz. Extracting by manifest.
2451 silly tarball no local data for commander@https://registry.npmjs.org/commander/-/commander-11.1.0.tgz. Extracting by manifest.
2452 http fetch POST 200 https://registry.npmjs.org/-/npm/v1/security/advisories/bulk 596ms
2453 silly audit report {}
2454 http fetch GET 200 https://registry.npmjs.org/mimic-fn/-/mimic-fn-2.1.0.tgz 689ms (cache miss)
2455 http fetch GET 200 https://registry.npmjs.org/is-fullwidth-code-point/-/is-fullwidth-code-point-3.0.0.tgz 691ms (cache miss)
2456 http fetch GET 200 https://registry.npmjs.org/ansi-regex/-/ansi-regex-6.2.2.tgz 828ms (cache miss)
2457 http fetch GET 200 https://registry.npmjs.org/tagged-tag/-/tagged-tag-1.0.0.tgz 881ms (cache miss)
2458 http fetch GET 200 https://registry.npmjs.org/merge-stream/-/merge-stream-2.0.0.tgz 895ms (cache miss)
2459 http fetch GET 200 https://registry.npmjs.org/is-regexp/-/is-regexp-3.1.0.tgz 894ms (cache miss)
2460 http fetch GET 200 https://registry.npmjs.org/is-obj/-/is-obj-3.0.0.tgz 895ms (cache miss)
2461 http fetch GET 200 https://registry.npmjs.org/wrap-ansi/-/wrap-ansi-7.0.0.tgz 928ms (cache miss)
2462 http fetch GET 200 https://registry.npmjs.org/is-wsl/-/is-wsl-3.1.1.tgz 931ms (cache miss)
2463 http fetch GET 200 https://registry.npmjs.org/media-typer/-/media-typer-1.1.0.tgz 942ms (cache miss)
2464 http fetch GET 200 https://registry.npmjs.org/get-own-enumerable-keys/-/get-own-enumerable-keys-1.0.0.tgz 970ms (cache miss)
2465 http fetch GET 200 https://registry.npmjs.org/mimic-function/-/mimic-function-5.0.1.tgz 973ms (cache miss)
2466 http fetch GET 200 https://registry.npmjs.org/unpipe/-/unpipe-1.0.0.tgz 979ms (cache miss)
2467 http fetch GET 200 https://registry.npmjs.org/parse-ms/-/parse-ms-4.0.0.tgz 978ms (cache miss)
2468 http fetch GET 200 https://registry.npmjs.org/sisteransi/-/sisteransi-1.0.5.tgz 980ms (cache miss)
2469 http fetch GET 200 https://registry.npmjs.org/get-caller-file/-/get-caller-file-2.0.5.tgz 1001ms (cache miss)
2470 http fetch GET 200 https://registry.npmjs.org/onetime/-/onetime-7.0.0.tgz 1021ms (cache miss)
2471 http fetch GET 200 https://registry.npmjs.org/is-promise/-/is-promise-4.0.0.tgz 1024ms (cache miss)
2472 http fetch GET 200 https://registry.npmjs.org/forwarded/-/forwarded-0.2.0.tgz 1031ms (cache miss)
2473 http fetch GET 200 https://registry.npmjs.org/require-directory/-/require-directory-2.1.1.tgz 1074ms (cache miss)
2474 http fetch GET 200 https://registry.npmjs.org/log-symbols/-/log-symbols-6.0.0.tgz 1055ms (cache miss)
2475 http fetch GET 200 https://registry.npmjs.org/emoji-regex/-/emoji-regex-10.6.0.tgz 1072ms (cache miss)
2476 http fetch GET 200 https://registry.npmjs.org/is-interactive/-/is-interactive-2.0.0.tgz 1059ms (cache miss)
2477 http fetch GET 200 https://registry.npmjs.org/strip-ansi/-/strip-ansi-7.2.0.tgz 1064ms (cache miss)
2478 http fetch GET 200 https://registry.npmjs.org/json-parse-even-better-errors/-/json-parse-even-better-errors-2.3.1.tgz 1072ms (cache miss)
2479 http fetch GET 200 https://registry.npmjs.org/default-browser-id/-/default-browser-id-5.0.1.tgz 1069ms (cache miss)
2480 http fetch GET 200 https://registry.npmjs.org/error-ex/-/error-ex-1.3.4.tgz 1087ms (cache miss)
2481 http fetch GET 200 https://registry.npmjs.org/is-in-ssh/-/is-in-ssh-1.0.0.tgz 1079ms (cache miss)
2482 http fetch GET 200 https://registry.npmjs.org/lines-and-columns/-/lines-and-columns-1.2.4.tgz 1093ms (cache miss)
2483 http fetch GET 200 https://registry.npmjs.org/restore-cursor/-/restore-cursor-5.1.0.tgz 1093ms (cache miss)
2484 http fetch GET 200 https://registry.npmjs.org/bundle-name/-/bundle-name-4.1.0.tgz 1086ms (cache miss)
2485 http fetch GET 200 https://registry.npmjs.org/is-inside-container/-/is-inside-container-1.0.0.tgz 1085ms (cache miss)
2486 http fetch GET 200 https://registry.npmjs.org/stdin-discarder/-/stdin-discarder-0.2.2.tgz 1097ms (cache miss)
2487 http fetch GET 200 https://registry.npmjs.org/util-deprecate/-/util-deprecate-1.0.2.tgz 1102ms (cache miss)
2488 http fetch GET 200 https://registry.npmjs.org/default-browser/-/default-browser-5.5.0.tgz 1088ms (cache miss)
2489 http fetch GET 200 https://registry.npmjs.org/wrappy/-/wrappy-1.0.2.tgz 1090ms (cache miss)
2490 http fetch GET 200 https://registry.npmjs.org/cli-cursor/-/cli-cursor-5.0.0.tgz 1106ms (cache miss)
2491 http fetch GET 200 https://registry.npmjs.org/string-width/-/string-width-7.2.0.tgz 1111ms (cache miss)
2492 http fetch GET 200 https://registry.npmjs.org/ee-first/-/ee-first-1.1.1.tgz 1112ms (cache miss)
2493 http fetch GET 200 https://registry.npmjs.org/define-lazy-prop/-/define-lazy-prop-3.0.0.tgz 1131ms (cache miss)
2494 http fetch GET 200 https://registry.npmjs.org/get-east-asian-width/-/get-east-asian-width-1.6.0.tgz 1157ms (cache miss)
2495 http fetch GET 200 https://registry.npmjs.org/run-applescript/-/run-applescript-7.1.0.tgz 1137ms (cache miss)
2496 http fetch GET 200 https://registry.npmjs.org/powershell-utils/-/powershell-utils-0.1.0.tgz 1144ms (cache miss)
2497 http fetch GET 200 https://registry.npmjs.org/cssesc/-/cssesc-3.0.0.tgz 1164ms (cache miss)
2498 http fetch GET 200 https://registry.npmjs.org/is-docker/-/is-docker-3.0.0.tgz 1157ms (cache miss)
2499 http fetch GET 200 https://registry.npmjs.org/is-arrayish/-/is-arrayish-0.2.1.tgz 1176ms (cache miss)
2500 http fetch GET 200 https://registry.npmjs.org/wsl-utils/-/wsl-utils-0.3.1.tgz 1180ms (cache miss)
2501 http fetch GET 200 https://registry.npmjs.org/ipaddr.js/-/ipaddr.js-1.9.1.tgz 1197ms (cache miss)
2502 http fetch GET 200 https://registry.npmjs.org/mute-stream/-/mute-stream-3.0.0.tgz 1174ms (cache miss)
2503 http fetch GET 200 https://registry.npmjs.org/unicorn-magic/-/unicorn-magic-0.3.0.tgz 1201ms (cache miss)
2504 http fetch GET 200 https://registry.npmjs.org/@types/set-cookie-parser/-/set-cookie-parser-2.4.10.tgz 1200ms (cache miss)
2505 http fetch GET 200 https://registry.npmjs.org/cli-spinners/-/cli-spinners-2.9.2.tgz 1215ms (cache miss)
2506 http fetch GET 200 https://registry.npmjs.org/cliui/-/cliui-8.0.1.tgz 1245ms (cache miss)
2507 http fetch GET 200 https://registry.npmjs.org/y18n/-/y18n-5.0.8.tgz 1253ms (cache miss)
2508 http fetch GET 200 https://registry.npmjs.org/cli-width/-/cli-width-4.1.0.tgz 1213ms (cache miss)
2509 http fetch GET 200 https://registry.npmjs.org/@inquirer/type/-/type-4.0.5.tgz 1215ms (cache miss)
2510 http fetch GET 200 https://registry.npmjs.org/data-uri-to-buffer/-/data-uri-to-buffer-4.0.1.tgz 1225ms (cache miss)
2511 http fetch GET 200 https://registry.npmjs.org/fast-string-width/-/fast-string-width-3.0.2.tgz 1224ms (cache miss)
2512 http fetch GET 200 https://registry.npmjs.org/formdata-polyfill/-/formdata-polyfill-4.0.10.tgz 1235ms (cache miss)
2513 http fetch GET 200 https://registry.npmjs.org/@inquirer/figures/-/figures-2.0.5.tgz 1244ms (cache miss)
2514 http fetch GET 200 https://registry.npmjs.org/@inquirer/ansi/-/ansi-2.0.5.tgz 1260ms (cache miss)
2515 http fetch GET 200 https://registry.npmjs.org/fast-wrap-ansi/-/fast-wrap-ansi-0.2.0.tgz 1267ms (cache miss)
2516 http fetch GET 200 https://registry.npmjs.org/@open-draft/logger/-/logger-0.3.0.tgz 1302ms (cache miss)
2517 http fetch GET 200 https://registry.npmjs.org/fetch-blob/-/fetch-blob-3.2.0.tgz 1314ms (cache miss)
2518 http fetch GET 200 https://registry.npmjs.org/outvariant/-/outvariant-1.4.3.tgz 1301ms (cache miss)
2519 http fetch GET 200 https://registry.npmjs.org/set-cookie-parser/-/set-cookie-parser-3.1.0.tgz 1320ms (cache miss)
2520 http fetch GET 200 https://registry.npmjs.org/@open-draft/until/-/until-2.1.0.tgz 1358ms (cache miss)
2521 http fetch GET 200 https://registry.npmjs.org/@types/statuses/-/statuses-2.0.6.tgz 1352ms (cache miss)
2522 http fetch GET 200 https://registry.npmjs.org/fast-string-truncated-width/-/fast-string-truncated-width-3.0.3.tgz 1381ms (cache miss)
2523 http fetch GET 200 https://registry.npmjs.org/toidentifier/-/toidentifier-1.0.1.tgz 1385ms (cache miss)
2524 http fetch GET 200 https://registry.npmjs.org/strict-event-emitter/-/strict-event-emitter-0.5.1.tgz 1410ms (cache miss)
2525 http fetch GET 200 https://registry.npmjs.org/until-async/-/until-async-3.0.2.tgz 1434ms (cache miss)
2526 http fetch GET 200 https://registry.npmjs.org/setprototypeof/-/setprototypeof-1.2.0.tgz 1422ms (cache miss)
2527 http fetch GET 200 https://registry.npmjs.org/esprima/-/esprima-4.0.1.tgz 1476ms (cache miss)
2528 http fetch GET 200 https://registry.npmjs.org/is-node-process/-/is-node-process-1.2.0.tgz 1448ms (cache miss)
2529 http fetch GET 200 https://registry.npmjs.org/inherits/-/inherits-2.0.4.tgz 1450ms (cache miss)
2530 http fetch GET 200 https://registry.npmjs.org/@open-draft/deferred-promise/-/deferred-promise-3.0.0.tgz 1470ms (cache miss)
2531 http fetch GET 200 https://registry.npmjs.org/yargs-parser/-/yargs-parser-21.1.1.tgz 1532ms (cache miss)
2532 http fetch GET 200 https://registry.npmjs.org/universalify/-/universalify-2.0.1.tgz 1471ms (cache miss)
2533 http fetch GET 200 https://registry.npmjs.org/jsonfile/-/jsonfile-6.2.1.tgz 1476ms (cache miss)
2534 http fetch GET 200 https://registry.npmjs.org/path-to-regexp/-/path-to-regexp-6.3.0.tgz 1492ms (cache miss)
2535 http fetch GET 200 https://registry.npmjs.org/is-unicode-supported/-/is-unicode-supported-2.1.0.tgz 1491ms (cache miss)
2536 http fetch GET 200 https://registry.npmjs.org/safer-buffer/-/safer-buffer-2.1.2.tgz 1511ms (cache miss)
2537 http fetch GET 200 https://registry.npmjs.org/type-is/-/type-is-2.1.0.tgz 1507ms (cache miss)
2538 http fetch GET 200 https://registry.npmjs.org/bytes/-/bytes-3.1.2.tgz 1510ms (cache miss)
2539 http fetch GET 200 https://registry.npmjs.org/@inquirer/confirm/-/confirm-6.0.13.tgz 1541ms (cache miss)
2540 http fetch GET 200 https://registry.npmjs.org/serve-static/-/serve-static-2.2.1.tgz 1537ms (cache miss)
2541 http fetch GET 200 https://registry.npmjs.org/path-browserify/-/path-browserify-1.0.1.tgz 1608ms (cache miss)
2542 http fetch GET 200 https://registry.npmjs.org/mime-db/-/mime-db-1.54.0.tgz 1562ms (cache miss)
2543 http fetch GET 200 https://registry.npmjs.org/chalk/-/chalk-5.6.2.tgz 1599ms (cache miss)
2544 http fetch GET 200 https://registry.npmjs.org/send/-/send-1.2.1.tgz 1568ms (cache miss)
2545 http fetch GET 200 https://registry.npmjs.org/range-parser/-/range-parser-1.2.1.tgz 1568ms (cache miss)
2546 http fetch GET 200 https://registry.npmjs.org/once/-/once-1.4.0.tgz 1596ms (cache miss)
2547 http fetch GET 200 https://registry.npmjs.org/proxy-addr/-/proxy-addr-2.0.7.tgz 1604ms (cache miss)
2548 http fetch GET 200 https://registry.npmjs.org/parseurl/-/parseurl-1.3.3.tgz 1611ms (cache miss)
2549 http fetch GET 200 https://registry.npmjs.org/mime-types/-/mime-types-3.0.2.tgz 1625ms (cache miss)
2550 http fetch GET 200 https://registry.npmjs.org/merge-descriptors/-/merge-descriptors-2.0.0.tgz 1629ms (cache miss)
2551 http fetch GET 200 https://registry.npmjs.org/rettime/-/rettime-0.11.11.tgz 1660ms (cache miss)
2552 http fetch GET 200 https://registry.npmjs.org/statuses/-/statuses-2.0.2.tgz 1672ms (cache miss)
2553 http fetch GET 200 https://registry.npmjs.org/escape-html/-/escape-html-1.0.3.tgz 1685ms (cache miss)
2554 http fetch GET 200 https://registry.npmjs.org/router/-/router-2.2.0.tgz 1696ms (cache miss)
2555 http fetch GET 200 https://registry.npmjs.org/depd/-/depd-2.0.0.tgz 1689ms (cache miss)
2556 http fetch GET 200 https://registry.npmjs.org/cookie-signature/-/cookie-signature-1.2.2.tgz 1698ms (cache miss)
2557 http fetch GET 200 https://registry.npmjs.org/http-errors/-/http-errors-2.0.1.tgz 1708ms (cache miss)
2558 http fetch GET 200 https://registry.npmjs.org/finalhandler/-/finalhandler-2.1.1.tgz 1709ms (cache miss)
2559 http fetch GET 200 https://registry.npmjs.org/fresh/-/fresh-2.0.0.tgz 1711ms (cache miss)
2560 http fetch GET 200 https://registry.npmjs.org/encodeurl/-/encodeurl-2.0.0.tgz 1710ms (cache miss)
2561 http fetch GET 200 https://registry.npmjs.org/body-parser/-/body-parser-2.2.2.tgz 1714ms (cache miss)
2562 http fetch GET 200 https://registry.npmjs.org/yoctocolors/-/yoctocolors-2.1.2.tgz 1713ms (cache miss)
2563 http fetch GET 200 https://registry.npmjs.org/on-finished/-/on-finished-2.4.1.tgz 1723ms (cache miss)
2564 http fetch GET 200 https://registry.npmjs.org/content-disposition/-/content-disposition-1.1.0.tgz 1719ms (cache miss)
2565 http fetch GET 200 https://registry.npmjs.org/etag/-/etag-1.8.1.tgz 1726ms (cache miss)
2566 http fetch GET 200 https://registry.npmjs.org/negotiator/-/negotiator-1.0.0.tgz 1739ms (cache miss)
2567 http fetch GET 200 https://registry.npmjs.org/npm-run-path/-/npm-run-path-6.0.0.tgz 1731ms (cache miss)
2568 http fetch GET 200 https://registry.npmjs.org/strip-final-newline/-/strip-final-newline-4.0.0.tgz 1735ms (cache miss)
2569 http fetch GET 200 https://registry.npmjs.org/is-stream/-/is-stream-4.0.1.tgz 1734ms (cache miss)
2570 http fetch GET 200 https://registry.npmjs.org/is-plain-obj/-/is-plain-obj-4.1.0.tgz 1735ms (cache miss)
2571 http fetch GET 200 https://registry.npmjs.org/get-stream/-/get-stream-9.0.1.tgz 1735ms (cache miss)
2572 http fetch GET 200 https://registry.npmjs.org/figures/-/figures-6.1.0.tgz 1735ms (cache miss)
2573 http fetch GET 200 https://registry.npmjs.org/accepts/-/accepts-2.0.0.tgz 1747ms (cache miss)
2574 http fetch GET 200 https://registry.npmjs.org/human-signals/-/human-signals-8.0.1.tgz 1745ms (cache miss)
2575 http fetch GET 200 https://registry.npmjs.org/pretty-ms/-/pretty-ms-9.3.0.tgz 1797ms (cache miss)
2576 http fetch GET 200 https://registry.npmjs.org/json-schema-traverse/-/json-schema-traverse-1.0.0.tgz 1806ms (cache miss)
2577 http fetch GET 200 https://registry.npmjs.org/cookie/-/cookie-0.7.2.tgz 1822ms (cache miss)
2578 http fetch GET 200 https://registry.npmjs.org/env-paths/-/env-paths-2.2.1.tgz 1811ms (cache miss)
2579 http fetch GET 200 https://registry.npmjs.org/parse-json/-/parse-json-5.2.0.tgz 1817ms (cache miss)
2580 http fetch GET 200 https://registry.npmjs.org/vary/-/vary-1.1.2.tgz 1818ms (cache miss)
2581 http fetch GET 200 https://registry.npmjs.org/require-from-string/-/require-from-string-2.0.2.tgz 1830ms (cache miss)
2582 http fetch GET 200 https://registry.npmjs.org/raw-body/-/raw-body-3.0.2.tgz 1851ms (cache miss)
2583 http fetch GET 200 https://registry.npmjs.org/pkce-challenge/-/pkce-challenge-5.0.1.tgz 1856ms (cache miss)
2584 http fetch GET 200 https://registry.npmjs.org/yocto-spinner/-/yocto-spinner-1.2.0.tgz 1916ms (cache miss)
2585 http fetch GET 200 https://registry.npmjs.org/which/-/which-4.0.0.tgz 1918ms (cache miss)
2586 http fetch GET 200 https://registry.npmjs.org/object-treeify/-/object-treeify-1.1.33.tgz 1918ms (cache miss)
2587 http fetch GET 200 https://registry.npmjs.org/cors/-/cors-2.8.6.tgz 1932ms (cache miss)
2588 http fetch GET 200 https://registry.npmjs.org/eciesjs/-/eciesjs-0.4.18.tgz 1940ms (cache miss)
2589 http fetch GET 200 https://registry.npmjs.org/content-type/-/content-type-1.0.5.tgz 1950ms (cache miss)
2590 http fetch GET 200 https://registry.npmjs.org/@sindresorhus/merge-streams/-/merge-streams-4.0.0.tgz 1981ms (cache miss)
2591 http fetch GET 200 https://registry.npmjs.org/@babel/helper-optimise-call-expression/-/helper-optimise-call-expression-7.27.1.tgz 1991ms (cache miss)
2592 http fetch GET 200 https://registry.npmjs.org/@babel/plugin-syntax-jsx/-/plugin-syntax-jsx-7.28.6.tgz 1992ms (cache miss)
2593 http fetch GET 200 https://registry.npmjs.org/@babel/plugin-syntax-typescript/-/plugin-syntax-typescript-7.28.6.tgz 2013ms (cache miss)
2594 http fetch GET 200 https://registry.npmjs.org/@babel/helper-member-expression-to-functions/-/helper-member-expression-to-functions-7.28.5.tgz 2024ms (cache miss)
2595 http fetch GET 200 https://registry.npmjs.org/@babel/helper-annotate-as-pure/-/helper-annotate-as-pure-7.27.3.tgz 2062ms (cache miss)
2596 http fetch GET 200 https://registry.npmjs.org/tough-cookie/-/tough-cookie-6.0.1.tgz 2153ms (cache miss)
2597 http fetch GET 200 https://registry.npmjs.org/@babel/helper-plugin-utils/-/helper-plugin-utils-7.28.6.tgz 2099ms (cache miss)
2598 http fetch GET 200 https://registry.npmjs.org/express/-/express-5.2.1.tgz 2115ms (cache miss)
2599 http fetch GET 200 https://registry.npmjs.org/express-rate-limit/-/express-rate-limit-8.5.2.tgz 2122ms (cache miss)
2600 http fetch GET 200 https://registry.npmjs.org/agent-base/-/agent-base-7.1.4.tgz 2148ms (cache miss)
2601 http fetch GET 200 https://registry.npmjs.org/validate-npm-package-name/-/validate-npm-package-name-7.0.2.tgz 2143ms (cache miss)
2602 http fetch GET 200 https://registry.npmjs.org/stringify-object/-/stringify-object-5.0.0.tgz 2174ms (cache miss)
2603 http fetch GET 200 https://registry.npmjs.org/json-schema-typed/-/json-schema-typed-8.0.2.tgz 2196ms (cache miss)
2604 http fetch GET 200 https://registry.npmjs.org/code-block-writer/-/code-block-writer-13.0.3.tgz 2326ms (cache miss)
2605 http fetch GET 200 https://registry.npmjs.org/@babel/helper-skip-transparent-expression-wrappers/-/helper-skip-transparent-expression-wrappers-7.27.1.tgz 2221ms (cache miss)
2606 http fetch GET 200 https://registry.npmjs.org/ora/-/ora-8.2.0.tgz 2215ms (cache miss)
2607 http fetch GET 200 https://registry.npmjs.org/kleur/-/kleur-4.1.5.tgz 2223ms (cache miss)
2608 http fetch GET 200 https://registry.npmjs.org/@babel/helper-replace-supers/-/helper-replace-supers-7.28.6.tgz 2252ms (cache miss)
2609 http fetch GET 200 https://registry.npmjs.org/fuzzysort/-/fuzzysort-3.1.0.tgz 2250ms (cache miss)
2610 http fetch GET 200 https://registry.npmjs.org/https-proxy-agent/-/https-proxy-agent-7.0.6.tgz 2260ms (cache miss)
2611 http fetch GET 200 https://registry.npmjs.org/eventsource/-/eventsource-3.0.7.tgz 2294ms (cache miss)
2612 http fetch GET 200 https://registry.npmjs.org/open/-/open-11.0.0.tgz 2298ms (cache miss)
2613 http fetch GET 200 https://registry.npmjs.org/dotenv/-/dotenv-17.4.2.tgz 2326ms (cache miss)
2614 http fetch GET 200 https://registry.npmjs.org/dedent/-/dedent-1.7.2.tgz 2440ms (cache miss)
2615 http fetch GET 200 https://registry.npmjs.org/ajv-formats/-/ajv-formats-3.0.1.tgz 2495ms (cache miss)
2616 http fetch GET 200 https://registry.npmjs.org/@types/validate-npm-package-name/-/validate-npm-package-name-4.0.2.tgz 2477ms (cache miss)
2617 http fetch GET 200 https://registry.npmjs.org/qs/-/qs-6.15.1.tgz 2537ms (cache miss)
2618 http fetch GET 200 https://registry.npmjs.org/ansi-regex/-/ansi-regex-5.0.1.tgz 2521ms (cache miss)
2619 http fetch GET 200 https://registry.npmjs.org/ansi-regex/-/ansi-regex-5.0.1.tgz 2563ms (cache miss)
2620 http fetch GET 200 https://registry.npmjs.org/ansi-regex/-/ansi-regex-5.0.1.tgz 2566ms (cache miss)
2621 http fetch GET 200 https://registry.npmjs.org/@babel/preset-typescript/-/preset-typescript-7.28.5.tgz 2577ms (cache miss)
2622 http fetch GET 200 https://registry.npmjs.org/string-width/-/string-width-4.2.3.tgz 2580ms (cache miss)
2623 http fetch GET 200 https://registry.npmjs.org/emoji-regex/-/emoji-regex-8.0.0.tgz 2579ms (cache miss)
2624 http fetch GET 200 https://registry.npmjs.org/is-unicode-supported/-/is-unicode-supported-1.3.0.tgz 2577ms (cache miss)
2625 http fetch GET 200 https://registry.npmjs.org/content-type/-/content-type-2.0.0.tgz 2583ms (cache miss)
2626 http fetch GET 200 https://registry.npmjs.org/strip-ansi/-/strip-ansi-6.0.1.tgz 2589ms (cache miss)
2627 http fetch GET 200 https://registry.npmjs.org/source-map/-/source-map-0.6.1.tgz 2720ms (cache miss)
2628 http fetch GET 200 https://registry.npmjs.org/kleur/-/kleur-3.0.3.tgz 2590ms (cache miss)
2629 http fetch GET 200 https://registry.npmjs.org/path-key/-/path-key-4.0.0.tgz 2593ms (cache miss)
2630 http fetch GET 200 https://registry.npmjs.org/undici-types/-/undici-types-7.24.6.tgz 2702ms (cache miss)
2631 http fetch GET 200 https://registry.npmjs.org/@babel/plugin-transform-modules-commonjs/-/plugin-transform-modules-commonjs-7.28.6.tgz 2631ms (cache miss)
2632 http fetch GET 200 https://registry.npmjs.org/string-width/-/string-width-4.2.3.tgz 2611ms (cache miss)
2633 http fetch GET 200 https://registry.npmjs.org/string-width/-/string-width-4.2.3.tgz 2608ms (cache miss)
2634 http fetch GET 200 https://registry.npmjs.org/strip-ansi/-/strip-ansi-6.0.1.tgz 2610ms (cache miss)
2635 http fetch GET 200 https://registry.npmjs.org/strip-ansi/-/strip-ansi-6.0.1.tgz 2607ms (cache miss)
2636 http fetch GET 200 https://registry.npmjs.org/emoji-regex/-/emoji-regex-8.0.0.tgz 2610ms (cache miss)
2637 http fetch GET 200 https://registry.npmjs.org/strip-final-newline/-/strip-final-newline-2.0.0.tgz 2609ms (cache miss)
2638 http fetch GET 200 https://registry.npmjs.org/npm-run-path/-/npm-run-path-4.0.1.tgz 2616ms (cache miss)
2639 http fetch GET 200 https://registry.npmjs.org/get-stream/-/get-stream-6.0.1.tgz 2616ms (cache miss)
2640 http fetch GET 200 https://registry.npmjs.org/signal-exit/-/signal-exit-3.0.7.tgz 2621ms (cache miss)
2641 http fetch GET 200 https://registry.npmjs.org/is-stream/-/is-stream-2.0.1.tgz 2625ms (cache miss)
2642 http fetch GET 200 https://registry.npmjs.org/onetime/-/onetime-5.1.2.tgz 2626ms (cache miss)
2643 http fetch GET 200 https://registry.npmjs.org/human-signals/-/human-signals-2.1.0.tgz 2635ms (cache miss)
2644 http fetch GET 200 https://registry.npmjs.org/@ecies/ciphers/-/ciphers-0.2.6.tgz 2717ms (cache miss)
2645 http fetch GET 200 https://registry.npmjs.org/path-to-regexp/-/path-to-regexp-8.4.2.tgz 2694ms (cache miss)
2646 http fetch GET 200 https://registry.npmjs.org/deepmerge/-/deepmerge-4.3.1.tgz 2709ms (cache miss)
2647 http fetch GET 200 https://registry.npmjs.org/cookie/-/cookie-1.1.1.tgz 2700ms (cache miss)
2648 http fetch GET 200 https://registry.npmjs.org/emoji-regex/-/emoji-regex-8.0.0.tgz 2727ms (cache miss)
2649 http fetch GET 200 https://registry.npmjs.org/eventsource-parser/-/eventsource-parser-3.0.8.tgz 2774ms (cache miss)
2650 http fetch GET 200 https://registry.npmjs.org/@open-draft/deferred-promise/-/deferred-promise-2.2.0.tgz 2758ms (cache miss)
2651 http fetch GET 200 https://registry.npmjs.org/node-domexception/-/node-domexception-1.0.0.tgz 2887ms (cache miss)
2652 warn deprecated node-domexception@1.0.0: Use your platform's native DOMException instead
2653 http fetch GET 200 https://registry.npmjs.org/@babel/helper-create-class-features-plugin/-/helper-create-class-features-plugin-7.29.3.tgz 2854ms (cache miss)
2654 http fetch GET 200 https://registry.npmjs.org/execa/-/execa-5.1.1.tgz 2822ms (cache miss)
2655 http fetch GET 200 https://registry.npmjs.org/commander/-/commander-14.0.3.tgz 2888ms (cache miss)
2656 http fetch GET 200 https://registry.npmjs.org/ip-address/-/ip-address-10.2.0.tgz 2966ms (cache miss)
2657 http fetch GET 200 https://registry.npmjs.org/@sec-ant/readable-stream/-/readable-stream-0.4.1.tgz 2972ms (cache miss)
2658 http fetch GET 200 https://registry.npmjs.org/iconv-lite/-/iconv-lite-0.7.2.tgz 2970ms (cache miss)
2659 http fetch GET 200 https://registry.npmjs.org/@babel/plugin-transform-typescript/-/plugin-transform-typescript-7.28.6.tgz 2911ms (cache miss)
2660 http fetch GET 200 https://registry.npmjs.org/node-fetch/-/node-fetch-3.3.2.tgz 2953ms (cache miss)
2661 http fetch GET 200 https://registry.npmjs.org/commander/-/commander-11.1.0.tgz 2928ms (cache miss)
2662 http fetch GET 200 https://registry.npmjs.org/ts-morph/-/ts-morph-26.0.0.tgz 2964ms (cache miss)
2663 http fetch GET 200 https://registry.npmjs.org/isexe/-/isexe-3.1.5.tgz 3161ms (cache miss)
2664 http fetch GET 200 https://registry.npmjs.org/fast-uri/-/fast-uri-3.1.2.tgz 3104ms (cache miss)
2665 http fetch GET 200 https://registry.npmjs.org/signal-exit/-/signal-exit-4.1.0.tgz 3173ms (cache miss)
2666 http fetch GET 200 https://registry.npmjs.org/headers-polyfill/-/headers-polyfill-5.0.1.tgz 3252ms (cache miss)
2667 http fetch GET 200 https://registry.npmjs.org/@inquirer/core/-/core-11.1.10.tgz 3305ms (cache miss)
2668 http fetch GET 200 https://registry.npmjs.org/cosmiconfig/-/cosmiconfig-9.0.1.tgz 3291ms (cache miss)
2669 http fetch GET 200 https://registry.npmjs.org/shadcn/-/shadcn-4.7.0.tgz 3376ms (cache miss)
2670 http fetch GET 200 https://registry.npmjs.org/fs-extra/-/fs-extra-11.3.5.tgz 3410ms (cache miss)
2671 http fetch GET 200 https://registry.npmjs.org/tldts/-/tldts-7.0.30.tgz 3618ms (cache miss)
2672 http fetch GET 200 https://registry.npmjs.org/postcss-selector-parser/-/postcss-selector-parser-7.1.1.tgz 3526ms (cache miss)
2673 http fetch GET 200 https://registry.npmjs.org/recast/-/recast-0.23.11.tgz 3609ms (cache miss)
2674 http fetch GET 200 https://registry.npmjs.org/yargs/-/yargs-17.7.2.tgz 3724ms (cache miss)
2675 http fetch GET 200 https://registry.npmjs.org/@hono/node-server/-/node-server-1.19.14.tgz 3707ms (cache miss)
2676 http fetch GET 200 https://registry.npmjs.org/@types/node/-/node-25.8.0.tgz 4214ms (cache miss)
2677 http fetch GET 200 https://registry.npmjs.org/fast-glob/-/fast-glob-3.3.3.tgz 4151ms (cache miss)
2678 http fetch GET 200 https://registry.npmjs.org/tldts-core/-/tldts-core-7.0.30.tgz 4309ms (cache miss)
2679 http fetch GET 200 https://registry.npmjs.org/tsconfig-paths/-/tsconfig-paths-4.2.0.tgz 4300ms (cache miss)
2680 http fetch GET 200 https://registry.npmjs.org/prompts/-/prompts-2.4.2.tgz 4372ms (cache miss)
2681 http fetch GET 200 https://registry.npmjs.org/@ts-morph/common/-/common-0.27.0.tgz 4623ms (cache miss)
2682 http fetch GET 200 https://registry.npmjs.org/@noble/ciphers/-/ciphers-1.3.0.tgz 4693ms (cache miss)
2683 http fetch GET 200 https://registry.npmjs.org/ast-types/-/ast-types-0.16.1.tgz 4790ms (cache miss)
2684 http fetch GET 200 https://registry.npmjs.org/jose/-/jose-6.2.3.tgz 4980ms (cache miss)
2685 http fetch GET 200 https://registry.npmjs.org/web-streams-polyfill/-/web-streams-polyfill-3.3.3.tgz 5073ms (cache miss)
2686 http fetch GET 200 https://registry.npmjs.org/diff/-/diff-8.0.4.tgz 5650ms (cache miss)
2687 http fetch GET 200 https://registry.npmjs.org/execa/-/execa-9.6.1.tgz 5730ms (cache miss)
2688 http fetch GET 200 https://registry.npmjs.org/zod-to-json-schema/-/zod-to-json-schema-3.25.2.tgz 5785ms (cache miss)
2689 http fetch GET 200 https://registry.npmjs.org/@dotenvx/dotenvx/-/dotenvx-1.66.0.tgz 5783ms (cache miss)
2690 http fetch GET 200 https://registry.npmjs.org/type-fest/-/type-fest-5.6.0.tgz 5889ms (cache miss)
2691 http fetch GET 200 https://registry.npmjs.org/@noble/hashes/-/hashes-1.8.0.tgz 5985ms (cache miss)
2692 http fetch GET 200 https://registry.npmjs.org/@noble/curves/-/curves-1.9.7.tgz 6287ms (cache miss)
2693 http fetch GET 200 https://registry.npmjs.org/@mswjs/interceptors/-/interceptors-0.41.9.tgz 6777ms (cache miss)
2694 http fetch GET 200 https://registry.npmjs.org/graphql/-/graphql-16.14.0.tgz 7040ms (cache miss)
2695 http fetch GET 200 https://registry.npmjs.org/ajv/-/ajv-8.20.0.tgz 7916ms (cache miss)
2696 http fetch GET 200 https://registry.npmjs.org/hono/-/hono-4.12.18.tgz 8483ms (cache miss)
2697 http fetch GET 200 https://registry.npmjs.org/zod/-/zod-3.25.76.tgz 8585ms (cache miss)
2698 http fetch GET 200 https://registry.npmjs.org/msw/-/msw-2.14.6.tgz 8963ms (cache miss)
2699 http fetch GET 200 https://registry.npmjs.org/@modelcontextprotocol/sdk/-/sdk-1.29.0.tgz 9233ms (cache miss)
2700 info run msw@2.14.6 postinstall node_modules/msw node -e "import('./config/scripts/postinstall.js').catch(() => void 0)"
2701 info run msw@2.14.6 postinstall { code: 0, signal: null }
2702 verbose cwd C:\Users\deweb\Documents\VSME Supplier Passport
2703 verbose os Windows_NT 10.0.22631
2704 verbose node v24.15.0
2705 verbose npm  v11.12.1
2706 verbose exit 1
2707 verbose code 1
