0 verbose cli C:\Program Files\nodejs\node.exe C:\Program Files\nodejs\node_modules\npm\bin\npm-cli.js
1 info using npm@11.12.1
2 info using node@v24.15.0
3 silly config load:file:C:\Program Files\nodejs\node_modules\npm\npmrc
4 silly config load:file:C:\Users\deweb\Documents\VSME Supplier Passport\supplier-passport-temp\.npmrc
5 silly config load:file:C:\Users\deweb\.npmrc
6 silly config load:file:C:\Users\deweb\Documents\VSME Supplier Passport\.appdata\npm\etc\npmrc
7 verbose title npm install
8 verbose argv "install"
9 verbose logfile logs-max:10 dir:C:\Users\deweb\Documents\VSME Supplier Passport\.npm-cache\_logs\2026-05-16T07_53_09_295Z-
10 verbose logfile C:\Users\deweb\Documents\VSME Supplier Passport\.npm-cache\_logs\2026-05-16T07_53_09_295Z-debug-0.log
11 silly logfile done cleaning log files
12 silly packumentCache heap:4496293888 maxSize:1124073472 maxEntrySize:562036736
13 silly idealTree buildDeps
14 silly fetch manifest next@16.2.6
15 silly packumentCache full:https://registry.npmjs.org/next cache-miss
16 http fetch GET 200 https://registry.npmjs.org/next 765ms (cache miss)
17 silly packumentCache full:https://registry.npmjs.org/next set size:undefined disposed:false
18 silly fetch manifest @opentelemetry/api@^1.1.0
19 silly packumentCache full:https://registry.npmjs.org/@opentelemetry%2fapi cache-miss
20 http fetch GET 200 https://registry.npmjs.org/@opentelemetry%2fapi 266ms (cache miss)
21 silly packumentCache full:https://registry.npmjs.org/@opentelemetry%2fapi set size:undefined disposed:false
22 silly fetch manifest @playwright/test@^1.51.1
23 silly packumentCache full:https://registry.npmjs.org/@playwright%2ftest cache-miss
24 http fetch GET 200 https://registry.npmjs.org/@playwright%2ftest 388ms (cache miss)
25 silly packumentCache full:https://registry.npmjs.org/@playwright%2ftest set size:undefined disposed:false
26 silly fetch manifest babel-plugin-react-compiler@*
27 silly packumentCache full:https://registry.npmjs.org/babel-plugin-react-compiler cache-miss
28 http fetch GET 200 https://registry.npmjs.org/babel-plugin-react-compiler 71ms (cache miss)
29 silly packumentCache full:https://registry.npmjs.org/babel-plugin-react-compiler set size:undefined disposed:false
30 silly fetch manifest react@19.2.4
31 silly packumentCache full:https://registry.npmjs.org/react cache-miss
32 http fetch GET 200 https://registry.npmjs.org/react 316ms (cache miss)
33 silly packumentCache full:https://registry.npmjs.org/react set size:undefined disposed:false
34 silly fetch manifest react-dom@19.2.4
35 silly packumentCache full:https://registry.npmjs.org/react-dom cache-miss
36 http fetch GET 200 https://registry.npmjs.org/react-dom 313ms (cache miss)
37 silly packumentCache full:https://registry.npmjs.org/react-dom set size:undefined disposed:false
38 silly fetch manifest sass@^1.3.0
39 silly packumentCache full:https://registry.npmjs.org/sass cache-miss
40 http fetch GET 200 https://registry.npmjs.org/sass 83ms (cache miss)
41 silly packumentCache full:https://registry.npmjs.org/sass set size:undefined disposed:false
42 silly fetch manifest @tailwindcss/postcss@^4
43 silly packumentCache full:https://registry.npmjs.org/@tailwindcss%2fpostcss cache-miss
44 http fetch GET 200 https://registry.npmjs.org/@tailwindcss%2fpostcss 122ms (cache miss)
45 silly packumentCache full:https://registry.npmjs.org/@tailwindcss%2fpostcss set size:undefined disposed:false
46 silly fetch manifest @types/node@^20
47 silly packumentCache full:https://registry.npmjs.org/@types%2fnode cache-miss
48 http fetch GET 200 https://registry.npmjs.org/@types%2fnode 334ms (cache miss)
49 silly packumentCache full:https://registry.npmjs.org/@types%2fnode set size:undefined disposed:false
50 silly fetch manifest @types/react@^19
51 silly packumentCache full:https://registry.npmjs.org/@types%2freact cache-miss
52 http fetch GET 200 https://registry.npmjs.org/@types%2freact 162ms (cache miss)
53 silly packumentCache full:https://registry.npmjs.org/@types%2freact set size:undefined disposed:false
54 silly fetch manifest @types/react-dom@^19
55 silly packumentCache full:https://registry.npmjs.org/@types%2freact-dom cache-miss
56 http fetch GET 200 https://registry.npmjs.org/@types%2freact-dom 72ms (cache miss)
57 silly packumentCache full:https://registry.npmjs.org/@types%2freact-dom set size:undefined disposed:false
58 silly fetch manifest eslint@^9
59 silly packumentCache full:https://registry.npmjs.org/eslint cache-miss
60 http fetch GET 200 https://registry.npmjs.org/eslint 164ms (cache miss)
61 silly packumentCache full:https://registry.npmjs.org/eslint set size:undefined disposed:false
62 silly fetch manifest jiti@*
63 silly packumentCache full:https://registry.npmjs.org/jiti cache-miss
64 http fetch GET 200 https://registry.npmjs.org/jiti 55ms (cache miss)
65 silly packumentCache full:https://registry.npmjs.org/jiti set size:undefined disposed:false
66 silly fetch manifest eslint-config-next@16.2.6
67 silly packumentCache full:https://registry.npmjs.org/eslint-config-next cache-miss
68 http fetch GET 200 https://registry.npmjs.org/eslint-config-next 277ms (cache miss)
69 silly packumentCache full:https://registry.npmjs.org/eslint-config-next set size:undefined disposed:false
70 silly fetch manifest typescript@^5
71 silly packumentCache full:https://registry.npmjs.org/typescript cache-miss
72 http fetch GET 200 https://registry.npmjs.org/typescript 420ms (cache miss)
73 silly packumentCache full:https://registry.npmjs.org/typescript set size:undefined disposed:false
74 silly fetch manifest tailwindcss@^4
75 silly packumentCache full:https://registry.npmjs.org/tailwindcss cache-miss
76 http fetch GET 200 https://registry.npmjs.org/tailwindcss 310ms (cache miss)
77 silly packumentCache full:https://registry.npmjs.org/tailwindcss set size:undefined disposed:false
78 silly placeDep ROOT @tailwindcss/postcss@4.3.0 OK for: supplier-passport-temp@0.1.0 want: ^4
79 silly placeDep ROOT @types/node@20.19.41 OK for: supplier-passport-temp@0.1.0 want: ^20
80 silly placeDep ROOT @types/react@19.2.14 OK for: supplier-passport-temp@0.1.0 want: ^19
81 silly placeDep ROOT @types/react-dom@19.2.3 OK for: supplier-passport-temp@0.1.0 want: ^19
82 silly placeDep ROOT eslint@9.39.4 OK for: supplier-passport-temp@0.1.0 want: ^9
83 silly placeDep ROOT eslint-config-next@16.2.6 OK for: supplier-passport-temp@0.1.0 want: 16.2.6
84 silly placeDep ROOT next@16.2.6 OK for: supplier-passport-temp@0.1.0 want: 16.2.6
85 silly placeDep ROOT react@19.2.4 OK for: next@16.2.6 want: ^18.2.0 || 19.0.0-rc-de68d2f4-20241204 || ^19.0.0
86 silly placeDep ROOT react-dom@19.2.4 OK for: next@16.2.6 want: ^18.2.0 || 19.0.0-rc-de68d2f4-20241204 || ^19.0.0
87 silly placeDep ROOT tailwindcss@4.3.0 OK for: supplier-passport-temp@0.1.0 want: ^4
88 silly placeDep ROOT typescript@5.9.3 OK for: supplier-passport-temp@0.1.0 want: ^5
89 silly fetch manifest postcss@^8.5.10
90 silly packumentCache full:https://registry.npmjs.org/postcss cache-miss
91 silly fetch manifest tailwindcss@4.3.0
92 silly packumentCache full:https://registry.npmjs.org/tailwindcss cache-miss
93 silly fetch manifest @alloc/quick-lru@^5.2.0
94 silly packumentCache full:https://registry.npmjs.org/@alloc%2fquick-lru cache-miss
95 http cache https://registry.npmjs.org/tailwindcss 43ms (cache hit)
96 silly packumentCache full:https://registry.npmjs.org/tailwindcss set size:10521111 disposed:false
97 silly fetch manifest @tailwindcss/node@4.3.0
98 silly packumentCache full:https://registry.npmjs.org/@tailwindcss%2fnode cache-miss
99 http fetch GET 200 https://registry.npmjs.org/postcss 114ms (cache miss)
100 silly packumentCache full:https://registry.npmjs.org/postcss set size:undefined disposed:false
101 silly fetch manifest @tailwindcss/oxide@4.3.0
102 silly packumentCache full:https://registry.npmjs.org/@tailwindcss%2foxide cache-miss
103 http fetch GET 200 https://registry.npmjs.org/@alloc%2fquick-lru 232ms (cache miss)
104 silly packumentCache full:https://registry.npmjs.org/@alloc%2fquick-lru set size:undefined disposed:false
105 silly fetch manifest undici-types@~6.21.0
106 silly packumentCache full:https://registry.npmjs.org/undici-types cache-miss
107 http fetch GET 200 https://registry.npmjs.org/@tailwindcss%2foxide 194ms (cache miss)
108 silly packumentCache full:https://registry.npmjs.org/@tailwindcss%2foxide set size:undefined disposed:false
109 silly fetch manifest csstype@^3.2.2
110 silly packumentCache full:https://registry.npmjs.org/csstype cache-miss
111 http fetch GET 200 https://registry.npmjs.org/undici-types 117ms (cache miss)
112 silly packumentCache full:https://registry.npmjs.org/undici-types set size:undefined disposed:false
113 silly fetch manifest ajv@^6.14.0
114 silly packumentCache full:https://registry.npmjs.org/ajv cache-miss
115 http fetch GET 200 https://registry.npmjs.org/@tailwindcss%2fnode 268ms (cache miss)
116 silly packumentCache full:https://registry.npmjs.org/@tailwindcss%2fnode set size:undefined disposed:false
117 silly fetch manifest chalk@^4.0.0
118 silly packumentCache full:https://registry.npmjs.org/chalk cache-miss
119 http fetch GET 200 https://registry.npmjs.org/csstype 63ms (cache miss)
120 silly packumentCache full:https://registry.npmjs.org/csstype set size:undefined disposed:false
121 silly fetch manifest debug@^4.3.2
122 silly packumentCache full:https://registry.npmjs.org/debug cache-miss
123 http fetch GET 200 https://registry.npmjs.org/chalk 67ms (cache miss)
124 silly packumentCache full:https://registry.npmjs.org/chalk set size:undefined disposed:false
125 silly fetch manifest espree@^10.4.0
126 silly packumentCache full:https://registry.npmjs.org/espree cache-miss
127 http fetch GET 200 https://registry.npmjs.org/debug 57ms (cache miss)
128 silly packumentCache full:https://registry.npmjs.org/debug set size:undefined disposed:false
129 silly fetch manifest ignore@^5.2.0
130 silly packumentCache full:https://registry.npmjs.org/ignore cache-miss
131 http fetch GET 200 https://registry.npmjs.org/ajv 105ms (cache miss)
132 silly packumentCache full:https://registry.npmjs.org/ajv set size:undefined disposed:false
133 silly fetch manifest esquery@^1.5.0
134 silly packumentCache full:https://registry.npmjs.org/esquery cache-miss
135 http fetch GET 200 https://registry.npmjs.org/espree 58ms (cache miss)
136 silly packumentCache full:https://registry.npmjs.org/espree set size:undefined disposed:false
137 silly fetch manifest esutils@^2.0.2
138 silly packumentCache full:https://registry.npmjs.org/esutils cache-miss
139 http fetch GET 200 https://registry.npmjs.org/ignore 51ms (cache miss)
140 silly packumentCache full:https://registry.npmjs.org/ignore set size:undefined disposed:false
141 silly fetch manifest find-up@^5.0.0
142 silly packumentCache full:https://registry.npmjs.org/find-up cache-miss
143 http fetch GET 200 https://registry.npmjs.org/esquery 47ms (cache miss)
144 silly packumentCache full:https://registry.npmjs.org/esquery set size:undefined disposed:false
145 silly fetch manifest is-glob@^4.0.0
146 silly packumentCache full:https://registry.npmjs.org/is-glob cache-miss
147 http fetch GET 200 https://registry.npmjs.org/esutils 44ms (cache miss)
148 silly packumentCache full:https://registry.npmjs.org/esutils set size:undefined disposed:false
149 silly fetch manifest minimatch@^3.1.5
150 silly packumentCache full:https://registry.npmjs.org/minimatch cache-miss
151 http fetch GET 200 https://registry.npmjs.org/find-up 39ms (cache miss)
152 silly packumentCache full:https://registry.npmjs.org/find-up set size:undefined disposed:false
153 silly fetch manifest @eslint/js@9.39.4
154 silly packumentCache full:https://registry.npmjs.org/@eslint%2fjs cache-miss
155 http fetch GET 200 https://registry.npmjs.org/is-glob 44ms (cache miss)
156 silly packumentCache full:https://registry.npmjs.org/is-glob set size:undefined disposed:false
157 silly fetch manifest optionator@^0.9.3
158 silly packumentCache full:https://registry.npmjs.org/optionator cache-miss
159 http fetch GET 200 https://registry.npmjs.org/minimatch 56ms (cache miss)
160 silly packumentCache full:https://registry.npmjs.org/minimatch set size:undefined disposed:false
161 silly fetch manifest cross-spawn@^7.0.6
162 silly packumentCache full:https://registry.npmjs.org/cross-spawn cache-miss
163 http fetch GET 200 https://registry.npmjs.org/optionator 51ms (cache miss)
164 silly packumentCache full:https://registry.npmjs.org/optionator set size:undefined disposed:false
165 silly fetch manifest glob-parent@^6.0.2
166 silly packumentCache full:https://registry.npmjs.org/glob-parent cache-miss
167 http fetch GET 200 https://registry.npmjs.org/@eslint%2fjs 64ms (cache miss)
168 silly packumentCache full:https://registry.npmjs.org/@eslint%2fjs set size:undefined disposed:false
169 silly fetch manifest imurmurhash@^0.1.4
170 silly packumentCache full:https://registry.npmjs.org/imurmurhash cache-miss
171 http fetch GET 200 https://registry.npmjs.org/cross-spawn 48ms (cache miss)
172 silly packumentCache full:https://registry.npmjs.org/cross-spawn set size:undefined disposed:false
173 silly fetch manifest @eslint/core@^0.17.0
174 silly packumentCache full:https://registry.npmjs.org/@eslint%2fcore cache-miss
175 http fetch GET 200 https://registry.npmjs.org/glob-parent 42ms (cache miss)
176 silly packumentCache full:https://registry.npmjs.org/glob-parent set size:undefined disposed:false
177 silly fetch manifest eslint-scope@^8.4.0
178 silly packumentCache full:https://registry.npmjs.org/eslint-scope cache-miss
179 http fetch GET 200 https://registry.npmjs.org/imurmurhash 45ms (cache miss)
180 silly packumentCache full:https://registry.npmjs.org/imurmurhash set size:undefined disposed:false
181 silly fetch manifest lodash.merge@^4.6.2
182 silly packumentCache full:https://registry.npmjs.org/lodash.merge cache-miss
183 http fetch GET 200 https://registry.npmjs.org/eslint-scope 59ms (cache miss)
184 silly packumentCache full:https://registry.npmjs.org/eslint-scope set size:undefined disposed:false
185 silly fetch manifest @humanfs/node@^0.16.6
186 silly packumentCache full:https://registry.npmjs.org/@humanfs%2fnode cache-miss
187 http fetch GET 200 https://registry.npmjs.org/lodash.merge 55ms (cache miss)
188 silly packumentCache full:https://registry.npmjs.org/lodash.merge set size:undefined disposed:false
189 silly fetch manifest @types/estree@^1.0.6
190 silly packumentCache full:https://registry.npmjs.org/@types%2festree cache-miss
191 http fetch GET 200 https://registry.npmjs.org/@eslint%2fcore 67ms (cache miss)
192 silly packumentCache full:https://registry.npmjs.org/@eslint%2fcore set size:undefined disposed:false
193 silly fetch manifest fast-deep-equal@^3.1.3
194 silly packumentCache full:https://registry.npmjs.org/fast-deep-equal cache-miss
195 http fetch GET 200 https://registry.npmjs.org/fast-deep-equal 38ms (cache miss)
196 silly packumentCache full:https://registry.npmjs.org/fast-deep-equal set size:undefined disposed:false
197 silly fetch manifest natural-compare@^1.4.0
198 silly packumentCache full:https://registry.npmjs.org/natural-compare cache-miss
199 http fetch GET 200 https://registry.npmjs.org/@types%2festree 53ms (cache miss)
200 silly packumentCache full:https://registry.npmjs.org/@types%2festree set size:undefined disposed:false
201 silly fetch manifest @eslint/eslintrc@^3.3.5
202 silly packumentCache full:https://registry.npmjs.org/@eslint%2feslintrc cache-miss
203 http fetch GET 200 https://registry.npmjs.org/natural-compare 35ms (cache miss)
204 silly packumentCache full:https://registry.npmjs.org/natural-compare set size:undefined disposed:false
205 silly fetch manifest file-entry-cache@^8.0.0
206 silly packumentCache full:https://registry.npmjs.org/file-entry-cache cache-miss
207 http fetch GET 200 https://registry.npmjs.org/@eslint%2feslintrc 69ms (cache miss)
208 silly packumentCache full:https://registry.npmjs.org/@eslint%2feslintrc set size:undefined disposed:false
209 silly fetch manifest @eslint/plugin-kit@^0.4.1
210 silly packumentCache full:https://registry.npmjs.org/@eslint%2fplugin-kit cache-miss
211 http fetch GET 200 https://registry.npmjs.org/file-entry-cache 51ms (cache miss)
212 silly packumentCache full:https://registry.npmjs.org/file-entry-cache set size:undefined disposed:false
213 silly fetch manifest eslint-visitor-keys@^4.2.1
214 silly packumentCache full:https://registry.npmjs.org/eslint-visitor-keys cache-miss
215 http fetch GET 200 https://registry.npmjs.org/@eslint%2fplugin-kit 75ms (cache miss)
216 silly packumentCache full:https://registry.npmjs.org/@eslint%2fplugin-kit set size:undefined disposed:false
217 silly fetch manifest @eslint/config-array@^0.21.2
218 silly packumentCache full:https://registry.npmjs.org/@eslint%2fconfig-array cache-miss
219 http fetch GET 200 https://registry.npmjs.org/eslint-visitor-keys 72ms (cache miss)
220 silly packumentCache full:https://registry.npmjs.org/eslint-visitor-keys set size:undefined disposed:false
221 silly fetch manifest @humanwhocodes/retry@^0.4.2
222 silly packumentCache full:https://registry.npmjs.org/@humanwhocodes%2fretry cache-miss
223 http fetch GET 200 https://registry.npmjs.org/@humanfs%2fnode 229ms (cache miss)
224 silly packumentCache full:https://registry.npmjs.org/@humanfs%2fnode set size:undefined disposed:false
225 silly fetch manifest escape-string-regexp@^4.0.0
226 silly packumentCache full:https://registry.npmjs.org/escape-string-regexp cache-miss
227 http fetch GET 200 https://registry.npmjs.org/escape-string-regexp 37ms (cache miss)
228 silly packumentCache full:https://registry.npmjs.org/escape-string-regexp set size:undefined disposed:false
229 silly fetch manifest @eslint/config-helpers@^0.4.2
230 silly packumentCache full:https://registry.npmjs.org/@eslint%2fconfig-helpers cache-miss
231 http fetch GET 200 https://registry.npmjs.org/@humanwhocodes%2fretry 97ms (cache miss)
232 silly packumentCache full:https://registry.npmjs.org/@humanwhocodes%2fretry set size:undefined disposed:false
233 silly fetch manifest @eslint-community/regexpp@^4.12.1
234 silly packumentCache full:https://registry.npmjs.org/@eslint-community%2fregexpp cache-miss
235 http fetch GET 200 https://registry.npmjs.org/@eslint%2fconfig-helpers 64ms (cache miss)
236 silly packumentCache full:https://registry.npmjs.org/@eslint%2fconfig-helpers set size:undefined disposed:false
237 silly fetch manifest @eslint-community/eslint-utils@^4.8.0
238 silly packumentCache full:https://registry.npmjs.org/@eslint-community%2feslint-utils cache-miss
239 http fetch GET 200 https://registry.npmjs.org/@eslint-community%2fregexpp 60ms (cache miss)
240 silly packumentCache full:https://registry.npmjs.org/@eslint-community%2fregexpp set size:undefined disposed:false
241 silly fetch manifest @humanwhocodes/module-importer@^1.0.1
242 silly packumentCache full:https://registry.npmjs.org/@humanwhocodes%2fmodule-importer cache-miss
243 http fetch GET 200 https://registry.npmjs.org/@eslint-community%2feslint-utils 52ms (cache miss)
244 silly packumentCache full:https://registry.npmjs.org/@eslint-community%2feslint-utils set size:undefined disposed:false
245 silly fetch manifest json-stable-stringify-without-jsonify@^1.0.1
246 silly packumentCache full:https://registry.npmjs.org/json-stable-stringify-without-jsonify cache-miss
247 http fetch GET 200 https://registry.npmjs.org/@humanwhocodes%2fmodule-importer 60ms (cache miss)
248 silly packumentCache full:https://registry.npmjs.org/@humanwhocodes%2fmodule-importer set size:undefined disposed:false
249 silly fetch manifest globals@16.4.0
250 silly packumentCache full:https://registry.npmjs.org/globals cache-miss
251 http fetch GET 200 https://registry.npmjs.org/json-stable-stringify-without-jsonify 40ms (cache miss)
252 silly packumentCache full:https://registry.npmjs.org/json-stable-stringify-without-jsonify set size:undefined disposed:false
253 silly fetch manifest typescript-eslint@^8.46.0
254 silly packumentCache full:https://registry.npmjs.org/typescript-eslint cache-miss
255 http fetch GET 200 https://registry.npmjs.org/@eslint%2fconfig-array 231ms (cache miss)
256 silly packumentCache full:https://registry.npmjs.org/@eslint%2fconfig-array set size:undefined disposed:false
257 silly fetch manifest eslint-plugin-react@^7.37.0
258 silly packumentCache full:https://registry.npmjs.org/eslint-plugin-react cache-miss
259 http fetch GET 200 https://registry.npmjs.org/globals 56ms (cache miss)
260 silly packumentCache full:https://registry.npmjs.org/globals set size:undefined disposed:false
261 silly fetch manifest eslint-plugin-import@^2.32.0
262 silly packumentCache full:https://registry.npmjs.org/eslint-plugin-import cache-miss
263 http fetch GET 200 https://registry.npmjs.org/eslint-plugin-react 68ms (cache miss)
264 silly packumentCache full:https://registry.npmjs.org/eslint-plugin-react set size:undefined disposed:false
265 silly fetch manifest eslint-plugin-jsx-a11y@^6.10.0
266 silly packumentCache full:https://registry.npmjs.org/eslint-plugin-jsx-a11y cache-miss
267 http fetch GET 200 https://registry.npmjs.org/eslint-plugin-import 80ms (cache miss)
268 silly packumentCache full:https://registry.npmjs.org/eslint-plugin-import set size:undefined disposed:false
269 silly fetch manifest @next/eslint-plugin-next@16.2.6
270 silly packumentCache full:https://registry.npmjs.org/@next%2feslint-plugin-next cache-miss
271 http fetch GET 200 https://registry.npmjs.org/typescript-eslint 177ms (cache miss)
272 silly packumentCache full:https://registry.npmjs.org/typescript-eslint set size:undefined disposed:false
273 silly fetch manifest eslint-plugin-react-hooks@^7.0.0
274 silly packumentCache full:https://registry.npmjs.org/eslint-plugin-react-hooks cache-miss
275 http fetch GET 200 https://registry.npmjs.org/eslint-plugin-jsx-a11y 136ms (cache miss)
276 silly packumentCache full:https://registry.npmjs.org/eslint-plugin-jsx-a11y set size:undefined disposed:false
277 silly fetch manifest eslint-import-resolver-node@^0.3.6
278 silly packumentCache full:https://registry.npmjs.org/eslint-import-resolver-node cache-miss
279 http fetch GET 200 https://registry.npmjs.org/eslint-import-resolver-node 47ms (cache miss)
280 silly packumentCache full:https://registry.npmjs.org/eslint-import-resolver-node set size:undefined disposed:false
281 silly fetch manifest eslint-import-resolver-typescript@^3.5.2
282 silly packumentCache full:https://registry.npmjs.org/eslint-import-resolver-typescript cache-miss
283 http fetch GET 200 https://registry.npmjs.org/eslint-import-resolver-typescript 119ms (cache miss)
284 silly packumentCache full:https://registry.npmjs.org/eslint-import-resolver-typescript set size:undefined disposed:false
285 silly fetch manifest postcss@8.4.31
286 silly packumentCache full:https://registry.npmjs.org/postcss cache-miss
287 http cache https://registry.npmjs.org/postcss 10ms (cache hit)
288 silly packumentCache full:https://registry.npmjs.org/postcss set size:720302 disposed:false
289 silly fetch manifest @next/env@16.2.6
290 silly packumentCache full:https://registry.npmjs.org/@next%2fenv cache-miss
291 http fetch GET 200 https://registry.npmjs.org/eslint-plugin-react-hooks 582ms (cache miss)
292 silly packumentCache full:https://registry.npmjs.org/eslint-plugin-react-hooks set size:undefined disposed:false
293 silly fetch manifest styled-jsx@5.1.6
294 silly packumentCache full:https://registry.npmjs.org/styled-jsx cache-miss
295 http fetch GET 200 https://registry.npmjs.org/@next%2feslint-plugin-next 693ms (cache miss)
296 silly packumentCache full:https://registry.npmjs.org/@next%2feslint-plugin-next set size:undefined disposed:false
297 silly fetch manifest @swc/helpers@0.5.15
298 silly packumentCache full:https://registry.npmjs.org/@swc%2fhelpers cache-miss
299 http fetch GET 200 https://registry.npmjs.org/styled-jsx 97ms (cache miss)
300 silly packumentCache full:https://registry.npmjs.org/styled-jsx set size:undefined disposed:false
301 silly fetch manifest caniuse-lite@^1.0.30001579
302 silly packumentCache full:https://registry.npmjs.org/caniuse-lite cache-miss
303 http fetch GET 200 https://registry.npmjs.org/@swc%2fhelpers 100ms (cache miss)
304 silly packumentCache full:https://registry.npmjs.org/@swc%2fhelpers set size:undefined disposed:false
305 silly fetch manifest baseline-browser-mapping@^2.9.19
306 silly packumentCache full:https://registry.npmjs.org/baseline-browser-mapping cache-miss
307 http fetch GET 200 https://registry.npmjs.org/@next%2fenv 585ms (cache miss)
308 silly packumentCache full:https://registry.npmjs.org/@next%2fenv set size:undefined disposed:false
309 silly fetch manifest sharp@^0.34.5
310 silly packumentCache full:https://registry.npmjs.org/sharp cache-miss
311 http fetch GET 200 https://registry.npmjs.org/baseline-browser-mapping 74ms (cache miss)
312 silly packumentCache full:https://registry.npmjs.org/baseline-browser-mapping set size:undefined disposed:false
313 silly fetch manifest @next/swc-darwin-x64@16.2.6
314 silly packumentCache full:https://registry.npmjs.org/@next%2fswc-darwin-x64 cache-miss
315 http fetch GET 200 https://registry.npmjs.org/sharp 87ms (cache miss)
316 silly packumentCache full:https://registry.npmjs.org/sharp set size:undefined disposed:false
317 silly fetch manifest @next/swc-darwin-arm64@16.2.6
318 silly packumentCache full:https://registry.npmjs.org/@next%2fswc-darwin-arm64 cache-miss
319 http fetch GET 200 https://registry.npmjs.org/caniuse-lite 256ms (cache miss)
320 silly packumentCache full:https://registry.npmjs.org/caniuse-lite set size:undefined disposed:false
321 silly fetch manifest @next/swc-linux-x64-gnu@16.2.6
322 silly packumentCache full:https://registry.npmjs.org/@next%2fswc-linux-x64-gnu cache-miss
323 http fetch GET 200 https://registry.npmjs.org/@next%2fswc-darwin-arm64 495ms (cache miss)
324 silly packumentCache full:https://registry.npmjs.org/@next%2fswc-darwin-arm64 set size:undefined disposed:false
325 silly fetch manifest @next/swc-linux-x64-musl@16.2.6
326 silly packumentCache full:https://registry.npmjs.org/@next%2fswc-linux-x64-musl cache-miss
327 http fetch GET 200 https://registry.npmjs.org/@next%2fswc-linux-x64-gnu 501ms (cache miss)
328 silly packumentCache full:https://registry.npmjs.org/@next%2fswc-linux-x64-gnu set size:undefined disposed:false
329 silly fetch manifest @next/swc-win32-x64-msvc@16.2.6
330 silly packumentCache full:https://registry.npmjs.org/@next%2fswc-win32-x64-msvc cache-miss
331 http fetch GET 200 https://registry.npmjs.org/@next%2fswc-darwin-x64 677ms (cache miss)
332 silly packumentCache full:https://registry.npmjs.org/@next%2fswc-darwin-x64 set size:undefined disposed:false
333 silly fetch manifest @next/swc-linux-arm64-gnu@16.2.6
334 silly packumentCache full:https://registry.npmjs.org/@next%2fswc-linux-arm64-gnu cache-miss
335 http fetch GET 200 https://registry.npmjs.org/@next%2fswc-linux-x64-musl 299ms (cache miss)
336 silly packumentCache full:https://registry.npmjs.org/@next%2fswc-linux-x64-musl set size:undefined disposed:false
337 silly fetch manifest @next/swc-linux-arm64-musl@16.2.6
338 silly packumentCache full:https://registry.npmjs.org/@next%2fswc-linux-arm64-musl cache-miss
339 http fetch GET 200 https://registry.npmjs.org/@next%2fswc-linux-arm64-musl 442ms (cache miss)
340 silly packumentCache full:https://registry.npmjs.org/@next%2fswc-linux-arm64-musl set size:undefined disposed:false
341 silly fetch manifest @next/swc-win32-arm64-msvc@16.2.6
342 silly packumentCache full:https://registry.npmjs.org/@next%2fswc-win32-arm64-msvc cache-miss
343 http fetch GET 200 https://registry.npmjs.org/@next%2fswc-win32-x64-msvc 736ms (cache miss)
344 silly packumentCache full:https://registry.npmjs.org/@next%2fswc-win32-x64-msvc set size:undefined disposed:false
345 silly fetch manifest scheduler@^0.27.0
346 silly packumentCache full:https://registry.npmjs.org/scheduler cache-miss
347 http fetch GET 200 https://registry.npmjs.org/@next%2fswc-linux-arm64-gnu 811ms (cache miss)
348 silly packumentCache full:https://registry.npmjs.org/@next%2fswc-linux-arm64-gnu set size:undefined disposed:false
349 http fetch GET 200 https://registry.npmjs.org/@next%2fswc-win32-arm64-msvc 367ms (cache miss)
350 silly packumentCache full:https://registry.npmjs.org/@next%2fswc-win32-arm64-msvc set size:undefined disposed:false
351 http fetch GET 200 https://registry.npmjs.org/scheduler 450ms (cache miss)
352 silly packumentCache full:https://registry.npmjs.org/scheduler set size:undefined disposed:false
353 silly placeDep ROOT @alloc/quick-lru@5.2.0 OK for: @tailwindcss/postcss@4.3.0 want: ^5.2.0
354 silly placeDep ROOT @tailwindcss/node@4.3.0 OK for: @tailwindcss/postcss@4.3.0 want: 4.3.0
355 silly placeDep ROOT @tailwindcss/oxide@4.3.0 OK for: @tailwindcss/postcss@4.3.0 want: 4.3.0
356 silly placeDep ROOT postcss@8.5.14 OK for: @tailwindcss/postcss@4.3.0 want: ^8.5.10
357 silly fetch manifest jiti@^2.6.1
358 silly packumentCache full:https://registry.npmjs.org/jiti cache-miss
359 silly fetch manifest lightningcss@1.32.0
360 silly packumentCache full:https://registry.npmjs.org/lightningcss cache-miss
361 silly fetch manifest magic-string@^0.30.21
362 silly packumentCache full:https://registry.npmjs.org/magic-string cache-miss
363 http cache https://registry.npmjs.org/jiti 19ms (cache hit)
364 silly packumentCache full:https://registry.npmjs.org/jiti set size:387989 disposed:false
365 silly fetch manifest source-map-js@^1.2.1
366 silly packumentCache full:https://registry.npmjs.org/source-map-js cache-miss
367 http fetch GET 200 https://registry.npmjs.org/magic-string 52ms (cache miss)
368 silly packumentCache full:https://registry.npmjs.org/magic-string set size:undefined disposed:false
369 silly fetch manifest enhanced-resolve@^5.21.0
370 silly packumentCache full:https://registry.npmjs.org/enhanced-resolve cache-miss
371 http fetch GET 200 https://registry.npmjs.org/lightningcss 57ms (cache miss)
372 silly packumentCache full:https://registry.npmjs.org/lightningcss set size:undefined disposed:false
373 silly fetch manifest @jridgewell/remapping@^2.3.5
374 silly packumentCache full:https://registry.npmjs.org/@jridgewell%2fremapping cache-miss
375 http fetch GET 200 https://registry.npmjs.org/source-map-js 44ms (cache miss)
376 silly packumentCache full:https://registry.npmjs.org/source-map-js set size:undefined disposed:false
377 silly fetch manifest @tailwindcss/oxide-darwin-x64@4.3.0
378 silly packumentCache full:https://registry.npmjs.org/@tailwindcss%2foxide-darwin-x64 cache-miss
379 http fetch GET 200 https://registry.npmjs.org/@jridgewell%2fremapping 53ms (cache miss)
380 silly packumentCache full:https://registry.npmjs.org/@jridgewell%2fremapping set size:undefined disposed:false
381 silly fetch manifest @tailwindcss/oxide-freebsd-x64@4.3.0
382 silly packumentCache full:https://registry.npmjs.org/@tailwindcss%2foxide-freebsd-x64 cache-miss
383 http fetch GET 200 https://registry.npmjs.org/enhanced-resolve 82ms (cache miss)
384 silly packumentCache full:https://registry.npmjs.org/enhanced-resolve set size:undefined disposed:false
385 silly fetch manifest @tailwindcss/oxide-wasm32-wasi@4.3.0
386 silly packumentCache full:https://registry.npmjs.org/@tailwindcss%2foxide-wasm32-wasi cache-miss
387 http fetch GET 200 https://registry.npmjs.org/@tailwindcss%2foxide-darwin-x64 207ms (cache miss)
388 silly packumentCache full:https://registry.npmjs.org/@tailwindcss%2foxide-darwin-x64 set size:undefined disposed:false
389 silly fetch manifest @tailwindcss/oxide-darwin-arm64@4.3.0
390 silly packumentCache full:https://registry.npmjs.org/@tailwindcss%2foxide-darwin-arm64 cache-miss
391 http fetch GET 200 https://registry.npmjs.org/@tailwindcss%2foxide-wasm32-wasi 202ms (cache miss)
392 silly packumentCache full:https://registry.npmjs.org/@tailwindcss%2foxide-wasm32-wasi set size:undefined disposed:false
393 silly fetch manifest @tailwindcss/oxide-android-arm64@4.3.0
394 silly packumentCache full:https://registry.npmjs.org/@tailwindcss%2foxide-android-arm64 cache-miss
395 http fetch GET 200 https://registry.npmjs.org/@tailwindcss%2foxide-freebsd-x64 242ms (cache miss)
396 silly packumentCache full:https://registry.npmjs.org/@tailwindcss%2foxide-freebsd-x64 set size:undefined disposed:false
397 silly fetch manifest @tailwindcss/oxide-linux-x64-gnu@4.3.0
398 silly packumentCache full:https://registry.npmjs.org/@tailwindcss%2foxide-linux-x64-gnu cache-miss
399 http fetch GET 200 https://registry.npmjs.org/@tailwindcss%2foxide-darwin-arm64 181ms (cache miss)
400 silly packumentCache full:https://registry.npmjs.org/@tailwindcss%2foxide-darwin-arm64 set size:undefined disposed:false
401 silly fetch manifest @tailwindcss/oxide-linux-x64-musl@4.3.0
402 silly packumentCache full:https://registry.npmjs.org/@tailwindcss%2foxide-linux-x64-musl cache-miss
403 http fetch GET 200 https://registry.npmjs.org/@tailwindcss%2foxide-android-arm64 203ms (cache miss)
404 silly packumentCache full:https://registry.npmjs.org/@tailwindcss%2foxide-android-arm64 set size:undefined disposed:false
405 silly fetch manifest @tailwindcss/oxide-win32-x64-msvc@4.3.0
406 silly packumentCache full:https://registry.npmjs.org/@tailwindcss%2foxide-win32-x64-msvc cache-miss
407 http fetch GET 200 https://registry.npmjs.org/@tailwindcss%2foxide-linux-x64-musl 263ms (cache miss)
408 silly packumentCache full:https://registry.npmjs.org/@tailwindcss%2foxide-linux-x64-musl set size:undefined disposed:false
409 silly fetch manifest @tailwindcss/oxide-linux-arm64-gnu@4.3.0
410 silly packumentCache full:https://registry.npmjs.org/@tailwindcss%2foxide-linux-arm64-gnu cache-miss
411 http fetch GET 200 https://registry.npmjs.org/@tailwindcss%2foxide-linux-x64-gnu 415ms (cache miss)
412 silly packumentCache full:https://registry.npmjs.org/@tailwindcss%2foxide-linux-x64-gnu set size:undefined disposed:false
413 silly fetch manifest @tailwindcss/oxide-linux-arm64-musl@4.3.0
414 silly packumentCache full:https://registry.npmjs.org/@tailwindcss%2foxide-linux-arm64-musl cache-miss
415 http fetch GET 200 https://registry.npmjs.org/@tailwindcss%2foxide-win32-x64-msvc 333ms (cache miss)
416 silly packumentCache full:https://registry.npmjs.org/@tailwindcss%2foxide-win32-x64-msvc set size:undefined disposed:false
417 silly fetch manifest @tailwindcss/oxide-win32-arm64-msvc@4.3.0
418 silly packumentCache full:https://registry.npmjs.org/@tailwindcss%2foxide-win32-arm64-msvc cache-miss
419 http fetch GET 200 https://registry.npmjs.org/@tailwindcss%2foxide-linux-arm64-gnu 186ms (cache miss)
420 silly packumentCache full:https://registry.npmjs.org/@tailwindcss%2foxide-linux-arm64-gnu set size:undefined disposed:false
421 silly fetch manifest @tailwindcss/oxide-linux-arm-gnueabihf@4.3.0
422 silly packumentCache full:https://registry.npmjs.org/@tailwindcss%2foxide-linux-arm-gnueabihf cache-miss
423 http fetch GET 200 https://registry.npmjs.org/@tailwindcss%2foxide-linux-arm64-musl 274ms (cache miss)
424 silly packumentCache full:https://registry.npmjs.org/@tailwindcss%2foxide-linux-arm64-musl set size:undefined disposed:false
425 silly fetch manifest nanoid@^3.3.11
426 silly packumentCache full:https://registry.npmjs.org/nanoid cache-miss
427 http fetch GET 200 https://registry.npmjs.org/@tailwindcss%2foxide-win32-arm64-msvc 273ms (cache miss)
428 silly packumentCache full:https://registry.npmjs.org/@tailwindcss%2foxide-win32-arm64-msvc set size:undefined disposed:false
429 silly fetch manifest picocolors@^1.1.1
430 silly packumentCache full:https://registry.npmjs.org/picocolors cache-miss
431 http fetch GET 200 https://registry.npmjs.org/nanoid 128ms (cache miss)
432 silly packumentCache full:https://registry.npmjs.org/nanoid set size:undefined disposed:false
433 http fetch GET 200 https://registry.npmjs.org/@tailwindcss%2foxide-linux-arm-gnueabihf 258ms (cache miss)
434 silly packumentCache full:https://registry.npmjs.org/@tailwindcss%2foxide-linux-arm-gnueabihf set size:undefined disposed:false
435 http fetch GET 200 https://registry.npmjs.org/picocolors 55ms (cache miss)
436 silly packumentCache full:https://registry.npmjs.org/picocolors set size:undefined disposed:false
437 silly placeDep ROOT @jridgewell/remapping@2.3.5 OK for: @tailwindcss/node@4.3.0 want: ^2.3.5
438 silly placeDep ROOT enhanced-resolve@5.21.3 OK for: @tailwindcss/node@4.3.0 want: ^5.21.0
439 silly placeDep ROOT jiti@2.7.0 OK for: @tailwindcss/node@4.3.0 want: ^2.6.1
440 silly placeDep ROOT lightningcss@1.32.0 OK for: @tailwindcss/node@4.3.0 want: 1.32.0
441 silly placeDep ROOT magic-string@0.30.21 OK for: @tailwindcss/node@4.3.0 want: ^0.30.21
442 silly placeDep ROOT source-map-js@1.2.1 OK for: @tailwindcss/node@4.3.0 want: ^1.2.1
443 silly fetch manifest @jridgewell/gen-mapping@^0.3.5
444 silly packumentCache full:https://registry.npmjs.org/@jridgewell%2fgen-mapping cache-miss
445 silly fetch manifest @jridgewell/trace-mapping@^0.3.24
446 silly packumentCache full:https://registry.npmjs.org/@jridgewell%2ftrace-mapping cache-miss
447 silly fetch manifest graceful-fs@^4.2.4
448 silly packumentCache full:https://registry.npmjs.org/graceful-fs cache-miss
449 http fetch GET 200 https://registry.npmjs.org/graceful-fs 55ms (cache miss)
450 silly packumentCache full:https://registry.npmjs.org/graceful-fs set size:undefined disposed:false
451 silly fetch manifest tapable@^2.3.3
452 silly packumentCache full:https://registry.npmjs.org/tapable cache-miss
453 http fetch GET 200 https://registry.npmjs.org/@jridgewell%2ftrace-mapping 69ms (cache miss)
454 silly packumentCache full:https://registry.npmjs.org/@jridgewell%2ftrace-mapping set size:undefined disposed:false
455 silly fetch manifest detect-libc@^2.0.3
456 silly packumentCache full:https://registry.npmjs.org/detect-libc cache-miss
457 http fetch GET 200 https://registry.npmjs.org/@jridgewell%2fgen-mapping 113ms (cache miss)
458 silly packumentCache full:https://registry.npmjs.org/@jridgewell%2fgen-mapping set size:undefined disposed:false
459 silly fetch manifest lightningcss-darwin-x64@1.32.0
460 silly packumentCache full:https://registry.npmjs.org/lightningcss-darwin-x64 cache-miss
461 http fetch GET 200 https://registry.npmjs.org/detect-libc 44ms (cache miss)
462 silly packumentCache full:https://registry.npmjs.org/detect-libc set size:undefined disposed:false
463 silly fetch manifest lightningcss-linux-x64-gnu@1.32.0
464 silly packumentCache full:https://registry.npmjs.org/lightningcss-linux-x64-gnu cache-miss
465 http fetch GET 200 https://registry.npmjs.org/tapable 63ms (cache miss)
466 silly packumentCache full:https://registry.npmjs.org/tapable set size:undefined disposed:false
467 silly fetch manifest lightningcss-win32-x64-msvc@1.32.0
468 silly packumentCache full:https://registry.npmjs.org/lightningcss-win32-x64-msvc cache-miss
469 http fetch GET 200 https://registry.npmjs.org/lightningcss-darwin-x64 44ms (cache miss)
470 silly packumentCache full:https://registry.npmjs.org/lightningcss-darwin-x64 set size:undefined disposed:false
471 silly fetch manifest lightningcss-win32-arm64-msvc@1.32.0
472 silly packumentCache full:https://registry.npmjs.org/lightningcss-win32-arm64-msvc cache-miss
473 http fetch GET 200 https://registry.npmjs.org/lightningcss-linux-x64-gnu 46ms (cache miss)
474 silly packumentCache full:https://registry.npmjs.org/lightningcss-linux-x64-gnu set size:undefined disposed:false
475 silly fetch manifest lightningcss-darwin-arm64@1.32.0
476 silly packumentCache full:https://registry.npmjs.org/lightningcss-darwin-arm64 cache-miss
477 http fetch GET 200 https://registry.npmjs.org/lightningcss-win32-x64-msvc 48ms (cache miss)
478 silly packumentCache full:https://registry.npmjs.org/lightningcss-win32-x64-msvc set size:undefined disposed:false
479 silly fetch manifest lightningcss-linux-arm64-gnu@1.32.0
480 silly packumentCache full:https://registry.npmjs.org/lightningcss-linux-arm64-gnu cache-miss
481 http fetch GET 200 https://registry.npmjs.org/lightningcss-win32-arm64-msvc 45ms (cache miss)
482 silly packumentCache full:https://registry.npmjs.org/lightningcss-win32-arm64-msvc set size:undefined disposed:false
483 silly fetch manifest lightningcss-linux-arm-gnueabihf@1.32.0
484 silly packumentCache full:https://registry.npmjs.org/lightningcss-linux-arm-gnueabihf cache-miss
485 http fetch GET 200 https://registry.npmjs.org/lightningcss-darwin-arm64 45ms (cache miss)
486 silly packumentCache full:https://registry.npmjs.org/lightningcss-darwin-arm64 set size:undefined disposed:false
487 silly fetch manifest lightningcss-linux-arm64-musl@1.32.0
488 silly packumentCache full:https://registry.npmjs.org/lightningcss-linux-arm64-musl cache-miss
489 http fetch GET 200 https://registry.npmjs.org/lightningcss-linux-arm64-gnu 54ms (cache miss)
490 silly packumentCache full:https://registry.npmjs.org/lightningcss-linux-arm64-gnu set size:undefined disposed:false
491 silly fetch manifest lightningcss-linux-x64-musl@1.32.0
492 silly packumentCache full:https://registry.npmjs.org/lightningcss-linux-x64-musl cache-miss
493 http fetch GET 200 https://registry.npmjs.org/lightningcss-linux-arm-gnueabihf 44ms (cache miss)
494 silly packumentCache full:https://registry.npmjs.org/lightningcss-linux-arm-gnueabihf set size:undefined disposed:false
495 silly fetch manifest lightningcss-freebsd-x64@1.32.0
496 silly packumentCache full:https://registry.npmjs.org/lightningcss-freebsd-x64 cache-miss
497 http fetch GET 200 https://registry.npmjs.org/lightningcss-linux-arm64-musl 44ms (cache miss)
498 silly packumentCache full:https://registry.npmjs.org/lightningcss-linux-arm64-musl set size:undefined disposed:false
499 silly fetch manifest lightningcss-android-arm64@1.32.0
500 silly packumentCache full:https://registry.npmjs.org/lightningcss-android-arm64 cache-miss
501 http fetch GET 200 https://registry.npmjs.org/lightningcss-linux-x64-musl 46ms (cache miss)
502 silly packumentCache full:https://registry.npmjs.org/lightningcss-linux-x64-musl set size:undefined disposed:false
503 silly fetch manifest @jridgewell/sourcemap-codec@^1.5.5
504 silly packumentCache full:https://registry.npmjs.org/@jridgewell%2fsourcemap-codec cache-miss
505 http fetch GET 200 https://registry.npmjs.org/lightningcss-freebsd-x64 38ms (cache miss)
506 silly packumentCache full:https://registry.npmjs.org/lightningcss-freebsd-x64 set size:undefined disposed:false
507 http fetch GET 200 https://registry.npmjs.org/@jridgewell%2fsourcemap-codec 55ms (cache miss)
508 silly packumentCache full:https://registry.npmjs.org/@jridgewell%2fsourcemap-codec set size:undefined disposed:false
509 http fetch GET 200 https://registry.npmjs.org/lightningcss-android-arm64 198ms (cache miss)
510 silly packumentCache full:https://registry.npmjs.org/lightningcss-android-arm64 set size:undefined disposed:false
511 silly placeDep ROOT @jridgewell/gen-mapping@0.3.13 OK for: @jridgewell/remapping@2.3.5 want: ^0.3.5
512 silly placeDep ROOT @jridgewell/trace-mapping@0.3.31 OK for: @jridgewell/remapping@2.3.5 want: ^0.3.24
513 silly fetch manifest @jridgewell/sourcemap-codec@^1.5.0
514 silly packumentCache full:https://registry.npmjs.org/@jridgewell%2fsourcemap-codec cache-miss
515 silly fetch manifest @jridgewell/resolve-uri@^3.1.0
516 silly packumentCache full:https://registry.npmjs.org/@jridgewell%2fresolve-uri cache-miss
517 silly fetch manifest @jridgewell/sourcemap-codec@^1.4.14
518 silly packumentCache full:https://registry.npmjs.org/@jridgewell%2fsourcemap-codec cache-miss
519 http cache https://registry.npmjs.org/@jridgewell%2fsourcemap-codec 8ms (cache hit)
520 silly packumentCache full:https://registry.npmjs.org/@jridgewell%2fsourcemap-codec set size:59275 disposed:false
521 http cache https://registry.npmjs.org/@jridgewell%2fsourcemap-codec 10ms (cache hit)
522 silly packumentCache full:https://registry.npmjs.org/@jridgewell%2fsourcemap-codec set size:59275 disposed:false
523 silly packumentCache full:https://registry.npmjs.org/@jridgewell%2fsourcemap-codec dispose
524 http fetch GET 200 https://registry.npmjs.org/@jridgewell%2fresolve-uri 50ms (cache miss)
525 silly packumentCache full:https://registry.npmjs.org/@jridgewell%2fresolve-uri set size:undefined disposed:false
526 silly placeDep ROOT @jridgewell/sourcemap-codec@1.5.5 OK for: @jridgewell/gen-mapping@0.3.13 want: ^1.5.0
527 silly placeDep ROOT @jridgewell/resolve-uri@3.1.2 OK for: @jridgewell/trace-mapping@0.3.31 want: ^3.1.0
528 silly placeDep ROOT @tailwindcss/oxide-android-arm64@4.3.0 OK for: @tailwindcss/oxide@4.3.0 want: 4.3.0
529 silly placeDep ROOT @tailwindcss/oxide-darwin-arm64@4.3.0 OK for: @tailwindcss/oxide@4.3.0 want: 4.3.0
530 silly placeDep ROOT @tailwindcss/oxide-darwin-x64@4.3.0 OK for: @tailwindcss/oxide@4.3.0 want: 4.3.0
531 silly placeDep ROOT @tailwindcss/oxide-freebsd-x64@4.3.0 OK for: @tailwindcss/oxide@4.3.0 want: 4.3.0
532 silly placeDep ROOT @tailwindcss/oxide-linux-arm-gnueabihf@4.3.0 OK for: @tailwindcss/oxide@4.3.0 want: 4.3.0
533 silly placeDep ROOT @tailwindcss/oxide-linux-arm64-gnu@4.3.0 OK for: @tailwindcss/oxide@4.3.0 want: 4.3.0
534 silly placeDep ROOT @tailwindcss/oxide-linux-arm64-musl@4.3.0 OK for: @tailwindcss/oxide@4.3.0 want: 4.3.0
535 silly placeDep ROOT @tailwindcss/oxide-linux-x64-gnu@4.3.0 OK for: @tailwindcss/oxide@4.3.0 want: 4.3.0
536 silly placeDep ROOT @tailwindcss/oxide-linux-x64-musl@4.3.0 OK for: @tailwindcss/oxide@4.3.0 want: 4.3.0
537 silly placeDep ROOT @tailwindcss/oxide-wasm32-wasi@4.3.0 OK for: @tailwindcss/oxide@4.3.0 want: 4.3.0
538 silly placeDep ROOT @tailwindcss/oxide-win32-arm64-msvc@4.3.0 OK for: @tailwindcss/oxide@4.3.0 want: 4.3.0
539 silly placeDep ROOT @tailwindcss/oxide-win32-x64-msvc@4.3.0 OK for: @tailwindcss/oxide@4.3.0 want: 4.3.0
540 silly placeDep ROOT undici-types@6.21.0 OK for: @types/node@20.19.41 want: ~6.21.0
541 silly placeDep ROOT csstype@3.2.3 OK for: @types/react@19.2.14 want: ^3.2.2
542 silly placeDep ROOT graceful-fs@4.2.11 OK for: enhanced-resolve@5.21.3 want: ^4.2.4
543 silly placeDep ROOT tapable@2.3.3 OK for: enhanced-resolve@5.21.3 want: ^2.3.3
544 silly fetch manifest eslint@^6.0.0 || ^7.0.0 || >=8.0.0
545 silly packumentCache full:https://registry.npmjs.org/eslint cache-miss
546 http cache https://registry.npmjs.org/eslint 7ms (cache hit)
547 silly packumentCache full:https://registry.npmjs.org/eslint set size:1997485 disposed:false
548 silly placeDep ROOT @eslint-community/eslint-utils@4.9.1 OK for: eslint@9.39.4 want: ^4.8.0
549 silly placeDep ROOT @eslint-community/regexpp@4.12.2 OK for: eslint@9.39.4 want: ^4.12.1
550 silly placeDep ROOT @eslint/config-array@0.21.2 OK for: eslint@9.39.4 want: ^0.21.2
551 silly placeDep ROOT @eslint/config-helpers@0.4.2 OK for: eslint@9.39.4 want: ^0.4.2
552 silly placeDep ROOT @eslint/core@0.17.0 OK for: eslint@9.39.4 want: ^0.17.0
553 silly placeDep ROOT @eslint/eslintrc@3.3.5 OK for: eslint@9.39.4 want: ^3.3.5
554 silly placeDep ROOT @eslint/js@9.39.4 OK for: eslint@9.39.4 want: 9.39.4
555 silly placeDep ROOT @eslint/plugin-kit@0.4.1 OK for: eslint@9.39.4 want: ^0.4.1
556 silly placeDep ROOT @humanfs/node@0.16.8 OK for: eslint@9.39.4 want: ^0.16.6
557 silly placeDep ROOT @humanwhocodes/module-importer@1.0.1 OK for: eslint@9.39.4 want: ^1.0.1
558 silly placeDep ROOT @humanwhocodes/retry@0.4.3 OK for: eslint@9.39.4 want: ^0.4.2
559 silly placeDep ROOT @types/estree@1.0.9 OK for: eslint@9.39.4 want: ^1.0.6
560 silly placeDep ROOT ajv@6.15.0 OK for: eslint@9.39.4 want: ^6.14.0
561 silly placeDep ROOT chalk@4.1.2 OK for: eslint@9.39.4 want: ^4.0.0
562 silly placeDep ROOT cross-spawn@7.0.6 OK for: eslint@9.39.4 want: ^7.0.6
563 silly placeDep ROOT debug@4.4.3 OK for: eslint@9.39.4 want: ^4.3.2
564 silly placeDep ROOT escape-string-regexp@4.0.0 OK for: eslint@9.39.4 want: ^4.0.0
565 silly placeDep ROOT eslint-scope@8.4.0 OK for: eslint@9.39.4 want: ^8.4.0
566 silly placeDep ROOT eslint-visitor-keys@4.2.1 OK for: eslint@9.39.4 want: ^4.2.1
567 silly placeDep ROOT espree@10.4.0 OK for: eslint@9.39.4 want: ^10.4.0
568 silly placeDep ROOT esquery@1.7.0 OK for: eslint@9.39.4 want: ^1.5.0
569 silly placeDep ROOT esutils@2.0.3 OK for: eslint@9.39.4 want: ^2.0.2
570 silly placeDep ROOT fast-deep-equal@3.1.3 OK for: eslint@9.39.4 want: ^3.1.3
571 silly placeDep ROOT file-entry-cache@8.0.0 OK for: eslint@9.39.4 want: ^8.0.0
572 silly placeDep ROOT find-up@5.0.0 OK for: eslint@9.39.4 want: ^5.0.0
573 silly placeDep ROOT glob-parent@6.0.2 OK for: eslint@9.39.4 want: ^6.0.2
574 silly placeDep ROOT ignore@5.3.2 OK for: eslint@9.39.4 want: ^5.2.0
575 silly placeDep ROOT imurmurhash@0.1.4 OK for: eslint@9.39.4 want: ^0.1.4
576 silly placeDep ROOT is-glob@4.0.3 OK for: eslint@9.39.4 want: ^4.0.0
577 silly placeDep ROOT json-stable-stringify-without-jsonify@1.0.1 OK for: eslint@9.39.4 want: ^1.0.1
578 silly placeDep ROOT lodash.merge@4.6.2 OK for: eslint@9.39.4 want: ^4.6.2
579 silly placeDep ROOT minimatch@3.1.5 OK for: eslint@9.39.4 want: ^3.1.5
580 silly placeDep ROOT natural-compare@1.4.0 OK for: eslint@9.39.4 want: ^1.4.0
581 silly placeDep ROOT optionator@0.9.4 OK for: eslint@9.39.4 want: ^0.9.3
582 silly fetch manifest eslint-visitor-keys@^3.4.3
583 silly packumentCache full:https://registry.npmjs.org/eslint-visitor-keys cache-miss
584 silly fetch manifest debug@^4.3.1
585 silly packumentCache full:https://registry.npmjs.org/debug cache-miss
586 silly fetch manifest @eslint/object-schema@^2.1.7
587 silly packumentCache full:https://registry.npmjs.org/@eslint%2fobject-schema cache-miss
588 http cache https://registry.npmjs.org/eslint-visitor-keys 17ms (cache hit)
589 silly packumentCache full:https://registry.npmjs.org/eslint-visitor-keys set size:69949 disposed:false
590 silly fetch manifest @types/json-schema@^7.0.15
591 silly packumentCache full:https://registry.npmjs.org/@types%2fjson-schema cache-miss
592 http cache https://registry.npmjs.org/debug 19ms (cache hit)
593 silly packumentCache full:https://registry.npmjs.org/debug set size:195840 disposed:false
594 silly fetch manifest espree@^10.0.1
595 silly packumentCache full:https://registry.npmjs.org/espree cache-miss
596 http cache https://registry.npmjs.org/espree 5ms (cache hit)
597 silly packumentCache full:https://registry.npmjs.org/espree set size:326080 disposed:false
598 silly fetch manifest globals@^14.0.0
599 silly packumentCache full:https://registry.npmjs.org/globals cache-miss
600 http cache https://registry.npmjs.org/globals 5ms (cache hit)
601 silly packumentCache full:https://registry.npmjs.org/globals set size:315985 disposed:false
602 silly fetch manifest import-fresh@^3.2.1
603 silly packumentCache full:https://registry.npmjs.org/import-fresh cache-miss
604 http fetch GET 200 https://registry.npmjs.org/@types%2fjson-schema 56ms (cache miss)
605 silly packumentCache full:https://registry.npmjs.org/@types%2fjson-schema set size:undefined disposed:false
606 silly fetch manifest js-yaml@^4.1.1
607 silly packumentCache full:https://registry.npmjs.org/js-yaml cache-miss
608 http fetch GET 200 https://registry.npmjs.org/@eslint%2fobject-schema 79ms (cache miss)
609 silly packumentCache full:https://registry.npmjs.org/@eslint%2fobject-schema set size:undefined disposed:false
610 silly fetch manifest strip-json-comments@^3.1.1
611 silly packumentCache full:https://registry.npmjs.org/strip-json-comments cache-miss
612 http fetch GET 200 https://registry.npmjs.org/import-fresh 44ms (cache miss)
613 silly packumentCache full:https://registry.npmjs.org/import-fresh set size:undefined disposed:false
614 silly fetch manifest levn@^0.4.1
615 silly packumentCache full:https://registry.npmjs.org/levn cache-miss
616 http fetch GET 200 https://registry.npmjs.org/levn 53ms (cache miss)
617 silly packumentCache full:https://registry.npmjs.org/levn set size:undefined disposed:false
618 silly fetch manifest @humanwhocodes/retry@^0.4.0
619 silly packumentCache full:https://registry.npmjs.org/@humanwhocodes%2fretry cache-miss
620 http fetch GET 200 https://registry.npmjs.org/strip-json-comments 58ms (cache miss)
621 silly packumentCache full:https://registry.npmjs.org/strip-json-comments set size:undefined disposed:false
622 silly fetch manifest @humanfs/core@^0.19.2
623 silly packumentCache full:https://registry.npmjs.org/@humanfs%2fcore cache-miss
624 http fetch GET 200 https://registry.npmjs.org/js-yaml 67ms (cache miss)
625 silly packumentCache full:https://registry.npmjs.org/js-yaml set size:undefined disposed:false
626 silly fetch manifest @humanfs/types@^0.15.0
627 silly packumentCache full:https://registry.npmjs.org/@humanfs%2ftypes cache-miss
628 http cache https://registry.npmjs.org/@humanwhocodes%2fretry 13ms (cache hit)
629 silly packumentCache full:https://registry.npmjs.org/@humanwhocodes%2fretry set size:42348 disposed:false
630 silly fetch manifest uri-js@^4.2.2
631 silly packumentCache full:https://registry.npmjs.org/uri-js cache-miss
632 http fetch GET 200 https://registry.npmjs.org/@humanfs%2fcore 62ms (cache miss)
633 silly packumentCache full:https://registry.npmjs.org/@humanfs%2fcore set size:undefined disposed:false
634 silly fetch manifest fast-deep-equal@^3.1.1
635 silly packumentCache full:https://registry.npmjs.org/fast-deep-equal cache-miss
636 http fetch GET 200 https://registry.npmjs.org/uri-js 57ms (cache miss)
637 silly packumentCache full:https://registry.npmjs.org/uri-js set size:undefined disposed:false
638 silly fetch manifest json-schema-traverse@^0.4.1
639 silly packumentCache full:https://registry.npmjs.org/json-schema-traverse cache-miss
640 http cache https://registry.npmjs.org/fast-deep-equal 10ms (cache hit)
641 silly packumentCache full:https://registry.npmjs.org/fast-deep-equal set size:48634 disposed:false
642 silly fetch manifest fast-json-stable-stringify@^2.0.0
643 silly packumentCache full:https://registry.npmjs.org/fast-json-stable-stringify cache-miss
644 http fetch GET 200 https://registry.npmjs.org/json-schema-traverse 53ms (cache miss)
645 silly packumentCache full:https://registry.npmjs.org/json-schema-traverse set size:undefined disposed:false
646 silly fetch manifest ansi-styles@^4.1.0
647 silly packumentCache full:https://registry.npmjs.org/ansi-styles cache-miss
648 http fetch GET 200 https://registry.npmjs.org/fast-json-stable-stringify 56ms (cache miss)
649 silly packumentCache full:https://registry.npmjs.org/fast-json-stable-stringify set size:undefined disposed:false
650 silly fetch manifest supports-color@^7.1.0
651 silly packumentCache full:https://registry.npmjs.org/supports-color cache-miss
652 http fetch GET 200 https://registry.npmjs.org/ansi-styles 57ms (cache miss)
653 silly packumentCache full:https://registry.npmjs.org/ansi-styles set size:undefined disposed:false
654 silly fetch manifest which@^2.0.1
655 silly packumentCache full:https://registry.npmjs.org/which cache-miss
656 http fetch GET 200 https://registry.npmjs.org/supports-color 59ms (cache miss)
657 silly packumentCache full:https://registry.npmjs.org/supports-color set size:undefined disposed:false
658 silly fetch manifest path-key@^3.1.0
659 silly packumentCache full:https://registry.npmjs.org/path-key cache-miss
660 http fetch GET 200 https://registry.npmjs.org/@humanfs%2ftypes 217ms (cache miss)
661 silly packumentCache full:https://registry.npmjs.org/@humanfs%2ftypes set size:undefined disposed:false
662 silly fetch manifest shebang-command@^2.0.0
663 silly packumentCache full:https://registry.npmjs.org/shebang-command cache-miss
664 http fetch GET 200 https://registry.npmjs.org/which 46ms (cache miss)
665 silly packumentCache full:https://registry.npmjs.org/which set size:undefined disposed:false
666 silly fetch manifest ms@^2.1.3
667 silly packumentCache full:https://registry.npmjs.org/ms cache-miss
668 http fetch GET 200 https://registry.npmjs.org/path-key 45ms (cache miss)
669 silly packumentCache full:https://registry.npmjs.org/path-key set size:undefined disposed:false
670 silly fetch manifest esrecurse@^4.3.0
671 silly packumentCache full:https://registry.npmjs.org/esrecurse cache-miss
672 http fetch GET 200 https://registry.npmjs.org/shebang-command 38ms (cache miss)
673 silly packumentCache full:https://registry.npmjs.org/shebang-command set size:undefined disposed:false
674 silly fetch manifest estraverse@^5.2.0
675 silly packumentCache full:https://registry.npmjs.org/estraverse cache-miss
676 http fetch GET 200 https://registry.npmjs.org/ms 40ms (cache miss)
677 silly packumentCache full:https://registry.npmjs.org/ms set size:undefined disposed:false
678 silly fetch manifest acorn@^8.15.0
679 silly packumentCache full:https://registry.npmjs.org/acorn cache-miss
680 http fetch GET 200 https://registry.npmjs.org/esrecurse 47ms (cache miss)
681 silly packumentCache full:https://registry.npmjs.org/esrecurse set size:undefined disposed:false
682 silly fetch manifest acorn-jsx@^5.3.2
683 silly packumentCache full:https://registry.npmjs.org/acorn-jsx cache-miss
684 http fetch GET 200 https://registry.npmjs.org/estraverse 43ms (cache miss)
685 silly packumentCache full:https://registry.npmjs.org/estraverse set size:undefined disposed:false
686 silly fetch manifest estraverse@^5.1.0
687 silly packumentCache full:https://registry.npmjs.org/estraverse cache-miss
688 http cache https://registry.npmjs.org/estraverse 4ms (cache hit)
689 silly packumentCache full:https://registry.npmjs.org/estraverse set size:62412 disposed:false
690 silly fetch manifest flat-cache@^4.0.0
691 silly packumentCache full:https://registry.npmjs.org/flat-cache cache-miss
692 http fetch GET 200 https://registry.npmjs.org/acorn 60ms (cache miss)
693 silly packumentCache full:https://registry.npmjs.org/acorn set size:undefined disposed:false
694 silly fetch manifest locate-path@^6.0.0
695 silly packumentCache full:https://registry.npmjs.org/locate-path cache-miss
696 http fetch GET 200 https://registry.npmjs.org/acorn-jsx 55ms (cache miss)
697 silly packumentCache full:https://registry.npmjs.org/acorn-jsx set size:undefined disposed:false
698 silly fetch manifest path-exists@^4.0.0
699 silly packumentCache full:https://registry.npmjs.org/path-exists cache-miss
700 http fetch GET 200 https://registry.npmjs.org/flat-cache 59ms (cache miss)
701 silly packumentCache full:https://registry.npmjs.org/flat-cache set size:undefined disposed:false
702 silly fetch manifest is-glob@^4.0.3
703 silly packumentCache full:https://registry.npmjs.org/is-glob cache-miss
704 http cache https://registry.npmjs.org/is-glob 5ms (cache hit)
705 silly packumentCache full:https://registry.npmjs.org/is-glob set size:40530 disposed:false
706 silly fetch manifest is-extglob@^2.1.1
707 silly packumentCache full:https://registry.npmjs.org/is-extglob cache-miss
708 http fetch GET 200 https://registry.npmjs.org/path-exists 39ms (cache miss)
709 silly packumentCache full:https://registry.npmjs.org/path-exists set size:undefined disposed:false
710 silly fetch manifest brace-expansion@^1.1.7
711 silly packumentCache full:https://registry.npmjs.org/brace-expansion cache-miss
712 http fetch GET 200 https://registry.npmjs.org/locate-path 50ms (cache miss)
713 silly packumentCache full:https://registry.npmjs.org/locate-path set size:undefined disposed:false
714 silly fetch manifest prelude-ls@^1.2.1
715 silly packumentCache full:https://registry.npmjs.org/prelude-ls cache-miss
716 http fetch GET 200 https://registry.npmjs.org/is-extglob 41ms (cache miss)
717 silly packumentCache full:https://registry.npmjs.org/is-extglob set size:undefined disposed:false
718 silly fetch manifest deep-is@^0.1.3
719 silly packumentCache full:https://registry.npmjs.org/deep-is cache-miss
720 http fetch GET 200 https://registry.npmjs.org/brace-expansion 43ms (cache miss)
721 silly packumentCache full:https://registry.npmjs.org/brace-expansion set size:undefined disposed:false
722 silly fetch manifest word-wrap@^1.2.5
723 silly packumentCache full:https://registry.npmjs.org/word-wrap cache-miss
724 http fetch GET 200 https://registry.npmjs.org/prelude-ls 44ms (cache miss)
725 silly packumentCache full:https://registry.npmjs.org/prelude-ls set size:undefined disposed:false
726 silly fetch manifest type-check@^0.4.0
727 silly packumentCache full:https://registry.npmjs.org/type-check cache-miss
728 http fetch GET 200 https://registry.npmjs.org/deep-is 40ms (cache miss)
729 silly packumentCache full:https://registry.npmjs.org/deep-is set size:undefined disposed:false
730 silly fetch manifest fast-levenshtein@^2.0.6
731 silly packumentCache full:https://registry.npmjs.org/fast-levenshtein cache-miss
732 http fetch GET 200 https://registry.npmjs.org/word-wrap 40ms (cache miss)
733 silly packumentCache full:https://registry.npmjs.org/word-wrap set size:undefined disposed:false
734 http fetch GET 200 https://registry.npmjs.org/type-check 38ms (cache miss)
735 silly packumentCache full:https://registry.npmjs.org/type-check set size:undefined disposed:false
736 http fetch GET 200 https://registry.npmjs.org/fast-levenshtein 42ms (cache miss)
737 silly packumentCache full:https://registry.npmjs.org/fast-levenshtein set size:undefined disposed:false
738 silly placeDep node_modules/@eslint-community/eslint-utils eslint-visitor-keys@3.4.3 OK for: @eslint-community/eslint-utils@4.9.1 want: ^3.4.3
739 silly placeDep ROOT @eslint/object-schema@2.1.7 OK for: @eslint/config-array@0.21.2 want: ^2.1.7
740 silly placeDep ROOT @types/json-schema@7.0.15 OK for: @eslint/core@0.17.0 want: ^7.0.15
741 silly placeDep ROOT globals@14.0.0 OK for: @eslint/eslintrc@3.3.5 want: ^14.0.0
742 silly placeDep ROOT import-fresh@3.3.1 OK for: @eslint/eslintrc@3.3.5 want: ^3.2.1
743 silly placeDep ROOT js-yaml@4.1.1 OK for: @eslint/eslintrc@3.3.5 want: ^4.1.1
744 silly placeDep ROOT strip-json-comments@3.1.1 OK for: @eslint/eslintrc@3.3.5 want: ^3.1.1
745 silly fetch manifest resolve-from@^4.0.0
746 silly packumentCache full:https://registry.npmjs.org/resolve-from cache-miss
747 silly fetch manifest parent-module@^1.0.0
748 silly packumentCache full:https://registry.npmjs.org/parent-module cache-miss
749 silly fetch manifest argparse@^2.0.1
750 silly packumentCache full:https://registry.npmjs.org/argparse cache-miss
751 http fetch GET 200 https://registry.npmjs.org/argparse 41ms (cache miss)
752 silly packumentCache full:https://registry.npmjs.org/argparse set size:undefined disposed:false
753 http fetch GET 200 https://registry.npmjs.org/resolve-from 43ms (cache miss)
754 silly packumentCache full:https://registry.npmjs.org/resolve-from set size:undefined disposed:false
755 http fetch GET 200 https://registry.npmjs.org/parent-module 45ms (cache miss)
756 silly packumentCache full:https://registry.npmjs.org/parent-module set size:undefined disposed:false
757 silly placeDep ROOT levn@0.4.1 OK for: @eslint/plugin-kit@0.4.1 want: ^0.4.1
758 silly fetch manifest type-check@~0.4.0
759 silly packumentCache full:https://registry.npmjs.org/type-check cache-miss
760 http cache https://registry.npmjs.org/type-check 5ms (cache hit)
761 silly packumentCache full:https://registry.npmjs.org/type-check set size:21221 disposed:false
762 silly placeDep ROOT @humanfs/core@0.19.2 OK for: @humanfs/node@0.16.8 want: ^0.19.2
763 silly placeDep ROOT @humanfs/types@0.15.0 OK for: @humanfs/node@0.16.8 want: ^0.15.0
764 silly placeDep ROOT fast-json-stable-stringify@2.1.0 OK for: ajv@6.15.0 want: ^2.0.0
765 silly placeDep ROOT json-schema-traverse@0.4.1 OK for: ajv@6.15.0 want: ^0.4.1
766 silly placeDep ROOT uri-js@4.4.1 OK for: ajv@6.15.0 want: ^4.2.2
767 silly fetch manifest punycode@^2.1.0
768 silly packumentCache full:https://registry.npmjs.org/punycode cache-miss
769 http fetch GET 200 https://registry.npmjs.org/punycode 41ms (cache miss)
770 silly packumentCache full:https://registry.npmjs.org/punycode set size:undefined disposed:false
771 silly placeDep ROOT ansi-styles@4.3.0 OK for: chalk@4.1.2 want: ^4.1.0
772 silly placeDep ROOT supports-color@7.2.0 OK for: chalk@4.1.2 want: ^7.1.0
773 silly fetch manifest color-convert@^2.0.1
774 silly packumentCache full:https://registry.npmjs.org/color-convert cache-miss
775 silly fetch manifest has-flag@^4.0.0
776 silly packumentCache full:https://registry.npmjs.org/has-flag cache-miss
777 http fetch GET 200 https://registry.npmjs.org/color-convert 41ms (cache miss)
778 silly packumentCache full:https://registry.npmjs.org/color-convert set size:undefined disposed:false
779 http fetch GET 200 https://registry.npmjs.org/has-flag 43ms (cache miss)
780 silly packumentCache full:https://registry.npmjs.org/has-flag set size:undefined disposed:false
781 silly placeDep ROOT color-convert@2.0.1 OK for: ansi-styles@4.3.0 want: ^2.0.1
782 silly fetch manifest color-name@~1.1.4
783 silly packumentCache full:https://registry.npmjs.org/color-name cache-miss
784 http fetch GET 200 https://registry.npmjs.org/color-name 39ms (cache miss)
785 silly packumentCache full:https://registry.npmjs.org/color-name set size:undefined disposed:false
786 silly placeDep ROOT color-name@1.1.4 OK for: color-convert@2.0.1 want: ~1.1.4
787 silly placeDep ROOT path-key@3.1.1 OK for: cross-spawn@7.0.6 want: ^3.1.0
788 silly placeDep ROOT shebang-command@2.0.0 OK for: cross-spawn@7.0.6 want: ^2.0.0
789 silly placeDep ROOT which@2.0.2 OK for: cross-spawn@7.0.6 want: ^2.0.1
790 silly fetch manifest shebang-regex@^3.0.0
791 silly packumentCache full:https://registry.npmjs.org/shebang-regex cache-miss
792 silly fetch manifest isexe@^2.0.0
793 silly packumentCache full:https://registry.npmjs.org/isexe cache-miss
794 http fetch GET 200 https://registry.npmjs.org/shebang-regex 40ms (cache miss)
795 silly packumentCache full:https://registry.npmjs.org/shebang-regex set size:undefined disposed:false
796 http fetch GET 200 https://registry.npmjs.org/isexe 48ms (cache miss)
797 silly packumentCache full:https://registry.npmjs.org/isexe set size:undefined disposed:false
798 silly placeDep ROOT ms@2.1.3 OK for: debug@4.4.3 want: ^2.1.3
799 silly fetch manifest eslint@>=9.0.0
800 silly packumentCache full:https://registry.npmjs.org/eslint cache-miss
801 http cache https://registry.npmjs.org/eslint 8ms (cache hit)
802 silly packumentCache full:https://registry.npmjs.org/eslint set size:1997485 disposed:false
803 silly fetch manifest typescript@>=3.3.1
804 silly packumentCache full:https://registry.npmjs.org/typescript cache-miss
805 http cache https://registry.npmjs.org/typescript 43ms (cache hit)
806 silly packumentCache full:https://registry.npmjs.org/typescript set size:15409943 disposed:false
807 silly fetch manifest eslint@^3 || ^4 || ^5 || ^6 || ^7 || ^8 || ^9.7
808 silly packumentCache full:https://registry.npmjs.org/eslint cache-miss
809 http cache https://registry.npmjs.org/eslint 19ms (cache hit)
810 silly packumentCache full:https://registry.npmjs.org/eslint set size:1997485 disposed:false
811 silly fetch manifest eslint@^2 || ^3 || ^4 || ^5 || ^6 || ^7.2.0 || ^8 || ^9
812 silly packumentCache full:https://registry.npmjs.org/eslint cache-miss
813 http cache https://registry.npmjs.org/eslint 18ms (cache hit)
814 silly packumentCache full:https://registry.npmjs.org/eslint set size:1997485 disposed:false
815 silly fetch manifest eslint@^3 || ^4 || ^5 || ^6 || ^7 || ^8 || ^9
816 silly packumentCache full:https://registry.npmjs.org/eslint cache-miss
817 http cache https://registry.npmjs.org/eslint 9ms (cache hit)
818 silly packumentCache full:https://registry.npmjs.org/eslint set size:1997485 disposed:false
819 silly fetch manifest eslint-plugin-import-x@*
820 silly packumentCache full:https://registry.npmjs.org/eslint-plugin-import-x cache-miss
821 http fetch GET 200 https://registry.npmjs.org/eslint-plugin-import-x 57ms (cache miss)
822 silly packumentCache full:https://registry.npmjs.org/eslint-plugin-import-x set size:undefined disposed:false
823 silly fetch manifest @typescript-eslint/utils@^8.56.0
824 silly packumentCache full:https://registry.npmjs.org/@typescript-eslint%2futils cache-miss
825 http fetch GET 200 https://registry.npmjs.org/@typescript-eslint%2futils 423ms (cache miss)
826 silly packumentCache full:https://registry.npmjs.org/@typescript-eslint%2futils set size:undefined disposed:false
827 silly placeDep ROOT @next/eslint-plugin-next@16.2.6 OK for: eslint-config-next@16.2.6 want: 16.2.6
828 silly placeDep ROOT eslint-import-resolver-node@0.3.10 OK for: eslint-config-next@16.2.6 want: ^0.3.6
829 silly placeDep ROOT eslint-import-resolver-typescript@3.10.1 OK for: eslint-config-next@16.2.6 want: ^3.5.2
830 silly placeDep ROOT eslint-plugin-import@2.32.0 OK for: eslint-config-next@16.2.6 want: ^2.32.0
831 silly placeDep ROOT eslint-plugin-jsx-a11y@6.10.2 OK for: eslint-config-next@16.2.6 want: ^6.10.0
832 silly placeDep ROOT eslint-plugin-react@7.37.5 OK for: eslint-config-next@16.2.6 want: ^7.37.0
833 silly placeDep ROOT eslint-plugin-react-hooks@7.1.1 OK for: eslint-config-next@16.2.6 want: ^7.0.0
834 silly placeDep node_modules/eslint-config-next globals@16.4.0 OK for: eslint-config-next@16.2.6 want: 16.4.0
835 silly placeDep ROOT typescript-eslint@8.59.3 OK for: eslint-config-next@16.2.6 want: ^8.46.0
836 silly fetch manifest fast-glob@3.3.1
837 silly packumentCache full:https://registry.npmjs.org/fast-glob cache-miss
838 silly fetch manifest debug@^3.2.7
839 silly packumentCache full:https://registry.npmjs.org/debug cache-hit
840 silly fetch manifest resolve@^2.0.0-next.6
841 silly packumentCache full:https://registry.npmjs.org/resolve cache-miss
842 silly fetch manifest is-core-module@^2.16.1
843 silly packumentCache full:https://registry.npmjs.org/is-core-module cache-miss
844 http fetch GET 200 https://registry.npmjs.org/is-core-module 48ms (cache miss)
845 silly packumentCache full:https://registry.npmjs.org/is-core-module set size:undefined disposed:false
846 silly fetch manifest tinyglobby@^0.2.13
847 silly packumentCache full:https://registry.npmjs.org/tinyglobby cache-miss
848 http fetch GET 200 https://registry.npmjs.org/resolve 59ms (cache miss)
849 silly packumentCache full:https://registry.npmjs.org/resolve set size:undefined disposed:false
850 silly fetch manifest stable-hash@^0.0.5
851 silly packumentCache full:https://registry.npmjs.org/stable-hash cache-miss
852 http fetch GET 200 https://registry.npmjs.org/fast-glob 70ms (cache miss)
853 silly packumentCache full:https://registry.npmjs.org/fast-glob set size:undefined disposed:false
854 silly fetch manifest get-tsconfig@^4.10.0
855 silly packumentCache full:https://registry.npmjs.org/get-tsconfig cache-miss
856 http fetch GET 200 https://registry.npmjs.org/stable-hash 40ms (cache miss)
857 silly packumentCache full:https://registry.npmjs.org/stable-hash set size:undefined disposed:false
858 silly fetch manifest is-bun-module@^2.0.0
859 silly packumentCache full:https://registry.npmjs.org/is-bun-module cache-miss
860 http fetch GET 200 https://registry.npmjs.org/tinyglobby 54ms (cache miss)
861 silly packumentCache full:https://registry.npmjs.org/tinyglobby set size:undefined disposed:false
862 silly fetch manifest unrs-resolver@^1.6.2
863 silly packumentCache full:https://registry.npmjs.org/unrs-resolver cache-miss
864 http fetch GET 200 https://registry.npmjs.org/get-tsconfig 51ms (cache miss)
865 silly packumentCache full:https://registry.npmjs.org/get-tsconfig set size:undefined disposed:false
866 silly fetch manifest @nolyfill/is-core-module@1.0.39
867 silly packumentCache full:https://registry.npmjs.org/@nolyfill%2fis-core-module cache-miss
868 http fetch GET 200 https://registry.npmjs.org/is-bun-module 35ms (cache miss)
869 silly packumentCache full:https://registry.npmjs.org/is-bun-module set size:undefined disposed:false
870 silly fetch manifest @rtsao/scc@^1.1.0
871 silly packumentCache full:https://registry.npmjs.org/@rtsao%2fscc cache-miss
872 http fetch GET 200 https://registry.npmjs.org/unrs-resolver 46ms (cache miss)
873 silly packumentCache full:https://registry.npmjs.org/unrs-resolver set size:undefined disposed:false
874 silly fetch manifest array-includes@^3.1.9
875 silly packumentCache full:https://registry.npmjs.org/array-includes cache-miss
876 http fetch GET 200 https://registry.npmjs.org/@rtsao%2fscc 57ms (cache miss)
877 silly packumentCache full:https://registry.npmjs.org/@rtsao%2fscc set size:undefined disposed:false
878 silly fetch manifest array.prototype.findlastindex@^1.2.6
879 silly packumentCache full:https://registry.npmjs.org/array.prototype.findlastindex cache-miss
880 http fetch GET 200 https://registry.npmjs.org/array-includes 44ms (cache miss)
881 silly packumentCache full:https://registry.npmjs.org/array-includes set size:undefined disposed:false
882 silly fetch manifest array.prototype.flat@^1.3.3
883 silly packumentCache full:https://registry.npmjs.org/array.prototype.flat cache-miss
884 http fetch GET 200 https://registry.npmjs.org/array.prototype.findlastindex 55ms (cache miss)
885 silly packumentCache full:https://registry.npmjs.org/array.prototype.findlastindex set size:undefined disposed:false
886 silly fetch manifest array.prototype.flatmap@^1.3.3
887 silly packumentCache full:https://registry.npmjs.org/array.prototype.flatmap cache-miss
888 http fetch GET 200 https://registry.npmjs.org/array.prototype.flatmap 50ms (cache miss)
889 silly packumentCache full:https://registry.npmjs.org/array.prototype.flatmap set size:undefined disposed:false
890 silly fetch manifest doctrine@^2.1.0
891 silly packumentCache full:https://registry.npmjs.org/doctrine cache-miss
892 http fetch GET 200 https://registry.npmjs.org/@nolyfill%2fis-core-module 238ms (cache miss)
893 silly packumentCache full:https://registry.npmjs.org/@nolyfill%2fis-core-module set size:undefined disposed:false
894 silly fetch manifest eslint-module-utils@^2.12.1
895 silly packumentCache full:https://registry.npmjs.org/eslint-module-utils cache-miss
896 http fetch GET 200 https://registry.npmjs.org/doctrine 60ms (cache miss)
897 silly packumentCache full:https://registry.npmjs.org/doctrine set size:undefined disposed:false
898 silly fetch manifest hasown@^2.0.2
899 silly packumentCache full:https://registry.npmjs.org/hasown cache-miss
900 http fetch GET 200 https://registry.npmjs.org/hasown 52ms (cache miss)
901 silly packumentCache full:https://registry.npmjs.org/hasown set size:undefined disposed:false
902 silly fetch manifest object.fromentries@^2.0.8
903 silly packumentCache full:https://registry.npmjs.org/object.fromentries cache-miss
904 http fetch GET 200 https://registry.npmjs.org/eslint-module-utils 73ms (cache miss)
905 silly packumentCache full:https://registry.npmjs.org/eslint-module-utils set size:undefined disposed:false
906 silly fetch manifest object.groupby@^1.0.3
907 silly packumentCache full:https://registry.npmjs.org/object.groupby cache-miss
908 http fetch GET 200 https://registry.npmjs.org/array.prototype.flat 259ms (cache miss)
909 silly packumentCache full:https://registry.npmjs.org/array.prototype.flat set size:undefined disposed:false
910 silly fetch manifest object.values@^1.2.1
911 silly packumentCache full:https://registry.npmjs.org/object.values cache-miss
912 http fetch GET 200 https://registry.npmjs.org/object.fromentries 44ms (cache miss)
913 silly packumentCache full:https://registry.npmjs.org/object.fromentries set size:undefined disposed:false
914 silly fetch manifest semver@^6.3.1
915 silly packumentCache full:https://registry.npmjs.org/semver cache-miss
916 http fetch GET 200 https://registry.npmjs.org/object.values 40ms (cache miss)
917 silly packumentCache full:https://registry.npmjs.org/object.values set size:undefined disposed:false
918 silly fetch manifest string.prototype.trimend@^1.0.9
919 silly packumentCache full:https://registry.npmjs.org/string.prototype.trimend cache-miss
920 http fetch GET 200 https://registry.npmjs.org/string.prototype.trimend 53ms (cache miss)
921 silly packumentCache full:https://registry.npmjs.org/string.prototype.trimend set size:undefined disposed:false
922 silly fetch manifest tsconfig-paths@^3.15.0
923 silly packumentCache full:https://registry.npmjs.org/tsconfig-paths cache-miss
924 http fetch GET 200 https://registry.npmjs.org/semver 80ms (cache miss)
925 silly packumentCache full:https://registry.npmjs.org/semver set size:undefined disposed:false
926 silly fetch manifest aria-query@^5.3.2
927 silly packumentCache full:https://registry.npmjs.org/aria-query cache-miss
928 http fetch GET 200 https://registry.npmjs.org/aria-query 65ms (cache miss)
929 silly packumentCache full:https://registry.npmjs.org/aria-query set size:undefined disposed:false
930 silly fetch manifest array-includes@^3.1.8
931 silly packumentCache full:https://registry.npmjs.org/array-includes cache-miss
932 http fetch GET 200 https://registry.npmjs.org/tsconfig-paths 80ms (cache miss)
933 silly packumentCache full:https://registry.npmjs.org/tsconfig-paths set size:undefined disposed:false
934 silly fetch manifest array.prototype.flatmap@^1.3.2
935 silly packumentCache full:https://registry.npmjs.org/array.prototype.flatmap cache-miss
936 http cache https://registry.npmjs.org/array-includes 14ms (cache hit)
937 silly packumentCache full:https://registry.npmjs.org/array-includes set size:77143 disposed:false
938 silly fetch manifest ast-types-flow@^0.0.8
939 silly packumentCache full:https://registry.npmjs.org/ast-types-flow cache-miss
940 http fetch GET 200 https://registry.npmjs.org/object.groupby 213ms (cache miss)
941 silly packumentCache full:https://registry.npmjs.org/object.groupby set size:undefined disposed:false
942 silly fetch manifest axe-core@^4.10.0
943 silly packumentCache full:https://registry.npmjs.org/axe-core cache-miss
944 http cache https://registry.npmjs.org/array.prototype.flatmap 15ms (cache hit)
945 silly packumentCache full:https://registry.npmjs.org/array.prototype.flatmap set size:51458 disposed:false
946 silly fetch manifest axobject-query@^4.1.0
947 silly packumentCache full:https://registry.npmjs.org/axobject-query cache-miss
948 http fetch GET 200 https://registry.npmjs.org/axobject-query 233ms (cache miss)
949 silly packumentCache full:https://registry.npmjs.org/axobject-query set size:undefined disposed:false
950 silly fetch manifest damerau-levenshtein@^1.0.8
951 silly packumentCache full:https://registry.npmjs.org/damerau-levenshtein cache-miss
952 http fetch GET 200 https://registry.npmjs.org/ast-types-flow 242ms (cache miss)
953 silly packumentCache full:https://registry.npmjs.org/ast-types-flow set size:undefined disposed:false
954 silly fetch manifest emoji-regex@^9.2.2
955 silly packumentCache full:https://registry.npmjs.org/emoji-regex cache-miss
956 http fetch GET 200 https://registry.npmjs.org/damerau-levenshtein 121ms (cache miss)
957 silly packumentCache full:https://registry.npmjs.org/damerau-levenshtein set size:undefined disposed:false
958 silly fetch manifest jsx-ast-utils@^3.3.5
959 silly packumentCache full:https://registry.npmjs.org/jsx-ast-utils cache-miss
960 http fetch GET 200 https://registry.npmjs.org/emoji-regex 128ms (cache miss)
961 silly packumentCache full:https://registry.npmjs.org/emoji-regex set size:undefined disposed:false
962 silly fetch manifest language-tags@^1.0.9
963 silly packumentCache full:https://registry.npmjs.org/language-tags cache-miss
964 http fetch GET 200 https://registry.npmjs.org/language-tags 124ms (cache miss)
965 silly packumentCache full:https://registry.npmjs.org/language-tags set size:undefined disposed:false
966 silly fetch manifest safe-regex-test@^1.0.3
967 silly packumentCache full:https://registry.npmjs.org/safe-regex-test cache-miss
968 http fetch GET 200 https://registry.npmjs.org/jsx-ast-utils 157ms (cache miss)
969 silly packumentCache full:https://registry.npmjs.org/jsx-ast-utils set size:undefined disposed:false
970 silly fetch manifest string.prototype.includes@^2.0.1
971 silly packumentCache full:https://registry.npmjs.org/string.prototype.includes cache-miss
972 http fetch GET 200 https://registry.npmjs.org/axe-core 519ms (cache miss)
973 silly packumentCache full:https://registry.npmjs.org/axe-core set size:undefined disposed:false
974 silly fetch manifest array.prototype.findlast@^1.2.5
975 silly packumentCache full:https://registry.npmjs.org/array.prototype.findlast cache-miss
976 http fetch GET 200 https://registry.npmjs.org/safe-regex-test 90ms (cache miss)
977 silly packumentCache full:https://registry.npmjs.org/safe-regex-test set size:undefined disposed:false
978 silly fetch manifest array.prototype.tosorted@^1.1.4
979 silly packumentCache full:https://registry.npmjs.org/array.prototype.tosorted cache-miss
980 http fetch GET 200 https://registry.npmjs.org/string.prototype.includes 91ms (cache miss)
981 silly packumentCache full:https://registry.npmjs.org/string.prototype.includes set size:undefined disposed:false
982 silly fetch manifest es-iterator-helpers@^1.2.1
983 silly packumentCache full:https://registry.npmjs.org/es-iterator-helpers cache-miss
984 http fetch GET 200 https://registry.npmjs.org/array.prototype.findlast 54ms (cache miss)
985 silly packumentCache full:https://registry.npmjs.org/array.prototype.findlast set size:undefined disposed:false
986 silly fetch manifest estraverse@^5.3.0
987 silly packumentCache full:https://registry.npmjs.org/estraverse cache-hit
988 silly fetch manifest jsx-ast-utils@^2.4.1 || ^3.0.0
989 silly packumentCache full:https://registry.npmjs.org/jsx-ast-utils cache-miss
990 http cache https://registry.npmjs.org/jsx-ast-utils 5ms (cache hit)
991 silly packumentCache full:https://registry.npmjs.org/jsx-ast-utils set size:115998 disposed:false
992 silly fetch manifest object.entries@^1.1.9
993 silly packumentCache full:https://registry.npmjs.org/object.entries cache-miss
994 http fetch GET 200 https://registry.npmjs.org/array.prototype.tosorted 49ms (cache miss)
995 silly packumentCache full:https://registry.npmjs.org/array.prototype.tosorted set size:undefined disposed:false
996 silly fetch manifest prop-types@^15.8.1
997 silly packumentCache full:https://registry.npmjs.org/prop-types cache-miss
998 http fetch GET 200 https://registry.npmjs.org/es-iterator-helpers 48ms (cache miss)
999 silly packumentCache full:https://registry.npmjs.org/es-iterator-helpers set size:undefined disposed:false
1000 silly fetch manifest resolve@^2.0.0-next.5
1001 silly packumentCache full:https://registry.npmjs.org/resolve cache-miss
1002 http cache https://registry.npmjs.org/resolve 6ms (cache hit)
1003 silly packumentCache full:https://registry.npmjs.org/resolve set size:244568 disposed:false
1004 silly fetch manifest string.prototype.matchall@^4.0.12
1005 silly packumentCache full:https://registry.npmjs.org/string.prototype.matchall cache-miss
1006 http fetch GET 200 https://registry.npmjs.org/object.entries 47ms (cache miss)
1007 silly packumentCache full:https://registry.npmjs.org/object.entries set size:undefined disposed:false
1008 silly fetch manifest string.prototype.repeat@^1.0.0
1009 silly packumentCache full:https://registry.npmjs.org/string.prototype.repeat cache-miss
1010 http fetch GET 200 https://registry.npmjs.org/prop-types 44ms (cache miss)
1011 silly packumentCache full:https://registry.npmjs.org/prop-types set size:undefined disposed:false
1012 silly fetch manifest zod@^3.25.0 || ^4.0.0
1013 silly packumentCache full:https://registry.npmjs.org/zod cache-miss
1014 http fetch GET 200 https://registry.npmjs.org/string.prototype.repeat 35ms (cache miss)
1015 silly packumentCache full:https://registry.npmjs.org/string.prototype.repeat set size:undefined disposed:false
1016 silly fetch manifest @babel/core@^7.24.4
1017 silly packumentCache full:https://registry.npmjs.org/@babel%2fcore cache-miss
1018 http fetch GET 200 https://registry.npmjs.org/string.prototype.matchall 50ms (cache miss)
1019 silly packumentCache full:https://registry.npmjs.org/string.prototype.matchall set size:undefined disposed:false
1020 silly fetch manifest @babel/parser@^7.24.4
1021 silly packumentCache full:https://registry.npmjs.org/@babel%2fparser cache-miss
1022 http fetch GET 200 https://registry.npmjs.org/@babel%2fcore 111ms (cache miss)
1023 silly packumentCache full:https://registry.npmjs.org/@babel%2fcore set size:undefined disposed:false
1024 silly fetch manifest hermes-parser@^0.25.1
1025 silly packumentCache full:https://registry.npmjs.org/hermes-parser cache-miss
1026 http fetch GET 200 https://registry.npmjs.org/@babel%2fparser 133ms (cache miss)
1027 silly packumentCache full:https://registry.npmjs.org/@babel%2fparser set size:undefined disposed:false
1028 silly fetch manifest zod-validation-error@^3.5.0 || ^4.0.0
1029 silly packumentCache full:https://registry.npmjs.org/zod-validation-error cache-miss
1030 http fetch GET 200 https://registry.npmjs.org/zod 208ms (cache miss)
1031 silly packumentCache full:https://registry.npmjs.org/zod set size:undefined disposed:false
1032 silly fetch manifest @typescript-eslint/utils@8.59.3
1033 silly packumentCache full:https://registry.npmjs.org/@typescript-eslint%2futils cache-miss
1034 http fetch GET 200 https://registry.npmjs.org/zod-validation-error 70ms (cache miss)
1035 silly packumentCache full:https://registry.npmjs.org/zod-validation-error set size:undefined disposed:false
1036 silly fetch manifest @typescript-eslint/parser@8.59.3
1037 silly packumentCache full:https://registry.npmjs.org/@typescript-eslint%2fparser cache-miss
1038 http cache https://registry.npmjs.org/@typescript-eslint%2futils 40ms (cache hit)
1039 silly packumentCache full:https://registry.npmjs.org/@typescript-eslint%2futils set size:10103138 disposed:false
1040 silly fetch manifest @typescript-eslint/eslint-plugin@8.59.3
1041 silly packumentCache full:https://registry.npmjs.org/@typescript-eslint%2feslint-plugin cache-miss
1042 http fetch GET 200 https://registry.npmjs.org/hermes-parser 178ms (cache miss)
1043 silly packumentCache full:https://registry.npmjs.org/hermes-parser set size:undefined disposed:false
1044 silly fetch manifest @typescript-eslint/typescript-estree@8.59.3
1045 silly packumentCache full:https://registry.npmjs.org/@typescript-eslint%2ftypescript-estree cache-miss
1046 http fetch GET 200 https://registry.npmjs.org/@typescript-eslint%2fparser 1424ms (cache miss)
1047 silly packumentCache full:https://registry.npmjs.org/@typescript-eslint%2fparser set size:undefined disposed:false
1048 http fetch GET 200 https://registry.npmjs.org/@typescript-eslint%2ftypescript-estree 1505ms (cache miss)
1049 silly packumentCache full:https://registry.npmjs.org/@typescript-eslint%2ftypescript-estree set size:undefined disposed:false
1050 http fetch GET 200 https://registry.npmjs.org/@typescript-eslint%2feslint-plugin 1646ms (cache miss)
1051 silly packumentCache full:https://registry.npmjs.org/@typescript-eslint%2feslint-plugin set size:undefined disposed:false
1052 silly placeDep ROOT fast-glob@3.3.1 OK for: @next/eslint-plugin-next@16.2.6 want: 3.3.1
1053 silly fetch manifest merge2@^1.3.0
1054 silly packumentCache full:https://registry.npmjs.org/merge2 cache-miss
1055 silly fetch manifest micromatch@^4.0.4
1056 silly packumentCache full:https://registry.npmjs.org/micromatch cache-miss
1057 silly fetch manifest glob-parent@^5.1.2
1058 silly packumentCache full:https://registry.npmjs.org/glob-parent cache-miss
1059 http cache https://registry.npmjs.org/glob-parent 20ms (cache hit)
1060 silly packumentCache full:https://registry.npmjs.org/glob-parent set size:42445 disposed:false
1061 silly fetch manifest @nodelib/fs.stat@^2.0.2
1062 silly packumentCache full:https://registry.npmjs.org/@nodelib%2ffs.stat cache-miss
1063 http fetch GET 200 https://registry.npmjs.org/merge2 54ms (cache miss)
1064 silly packumentCache full:https://registry.npmjs.org/merge2 set size:undefined disposed:false
1065 silly fetch manifest @nodelib/fs.walk@^1.2.3
1066 silly packumentCache full:https://registry.npmjs.org/@nodelib%2ffs.walk cache-miss
1067 http fetch GET 200 https://registry.npmjs.org/micromatch 72ms (cache miss)
1068 silly packumentCache full:https://registry.npmjs.org/micromatch set size:undefined disposed:false
1069 http fetch GET 200 https://registry.npmjs.org/@nodelib%2ffs.stat 55ms (cache miss)
1070 silly packumentCache full:https://registry.npmjs.org/@nodelib%2ffs.stat set size:undefined disposed:false
1071 http fetch GET 200 https://registry.npmjs.org/@nodelib%2ffs.walk 75ms (cache miss)
1072 silly packumentCache full:https://registry.npmjs.org/@nodelib%2ffs.walk set size:undefined disposed:false
1073 silly placeDep node_modules/eslint-import-resolver-node debug@3.2.7 OK for: eslint-import-resolver-node@0.3.10 want: ^3.2.7
1074 silly placeDep ROOT is-core-module@2.16.2 OK for: eslint-import-resolver-node@0.3.10 want: ^2.16.1
1075 silly placeDep ROOT resolve@2.0.0-next.7 OK for: eslint-import-resolver-node@0.3.10 want: ^2.0.0-next.6
1076 silly fetch manifest hasown@^2.0.3
1077 silly packumentCache full:https://registry.npmjs.org/hasown cache-miss
1078 silly fetch manifest es-errors@^1.3.0
1079 silly packumentCache full:https://registry.npmjs.org/es-errors cache-miss
1080 silly fetch manifest node-exports-info@^1.6.0
1081 silly packumentCache full:https://registry.npmjs.org/node-exports-info cache-miss
1082 http cache https://registry.npmjs.org/hasown 6ms (cache hit)
1083 silly packumentCache full:https://registry.npmjs.org/hasown set size:15429 disposed:false
1084 silly fetch manifest object-keys@^1.1.1
1085 silly packumentCache full:https://registry.npmjs.org/object-keys cache-miss
1086 http fetch GET 200 https://registry.npmjs.org/es-errors 35ms (cache miss)
1087 silly packumentCache full:https://registry.npmjs.org/es-errors set size:undefined disposed:false
1088 silly fetch manifest path-parse@^1.0.7
1089 silly packumentCache full:https://registry.npmjs.org/path-parse cache-miss
1090 http fetch GET 200 https://registry.npmjs.org/node-exports-info 45ms (cache miss)
1091 silly packumentCache full:https://registry.npmjs.org/node-exports-info set size:undefined disposed:false
1092 silly fetch manifest supports-preserve-symlinks-flag@^1.0.0
1093 silly packumentCache full:https://registry.npmjs.org/supports-preserve-symlinks-flag cache-miss
1094 http fetch GET 200 https://registry.npmjs.org/path-parse 39ms (cache miss)
1095 silly packumentCache full:https://registry.npmjs.org/path-parse set size:undefined disposed:false
1096 http fetch GET 200 https://registry.npmjs.org/supports-preserve-symlinks-flag 39ms (cache miss)
1097 silly packumentCache full:https://registry.npmjs.org/supports-preserve-symlinks-flag set size:undefined disposed:false
1098 http fetch GET 200 https://registry.npmjs.org/object-keys 205ms (cache miss)
1099 silly packumentCache full:https://registry.npmjs.org/object-keys set size:undefined disposed:false
1100 silly placeDep ROOT @nolyfill/is-core-module@1.0.39 OK for: eslint-import-resolver-typescript@3.10.1 want: 1.0.39
1101 silly placeDep ROOT get-tsconfig@4.14.0 OK for: eslint-import-resolver-typescript@3.10.1 want: ^4.10.0
1102 silly placeDep ROOT is-bun-module@2.0.0 OK for: eslint-import-resolver-typescript@3.10.1 want: ^2.0.0
1103 silly placeDep ROOT stable-hash@0.0.5 OK for: eslint-import-resolver-typescript@3.10.1 want: ^0.0.5
1104 silly placeDep ROOT tinyglobby@0.2.16 OK for: eslint-import-resolver-typescript@3.10.1 want: ^0.2.13
1105 silly placeDep ROOT unrs-resolver@1.11.1 OK for: eslint-import-resolver-typescript@3.10.1 want: ^1.6.2
1106 silly fetch manifest resolve-pkg-maps@^1.0.0
1107 silly packumentCache full:https://registry.npmjs.org/resolve-pkg-maps cache-miss
1108 silly fetch manifest semver@^7.7.1
1109 silly packumentCache full:https://registry.npmjs.org/semver cache-miss
1110 silly fetch manifest fdir@^6.5.0
1111 silly packumentCache full:https://registry.npmjs.org/fdir cache-miss
1112 http cache https://registry.npmjs.org/semver 6ms (cache hit)
1113 silly packumentCache full:https://registry.npmjs.org/semver set size:233058 disposed:false
1114 silly fetch manifest picomatch@^4.0.4
1115 silly packumentCache full:https://registry.npmjs.org/picomatch cache-miss
1116 http fetch GET 200 https://registry.npmjs.org/resolve-pkg-maps 37ms (cache miss)
1117 silly packumentCache full:https://registry.npmjs.org/resolve-pkg-maps set size:undefined disposed:false
1118 silly fetch manifest napi-postinstall@^0.3.0
1119 silly packumentCache full:https://registry.npmjs.org/napi-postinstall cache-miss
1120 http fetch GET 200 https://registry.npmjs.org/fdir 58ms (cache miss)
1121 silly packumentCache full:https://registry.npmjs.org/fdir set size:undefined disposed:false
1122 silly fetch manifest @unrs/resolver-binding-win32-x64-msvc@1.11.1
1123 silly packumentCache full:https://registry.npmjs.org/@unrs%2fresolver-binding-win32-x64-msvc cache-miss
1124 http fetch GET 200 https://registry.npmjs.org/picomatch 53ms (cache miss)
1125 silly packumentCache full:https://registry.npmjs.org/picomatch set size:undefined disposed:false
1126 silly fetch manifest @unrs/resolver-binding-win32-arm64-msvc@1.11.1
1127 silly packumentCache full:https://registry.npmjs.org/@unrs%2fresolver-binding-win32-arm64-msvc cache-miss
1128 http fetch GET 200 https://registry.npmjs.org/napi-postinstall 53ms (cache miss)
1129 silly packumentCache full:https://registry.npmjs.org/napi-postinstall set size:undefined disposed:false
1130 silly fetch manifest @unrs/resolver-binding-win32-ia32-msvc@1.11.1
1131 silly packumentCache full:https://registry.npmjs.org/@unrs%2fresolver-binding-win32-ia32-msvc cache-miss
1132 http fetch GET 200 https://registry.npmjs.org/@unrs%2fresolver-binding-win32-arm64-msvc 51ms (cache miss)
1133 silly packumentCache full:https://registry.npmjs.org/@unrs%2fresolver-binding-win32-arm64-msvc set size:undefined disposed:false
1134 silly fetch manifest @unrs/resolver-binding-linux-x64-gnu@1.11.1
1135 silly packumentCache full:https://registry.npmjs.org/@unrs%2fresolver-binding-linux-x64-gnu cache-miss
1136 http fetch GET 200 https://registry.npmjs.org/@unrs%2fresolver-binding-win32-x64-msvc 63ms (cache miss)
1137 silly packumentCache full:https://registry.npmjs.org/@unrs%2fresolver-binding-win32-x64-msvc set size:undefined disposed:false
1138 silly fetch manifest @unrs/resolver-binding-linux-x64-musl@1.11.1
1139 silly packumentCache full:https://registry.npmjs.org/@unrs%2fresolver-binding-linux-x64-musl cache-miss
1140 http fetch GET 200 https://registry.npmjs.org/@unrs%2fresolver-binding-win32-ia32-msvc 80ms (cache miss)
1141 silly packumentCache full:https://registry.npmjs.org/@unrs%2fresolver-binding-win32-ia32-msvc set size:undefined disposed:false
1142 silly fetch manifest @unrs/resolver-binding-freebsd-x64@1.11.1
1143 silly packumentCache full:https://registry.npmjs.org/@unrs%2fresolver-binding-freebsd-x64 cache-miss
1144 http fetch GET 200 https://registry.npmjs.org/@unrs%2fresolver-binding-linux-x64-musl 55ms (cache miss)
1145 silly packumentCache full:https://registry.npmjs.org/@unrs%2fresolver-binding-linux-x64-musl set size:undefined disposed:false
1146 silly fetch manifest @unrs/resolver-binding-android-arm64@1.11.1
1147 silly packumentCache full:https://registry.npmjs.org/@unrs%2fresolver-binding-android-arm64 cache-miss
1148 http fetch GET 200 https://registry.npmjs.org/@unrs%2fresolver-binding-linux-x64-gnu 80ms (cache miss)
1149 silly packumentCache full:https://registry.npmjs.org/@unrs%2fresolver-binding-linux-x64-gnu set size:undefined disposed:false
1150 silly fetch manifest @unrs/resolver-binding-linux-arm64-gnu@1.11.1
1151 silly packumentCache full:https://registry.npmjs.org/@unrs%2fresolver-binding-linux-arm64-gnu cache-miss
1152 http fetch GET 200 https://registry.npmjs.org/@unrs%2fresolver-binding-android-arm64 55ms (cache miss)
1153 silly packumentCache full:https://registry.npmjs.org/@unrs%2fresolver-binding-android-arm64 set size:undefined disposed:false
1154 silly fetch manifest @unrs/resolver-binding-linux-arm64-musl@1.11.1
1155 silly packumentCache full:https://registry.npmjs.org/@unrs%2fresolver-binding-linux-arm64-musl cache-miss
1156 http fetch GET 200 https://registry.npmjs.org/@unrs%2fresolver-binding-linux-arm64-gnu 51ms (cache miss)
1157 silly packumentCache full:https://registry.npmjs.org/@unrs%2fresolver-binding-linux-arm64-gnu set size:undefined disposed:false
1158 silly fetch manifest @unrs/resolver-binding-android-arm-eabi@1.11.1
1159 silly packumentCache full:https://registry.npmjs.org/@unrs%2fresolver-binding-android-arm-eabi cache-miss
1160 http fetch GET 200 https://registry.npmjs.org/@unrs%2fresolver-binding-android-arm-eabi 51ms (cache miss)
1161 silly packumentCache full:https://registry.npmjs.org/@unrs%2fresolver-binding-android-arm-eabi set size:undefined disposed:false
1162 silly fetch manifest @unrs/resolver-binding-linux-arm-gnueabihf@1.11.1
1163 silly packumentCache full:https://registry.npmjs.org/@unrs%2fresolver-binding-linux-arm-gnueabihf cache-miss
1164 http fetch GET 200 https://registry.npmjs.org/@unrs%2fresolver-binding-linux-arm64-musl 66ms (cache miss)
1165 silly packumentCache full:https://registry.npmjs.org/@unrs%2fresolver-binding-linux-arm64-musl set size:undefined disposed:false
1166 silly fetch manifest @unrs/resolver-binding-linux-arm-musleabihf@1.11.1
1167 silly packumentCache full:https://registry.npmjs.org/@unrs%2fresolver-binding-linux-arm-musleabihf cache-miss
1168 http fetch GET 200 https://registry.npmjs.org/@unrs%2fresolver-binding-linux-arm-gnueabihf 51ms (cache miss)
1169 silly packumentCache full:https://registry.npmjs.org/@unrs%2fresolver-binding-linux-arm-gnueabihf set size:undefined disposed:false
1170 silly fetch manifest @unrs/resolver-binding-linux-ppc64-gnu@1.11.1
1171 silly packumentCache full:https://registry.npmjs.org/@unrs%2fresolver-binding-linux-ppc64-gnu cache-miss
1172 http fetch GET 200 https://registry.npmjs.org/@unrs%2fresolver-binding-linux-arm-musleabihf 60ms (cache miss)
1173 silly packumentCache full:https://registry.npmjs.org/@unrs%2fresolver-binding-linux-arm-musleabihf set size:undefined disposed:false
1174 silly fetch manifest @unrs/resolver-binding-linux-riscv64-gnu@1.11.1
1175 silly packumentCache full:https://registry.npmjs.org/@unrs%2fresolver-binding-linux-riscv64-gnu cache-miss
1176 http fetch GET 200 https://registry.npmjs.org/@unrs%2fresolver-binding-freebsd-x64 211ms (cache miss)
1177 silly packumentCache full:https://registry.npmjs.org/@unrs%2fresolver-binding-freebsd-x64 set size:undefined disposed:false
1178 silly fetch manifest @unrs/resolver-binding-linux-riscv64-musl@1.11.1
1179 silly packumentCache full:https://registry.npmjs.org/@unrs%2fresolver-binding-linux-riscv64-musl cache-miss
1180 http fetch GET 200 https://registry.npmjs.org/@unrs%2fresolver-binding-linux-ppc64-gnu 53ms (cache miss)
1181 silly packumentCache full:https://registry.npmjs.org/@unrs%2fresolver-binding-linux-ppc64-gnu set size:undefined disposed:false
1182 silly fetch manifest @unrs/resolver-binding-linux-s390x-gnu@1.11.1
1183 silly packumentCache full:https://registry.npmjs.org/@unrs%2fresolver-binding-linux-s390x-gnu cache-miss
1184 http fetch GET 200 https://registry.npmjs.org/@unrs%2fresolver-binding-linux-riscv64-gnu 55ms (cache miss)
1185 silly packumentCache full:https://registry.npmjs.org/@unrs%2fresolver-binding-linux-riscv64-gnu set size:undefined disposed:false
1186 silly fetch manifest @unrs/resolver-binding-darwin-x64@1.11.1
1187 silly packumentCache full:https://registry.npmjs.org/@unrs%2fresolver-binding-darwin-x64 cache-miss
1188 http fetch GET 200 https://registry.npmjs.org/@unrs%2fresolver-binding-linux-riscv64-musl 52ms (cache miss)
1189 silly packumentCache full:https://registry.npmjs.org/@unrs%2fresolver-binding-linux-riscv64-musl set size:undefined disposed:false
1190 silly fetch manifest @unrs/resolver-binding-darwin-arm64@1.11.1
1191 silly packumentCache full:https://registry.npmjs.org/@unrs%2fresolver-binding-darwin-arm64 cache-miss
1192 http fetch GET 200 https://registry.npmjs.org/@unrs%2fresolver-binding-linux-s390x-gnu 52ms (cache miss)
1193 silly packumentCache full:https://registry.npmjs.org/@unrs%2fresolver-binding-linux-s390x-gnu set size:undefined disposed:false
1194 silly fetch manifest @unrs/resolver-binding-wasm32-wasi@1.11.1
1195 silly packumentCache full:https://registry.npmjs.org/@unrs%2fresolver-binding-wasm32-wasi cache-miss
1196 http fetch GET 200 https://registry.npmjs.org/@unrs%2fresolver-binding-darwin-x64 61ms (cache miss)
1197 silly packumentCache full:https://registry.npmjs.org/@unrs%2fresolver-binding-darwin-x64 set size:undefined disposed:false
1198 http fetch GET 200 https://registry.npmjs.org/@unrs%2fresolver-binding-darwin-arm64 51ms (cache miss)
1199 silly packumentCache full:https://registry.npmjs.org/@unrs%2fresolver-binding-darwin-arm64 set size:undefined disposed:false
1200 http fetch GET 200 https://registry.npmjs.org/@unrs%2fresolver-binding-wasm32-wasi 52ms (cache miss)
1201 silly packumentCache full:https://registry.npmjs.org/@unrs%2fresolver-binding-wasm32-wasi set size:undefined disposed:false
1202 silly placeDep ROOT @rtsao/scc@1.1.0 OK for: eslint-plugin-import@2.32.0 want: ^1.1.0
1203 silly placeDep ROOT array-includes@3.1.9 OK for: eslint-plugin-import@2.32.0 want: ^3.1.9
1204 silly placeDep ROOT array.prototype.findlastindex@1.2.6 OK for: eslint-plugin-import@2.32.0 want: ^1.2.6
1205 silly placeDep ROOT array.prototype.flat@1.3.3 OK for: eslint-plugin-import@2.32.0 want: ^1.3.3
1206 silly placeDep ROOT array.prototype.flatmap@1.3.3 OK for: eslint-plugin-import@2.32.0 want: ^1.3.3
1207 silly placeDep node_modules/eslint-plugin-import debug@3.2.7 OK for: eslint-plugin-import@2.32.0 want: ^3.2.7
1208 silly placeDep ROOT doctrine@2.1.0 OK for: eslint-plugin-import@2.32.0 want: ^2.1.0
1209 silly placeDep ROOT eslint-module-utils@2.12.1 OK for: eslint-plugin-import@2.32.0 want: ^2.12.1
1210 silly placeDep ROOT hasown@2.0.3 OK for: eslint-plugin-import@2.32.0 want: ^2.0.2
1211 silly placeDep ROOT object.fromentries@2.0.8 OK for: eslint-plugin-import@2.32.0 want: ^2.0.8
1212 silly placeDep ROOT object.groupby@1.0.3 OK for: eslint-plugin-import@2.32.0 want: ^1.0.3
1213 silly placeDep ROOT object.values@1.2.1 OK for: eslint-plugin-import@2.32.0 want: ^1.2.1
1214 silly placeDep ROOT semver@6.3.1 OK for: eslint-plugin-import@2.32.0 want: ^6.3.1
1215 silly placeDep ROOT string.prototype.trimend@1.0.9 OK for: eslint-plugin-import@2.32.0 want: ^1.0.9
1216 silly placeDep ROOT tsconfig-paths@3.15.0 OK for: eslint-plugin-import@2.32.0 want: ^3.15.0
1217 silly fetch manifest call-bind@^1.0.8
1218 silly packumentCache full:https://registry.npmjs.org/call-bind cache-miss
1219 silly fetch manifest call-bound@^1.0.4
1220 silly packumentCache full:https://registry.npmjs.org/call-bound cache-miss
1221 silly fetch manifest define-properties@^1.2.1
1222 silly packumentCache full:https://registry.npmjs.org/define-properties cache-miss
1223 http fetch GET 200 https://registry.npmjs.org/call-bound 37ms (cache miss)
1224 silly packumentCache full:https://registry.npmjs.org/call-bound set size:undefined disposed:false
1225 silly fetch manifest es-abstract@^1.24.0
1226 silly packumentCache full:https://registry.npmjs.org/es-abstract cache-miss
1227 http fetch GET 200 https://registry.npmjs.org/call-bind 57ms (cache miss)
1228 silly packumentCache full:https://registry.npmjs.org/call-bind set size:undefined disposed:false
1229 silly fetch manifest es-object-atoms@^1.1.1
1230 silly packumentCache full:https://registry.npmjs.org/es-object-atoms cache-miss
1231 http fetch GET 200 https://registry.npmjs.org/es-object-atoms 40ms (cache miss)
1232 silly packumentCache full:https://registry.npmjs.org/es-object-atoms set size:undefined disposed:false
1233 silly fetch manifest get-intrinsic@^1.3.0
1234 silly packumentCache full:https://registry.npmjs.org/get-intrinsic cache-miss
1235 http fetch GET 200 https://registry.npmjs.org/es-abstract 67ms (cache miss)
1236 silly packumentCache full:https://registry.npmjs.org/es-abstract set size:undefined disposed:false
1237 silly fetch manifest is-string@^1.1.1
1238 silly packumentCache full:https://registry.npmjs.org/is-string cache-miss
1239 http fetch GET 200 https://registry.npmjs.org/get-intrinsic 46ms (cache miss)
1240 silly packumentCache full:https://registry.npmjs.org/get-intrinsic set size:undefined disposed:false
1241 silly fetch manifest math-intrinsics@^1.1.0
1242 silly packumentCache full:https://registry.npmjs.org/math-intrinsics cache-miss
1243 http fetch GET 200 https://registry.npmjs.org/is-string 39ms (cache miss)
1244 silly packumentCache full:https://registry.npmjs.org/is-string set size:undefined disposed:false
1245 silly fetch manifest define-properties@^1.2.1
1246 silly packumentCache full:https://registry.npmjs.org/define-properties cache-miss
1247 http fetch GET 200 https://registry.npmjs.org/math-intrinsics 39ms (cache miss)
1248 silly packumentCache full:https://registry.npmjs.org/math-intrinsics set size:undefined disposed:false
1249 silly fetch manifest es-abstract@^1.23.9
1250 silly packumentCache full:https://registry.npmjs.org/es-abstract cache-miss
1251 http cache https://registry.npmjs.org/es-abstract 5ms (cache hit)
1252 silly packumentCache full:https://registry.npmjs.org/es-abstract set size:384124 disposed:false
1253 silly fetch manifest es-shim-unscopables@^1.1.0
1254 silly packumentCache full:https://registry.npmjs.org/es-shim-unscopables cache-miss
1255 http fetch GET 200 https://registry.npmjs.org/define-properties 206ms (cache miss)
1256 silly packumentCache full:https://registry.npmjs.org/define-properties set size:undefined disposed:false
1257 silly fetch manifest es-abstract@^1.23.5
1258 silly packumentCache full:https://registry.npmjs.org/es-abstract cache-hit
1259 silly fetch manifest es-shim-unscopables@^1.0.2
1260 silly packumentCache full:https://registry.npmjs.org/es-shim-unscopables cache-miss
1261 http fetch GET 200 https://registry.npmjs.org/define-properties 61ms (cache miss)
1262 silly packumentCache full:https://registry.npmjs.org/define-properties set size:undefined disposed:false
1263 silly fetch manifest es-shim-unscopables@^1.0.2
1264 silly packumentCache full:https://registry.npmjs.org/es-shim-unscopables cache-miss
1265 http fetch GET 200 https://registry.npmjs.org/es-shim-unscopables 43ms (cache miss)
1266 silly packumentCache full:https://registry.npmjs.org/es-shim-unscopables set size:undefined disposed:false
1267 silly fetch manifest function-bind@^1.1.2
1268 silly packumentCache full:https://registry.npmjs.org/function-bind cache-miss
1269 http fetch GET 200 https://registry.npmjs.org/es-shim-unscopables 34ms (cache miss)
1270 silly packumentCache full:https://registry.npmjs.org/es-shim-unscopables set size:undefined disposed:false
1271 silly fetch manifest call-bind@^1.0.7
1272 silly packumentCache full:https://registry.npmjs.org/call-bind cache-miss
1273 http fetch GET 200 https://registry.npmjs.org/es-shim-unscopables 36ms (cache miss)
1274 silly packumentCache full:https://registry.npmjs.org/es-shim-unscopables set size:undefined disposed:false
1275 silly fetch manifest es-abstract@^1.23.2
1276 silly packumentCache full:https://registry.npmjs.org/es-abstract cache-hit
1277 silly fetch manifest es-object-atoms@^1.0.0
1278 silly packumentCache full:https://registry.npmjs.org/es-object-atoms cache-miss
1279 http cache https://registry.npmjs.org/call-bind 6ms (cache hit)
1280 silly packumentCache full:https://registry.npmjs.org/call-bind set size:32985 disposed:false
1281 silly fetch manifest call-bound@^1.0.3
1282 silly packumentCache full:https://registry.npmjs.org/call-bound cache-miss
1283 http cache https://registry.npmjs.org/es-object-atoms 6ms (cache hit)
1284 silly packumentCache full:https://registry.npmjs.org/es-object-atoms set size:15304 disposed:false
1285 silly fetch manifest call-bound@^1.0.2
1286 silly packumentCache full:https://registry.npmjs.org/call-bound cache-miss
1287 http cache https://registry.npmjs.org/call-bound 5ms (cache hit)
1288 silly packumentCache full:https://registry.npmjs.org/call-bound set size:15317 disposed:false
1289 silly fetch manifest json5@^1.0.2
1290 silly packumentCache full:https://registry.npmjs.org/json5 cache-miss
1291 http cache https://registry.npmjs.org/call-bound 6ms (cache hit)
1292 silly packumentCache full:https://registry.npmjs.org/call-bound set size:15317 disposed:false
1293 silly packumentCache full:https://registry.npmjs.org/call-bound dispose
1294 silly fetch manifest minimist@^1.2.6
1295 silly packumentCache full:https://registry.npmjs.org/minimist cache-miss
1296 http fetch GET 200 https://registry.npmjs.org/function-bind 42ms (cache miss)
1297 silly packumentCache full:https://registry.npmjs.org/function-bind set size:undefined disposed:false
1298 silly fetch manifest strip-bom@^3.0.0
1299 silly packumentCache full:https://registry.npmjs.org/strip-bom cache-miss
1300 http fetch GET 200 https://registry.npmjs.org/json5 44ms (cache miss)
1301 silly packumentCache full:https://registry.npmjs.org/json5 set size:undefined disposed:false
1302 silly fetch manifest @types/json5@^0.0.29
1303 silly packumentCache full:https://registry.npmjs.org/@types%2fjson5 cache-miss
1304 http fetch GET 200 https://registry.npmjs.org/minimist 46ms (cache miss)
1305 silly packumentCache full:https://registry.npmjs.org/minimist set size:undefined disposed:false
1306 http fetch GET 200 https://registry.npmjs.org/strip-bom 41ms (cache miss)
1307 silly packumentCache full:https://registry.npmjs.org/strip-bom set size:undefined disposed:false
1308 http fetch GET 200 https://registry.npmjs.org/@types%2fjson5 46ms (cache miss)
1309 silly packumentCache full:https://registry.npmjs.org/@types%2fjson5 set size:undefined disposed:false
1310 silly placeDep ROOT call-bind@1.0.9 OK for: array-includes@3.1.9 want: ^1.0.8
1311 silly placeDep ROOT call-bound@1.0.4 OK for: array-includes@3.1.9 want: ^1.0.4
1312 silly placeDep ROOT define-properties@1.2.1 OK for: array-includes@3.1.9 want: ^1.2.1
1313 silly placeDep ROOT es-abstract@1.24.2 OK for: array-includes@3.1.9 want: ^1.24.0
1314 silly placeDep ROOT es-object-atoms@1.1.1 OK for: array-includes@3.1.9 want: ^1.1.1
1315 silly placeDep ROOT get-intrinsic@1.3.0 OK for: array-includes@3.1.9 want: ^1.3.0
1316 silly placeDep ROOT is-string@1.1.1 OK for: array-includes@3.1.9 want: ^1.1.1
1317 silly placeDep ROOT math-intrinsics@1.1.0 OK for: array-includes@3.1.9 want: ^1.1.0
1318 silly fetch manifest call-bind-apply-helpers@^1.0.2
1319 silly packumentCache full:https://registry.npmjs.org/call-bind-apply-helpers cache-miss
1320 silly fetch manifest es-define-property@^1.0.1
1321 silly packumentCache full:https://registry.npmjs.org/es-define-property cache-miss
1322 silly fetch manifest set-function-length@^1.2.2
1323 silly packumentCache full:https://registry.npmjs.org/set-function-length cache-miss
1324 http fetch GET 200 https://registry.npmjs.org/set-function-length 37ms (cache miss)
1325 silly packumentCache full:https://registry.npmjs.org/set-function-length set size:undefined disposed:false
1326 silly fetch manifest call-bind-apply-helpers@^1.0.2
1327 silly packumentCache full:https://registry.npmjs.org/call-bind-apply-helpers cache-miss
1328 http fetch GET 200 https://registry.npmjs.org/es-define-property 41ms (cache miss)
1329 silly packumentCache full:https://registry.npmjs.org/es-define-property set size:undefined disposed:false
1330 silly fetch manifest define-data-property@^1.0.1
1331 silly packumentCache full:https://registry.npmjs.org/define-data-property cache-miss
1332 http fetch GET 200 https://registry.npmjs.org/call-bind-apply-helpers 45ms (cache miss)
1333 silly packumentCache full:https://registry.npmjs.org/call-bind-apply-helpers set size:undefined disposed:false
1334 silly fetch manifest has-property-descriptors@^1.0.0
1335 silly packumentCache full:https://registry.npmjs.org/has-property-descriptors cache-miss
1336 http fetch GET 200 https://registry.npmjs.org/call-bind-apply-helpers 36ms (cache miss)
1337 silly packumentCache full:https://registry.npmjs.org/call-bind-apply-helpers set size:undefined disposed:false
1338 silly fetch manifest array-buffer-byte-length@^1.0.2
1339 silly packumentCache full:https://registry.npmjs.org/array-buffer-byte-length cache-miss
1340 http fetch GET 200 https://registry.npmjs.org/has-property-descriptors 37ms (cache miss)
1341 silly packumentCache full:https://registry.npmjs.org/has-property-descriptors set size:undefined disposed:false
1342 silly fetch manifest arraybuffer.prototype.slice@^1.0.4
1343 silly packumentCache full:https://registry.npmjs.org/arraybuffer.prototype.slice cache-miss
1344 http fetch GET 200 https://registry.npmjs.org/array-buffer-byte-length 40ms (cache miss)
1345 silly packumentCache full:https://registry.npmjs.org/array-buffer-byte-length set size:undefined disposed:false
1346 silly fetch manifest available-typed-arrays@^1.0.7
1347 silly packumentCache full:https://registry.npmjs.org/available-typed-arrays cache-miss
1348 http fetch GET 200 https://registry.npmjs.org/arraybuffer.prototype.slice 42ms (cache miss)
1349 silly packumentCache full:https://registry.npmjs.org/arraybuffer.prototype.slice set size:undefined disposed:false
1350 silly fetch manifest data-view-buffer@^1.0.2
1351 silly packumentCache full:https://registry.npmjs.org/data-view-buffer cache-miss
1352 http fetch GET 200 https://registry.npmjs.org/available-typed-arrays 38ms (cache miss)
1353 silly packumentCache full:https://registry.npmjs.org/available-typed-arrays set size:undefined disposed:false
1354 silly fetch manifest data-view-byte-length@^1.0.2
1355 silly packumentCache full:https://registry.npmjs.org/data-view-byte-length cache-miss
1356 http fetch GET 200 https://registry.npmjs.org/data-view-buffer 37ms (cache miss)
1357 silly packumentCache full:https://registry.npmjs.org/data-view-buffer set size:undefined disposed:false
1358 silly fetch manifest data-view-byte-offset@^1.0.1
1359 silly packumentCache full:https://registry.npmjs.org/data-view-byte-offset cache-miss
1360 http fetch GET 200 https://registry.npmjs.org/data-view-byte-length 37ms (cache miss)
1361 silly packumentCache full:https://registry.npmjs.org/data-view-byte-length set size:undefined disposed:false
1362 silly fetch manifest es-set-tostringtag@^2.1.0
1363 silly packumentCache full:https://registry.npmjs.org/es-set-tostringtag cache-miss
1364 http fetch GET 200 https://registry.npmjs.org/data-view-byte-offset 39ms (cache miss)
1365 silly packumentCache full:https://registry.npmjs.org/data-view-byte-offset set size:undefined disposed:false
1366 silly fetch manifest es-to-primitive@^1.3.0
1367 silly packumentCache full:https://registry.npmjs.org/es-to-primitive cache-miss
1368 http fetch GET 200 https://registry.npmjs.org/es-set-tostringtag 42ms (cache miss)
1369 silly packumentCache full:https://registry.npmjs.org/es-set-tostringtag set size:undefined disposed:false
1370 silly fetch manifest function.prototype.name@^1.1.8
1371 silly packumentCache full:https://registry.npmjs.org/function.prototype.name cache-miss
1372 http fetch GET 200 https://registry.npmjs.org/es-to-primitive 38ms (cache miss)
1373 silly packumentCache full:https://registry.npmjs.org/es-to-primitive set size:undefined disposed:false
1374 silly fetch manifest get-proto@^1.0.1
1375 silly packumentCache full:https://registry.npmjs.org/get-proto cache-miss
1376 http fetch GET 200 https://registry.npmjs.org/define-data-property 236ms (cache miss)
1377 silly packumentCache full:https://registry.npmjs.org/define-data-property set size:undefined disposed:false
1378 silly fetch manifest get-symbol-description@^1.1.0
1379 silly packumentCache full:https://registry.npmjs.org/get-symbol-description cache-miss
1380 http fetch GET 200 https://registry.npmjs.org/get-proto 38ms (cache miss)
1381 silly packumentCache full:https://registry.npmjs.org/get-proto set size:undefined disposed:false
1382 silly fetch manifest globalthis@^1.0.4
1383 silly packumentCache full:https://registry.npmjs.org/globalthis cache-miss
1384 http fetch GET 200 https://registry.npmjs.org/get-symbol-description 37ms (cache miss)
1385 silly packumentCache full:https://registry.npmjs.org/get-symbol-description set size:undefined disposed:false
1386 silly fetch manifest gopd@^1.2.0
1387 silly packumentCache full:https://registry.npmjs.org/gopd cache-miss
1388 http fetch GET 200 https://registry.npmjs.org/globalthis 45ms (cache miss)
1389 silly packumentCache full:https://registry.npmjs.org/globalthis set size:undefined disposed:false
1390 silly fetch manifest has-property-descriptors@^1.0.2
1391 silly packumentCache full:https://registry.npmjs.org/has-property-descriptors cache-miss
1392 http cache https://registry.npmjs.org/has-property-descriptors 5ms (cache hit)
1393 silly packumentCache full:https://registry.npmjs.org/has-property-descriptors set size:12452 disposed:false
1394 silly fetch manifest has-proto@^1.2.0
1395 silly packumentCache full:https://registry.npmjs.org/has-proto cache-miss
1396 http fetch GET 200 https://registry.npmjs.org/gopd 38ms (cache miss)
1397 silly packumentCache full:https://registry.npmjs.org/gopd set size:undefined disposed:false
1398 silly fetch manifest has-symbols@^1.1.0
1399 silly packumentCache full:https://registry.npmjs.org/has-symbols cache-miss
1400 http fetch GET 200 https://registry.npmjs.org/has-proto 42ms (cache miss)
1401 silly packumentCache full:https://registry.npmjs.org/has-proto set size:undefined disposed:false
1402 silly fetch manifest internal-slot@^1.1.0
1403 silly packumentCache full:https://registry.npmjs.org/internal-slot cache-miss
1404 http fetch GET 200 https://registry.npmjs.org/has-symbols 40ms (cache miss)
1405 silly packumentCache full:https://registry.npmjs.org/has-symbols set size:undefined disposed:false
1406 silly fetch manifest is-array-buffer@^3.0.5
1407 silly packumentCache full:https://registry.npmjs.org/is-array-buffer cache-miss
1408 http fetch GET 200 https://registry.npmjs.org/internal-slot 41ms (cache miss)
1409 silly packumentCache full:https://registry.npmjs.org/internal-slot set size:undefined disposed:false
1410 silly fetch manifest is-callable@^1.2.7
1411 silly packumentCache full:https://registry.npmjs.org/is-callable cache-miss
1412 http fetch GET 200 https://registry.npmjs.org/is-array-buffer 38ms (cache miss)
1413 silly packumentCache full:https://registry.npmjs.org/is-array-buffer set size:undefined disposed:false
1414 silly fetch manifest is-data-view@^1.0.2
1415 silly packumentCache full:https://registry.npmjs.org/is-data-view cache-miss
1416 http fetch GET 200 https://registry.npmjs.org/function.prototype.name 213ms (cache miss)
1417 silly packumentCache full:https://registry.npmjs.org/function.prototype.name set size:undefined disposed:false
1418 silly fetch manifest is-negative-zero@^2.0.3
1419 silly packumentCache full:https://registry.npmjs.org/is-negative-zero cache-miss
1420 http fetch GET 200 https://registry.npmjs.org/is-callable 48ms (cache miss)
1421 silly packumentCache full:https://registry.npmjs.org/is-callable set size:undefined disposed:false
1422 silly fetch manifest is-regex@^1.2.1
1423 silly packumentCache full:https://registry.npmjs.org/is-regex cache-miss
1424 http fetch GET 200 https://registry.npmjs.org/is-data-view 35ms (cache miss)
1425 silly packumentCache full:https://registry.npmjs.org/is-data-view set size:undefined disposed:false
1426 silly fetch manifest is-set@^2.0.3
1427 silly packumentCache full:https://registry.npmjs.org/is-set cache-miss
1428 http fetch GET 200 https://registry.npmjs.org/is-negative-zero 37ms (cache miss)
1429 silly packumentCache full:https://registry.npmjs.org/is-negative-zero set size:undefined disposed:false
1430 silly fetch manifest is-shared-array-buffer@^1.0.4
1431 silly packumentCache full:https://registry.npmjs.org/is-shared-array-buffer cache-miss
1432 http fetch GET 200 https://registry.npmjs.org/is-set 39ms (cache miss)
1433 silly packumentCache full:https://registry.npmjs.org/is-set set size:undefined disposed:false
1434 silly fetch manifest is-typed-array@^1.1.15
1435 silly packumentCache full:https://registry.npmjs.org/is-typed-array cache-miss
1436 http fetch GET 200 https://registry.npmjs.org/is-regex 48ms (cache miss)
1437 silly packumentCache full:https://registry.npmjs.org/is-regex set size:undefined disposed:false
1438 silly fetch manifest is-weakref@^1.1.1
1439 silly packumentCache full:https://registry.npmjs.org/is-weakref cache-miss
1440 http fetch GET 200 https://registry.npmjs.org/is-shared-array-buffer 38ms (cache miss)
1441 silly packumentCache full:https://registry.npmjs.org/is-shared-array-buffer set size:undefined disposed:false
1442 silly fetch manifest object-inspect@^1.13.4
1443 silly packumentCache full:https://registry.npmjs.org/object-inspect cache-miss
1444 http fetch GET 200 https://registry.npmjs.org/object-inspect 53ms (cache miss)
1445 silly packumentCache full:https://registry.npmjs.org/object-inspect set size:undefined disposed:false
1446 silly fetch manifest object.assign@^4.1.7
1447 silly packumentCache full:https://registry.npmjs.org/object.assign cache-miss
1448 http fetch GET 200 https://registry.npmjs.org/object.assign 42ms (cache miss)
1449 silly packumentCache full:https://registry.npmjs.org/object.assign set size:undefined disposed:false
1450 silly fetch manifest own-keys@^1.0.1
1451 silly packumentCache full:https://registry.npmjs.org/own-keys cache-miss
1452 http fetch GET 200 https://registry.npmjs.org/own-keys 36ms (cache miss)
1453 silly packumentCache full:https://registry.npmjs.org/own-keys set size:undefined disposed:false
1454 silly fetch manifest regexp.prototype.flags@^1.5.4
1455 silly packumentCache full:https://registry.npmjs.org/regexp.prototype.flags cache-miss
1456 http fetch GET 200 https://registry.npmjs.org/regexp.prototype.flags 42ms (cache miss)
1457 silly packumentCache full:https://registry.npmjs.org/regexp.prototype.flags set size:undefined disposed:false
1458 silly fetch manifest safe-array-concat@^1.1.3
1459 silly packumentCache full:https://registry.npmjs.org/safe-array-concat cache-miss
1460 http fetch GET 200 https://registry.npmjs.org/is-typed-array 229ms (cache miss)
1461 silly packumentCache full:https://registry.npmjs.org/is-typed-array set size:undefined disposed:false
1462 silly fetch manifest safe-push-apply@^1.0.0
1463 silly packumentCache full:https://registry.npmjs.org/safe-push-apply cache-miss
1464 http fetch GET 200 https://registry.npmjs.org/is-weakref 232ms (cache miss)
1465 silly packumentCache full:https://registry.npmjs.org/is-weakref set size:undefined disposed:false
1466 silly fetch manifest safe-regex-test@^1.1.0
1467 silly packumentCache full:https://registry.npmjs.org/safe-regex-test cache-miss
1468 http fetch GET 200 https://registry.npmjs.org/safe-array-concat 43ms (cache miss)
1469 silly packumentCache full:https://registry.npmjs.org/safe-array-concat set size:undefined disposed:false
1470 silly fetch manifest set-proto@^1.0.0
1471 silly packumentCache full:https://registry.npmjs.org/set-proto cache-miss
1472 http cache https://registry.npmjs.org/safe-regex-test 6ms (cache hit)
1473 silly packumentCache full:https://registry.npmjs.org/safe-regex-test set size:17412 disposed:false
1474 silly fetch manifest stop-iteration-iterator@^1.1.0
1475 silly packumentCache full:https://registry.npmjs.org/stop-iteration-iterator cache-miss
1476 http fetch GET 200 https://registry.npmjs.org/safe-push-apply 40ms (cache miss)
1477 silly packumentCache full:https://registry.npmjs.org/safe-push-apply set size:undefined disposed:false
1478 silly fetch manifest string.prototype.trim@^1.2.10
1479 silly packumentCache full:https://registry.npmjs.org/string.prototype.trim cache-miss
1480 http fetch GET 200 https://registry.npmjs.org/stop-iteration-iterator 34ms (cache miss)
1481 silly packumentCache full:https://registry.npmjs.org/stop-iteration-iterator set size:undefined disposed:false
1482 silly fetch manifest string.prototype.trimstart@^1.0.8
1483 silly packumentCache full:https://registry.npmjs.org/string.prototype.trimstart cache-miss
1484 http fetch GET 200 https://registry.npmjs.org/set-proto 42ms (cache miss)
1485 silly packumentCache full:https://registry.npmjs.org/set-proto set size:undefined disposed:false
1486 silly fetch manifest typed-array-buffer@^1.0.3
1487 silly packumentCache full:https://registry.npmjs.org/typed-array-buffer cache-miss
1488 http fetch GET 200 https://registry.npmjs.org/string.prototype.trim 42ms (cache miss)
1489 silly packumentCache full:https://registry.npmjs.org/string.prototype.trim set size:undefined disposed:false
1490 silly fetch manifest typed-array-byte-length@^1.0.3
1491 silly packumentCache full:https://registry.npmjs.org/typed-array-byte-length cache-miss
1492 http fetch GET 200 https://registry.npmjs.org/string.prototype.trimstart 43ms (cache miss)
1493 silly packumentCache full:https://registry.npmjs.org/string.prototype.trimstart set size:undefined disposed:false
1494 silly fetch manifest typed-array-byte-offset@^1.0.4
1495 silly packumentCache full:https://registry.npmjs.org/typed-array-byte-offset cache-miss
1496 http fetch GET 200 https://registry.npmjs.org/typed-array-buffer 43ms (cache miss)
1497 silly packumentCache full:https://registry.npmjs.org/typed-array-buffer set size:undefined disposed:false
1498 silly fetch manifest typed-array-length@^1.0.7
1499 silly packumentCache full:https://registry.npmjs.org/typed-array-length cache-miss
1500 http fetch GET 200 https://registry.npmjs.org/typed-array-byte-length 38ms (cache miss)
1501 silly packumentCache full:https://registry.npmjs.org/typed-array-byte-length set size:undefined disposed:false
1502 silly fetch manifest unbox-primitive@^1.1.0
1503 silly packumentCache full:https://registry.npmjs.org/unbox-primitive cache-miss
1504 http fetch GET 200 https://registry.npmjs.org/typed-array-byte-offset 37ms (cache miss)
1505 silly packumentCache full:https://registry.npmjs.org/typed-array-byte-offset set size:undefined disposed:false
1506 silly fetch manifest which-typed-array@^1.1.19
1507 silly packumentCache full:https://registry.npmjs.org/which-typed-array cache-miss
1508 http fetch GET 200 https://registry.npmjs.org/typed-array-length 48ms (cache miss)
1509 silly packumentCache full:https://registry.npmjs.org/typed-array-length set size:undefined disposed:false
1510 silly fetch manifest has-tostringtag@^1.0.2
1511 silly packumentCache full:https://registry.npmjs.org/has-tostringtag cache-miss
1512 http fetch GET 200 https://registry.npmjs.org/which-typed-array 41ms (cache miss)
1513 silly packumentCache full:https://registry.npmjs.org/which-typed-array set size:undefined disposed:false
1514 http fetch GET 200 https://registry.npmjs.org/has-tostringtag 44ms (cache miss)
1515 silly packumentCache full:https://registry.npmjs.org/has-tostringtag set size:undefined disposed:false
1516 http fetch GET 200 https://registry.npmjs.org/unbox-primitive 215ms (cache miss)
1517 silly packumentCache full:https://registry.npmjs.org/unbox-primitive set size:undefined disposed:false
1518 silly placeDep ROOT es-errors@1.3.0 OK for: array.prototype.findlastindex@1.2.6 want: ^1.3.0
1519 silly placeDep ROOT es-shim-unscopables@1.1.0 OK for: array.prototype.findlastindex@1.2.6 want: ^1.1.0
1520 silly placeDep ROOT call-bind-apply-helpers@1.0.2 OK for: call-bind@1.0.9 want: ^1.0.2
1521 silly placeDep ROOT es-define-property@1.0.1 OK for: call-bind@1.0.9 want: ^1.0.1
1522 silly placeDep ROOT set-function-length@1.2.2 OK for: call-bind@1.0.9 want: ^1.2.2
1523 silly fetch manifest define-data-property@^1.1.4
1524 silly packumentCache full:https://registry.npmjs.org/define-data-property cache-miss
1525 silly fetch manifest gopd@^1.0.1
1526 silly packumentCache full:https://registry.npmjs.org/gopd cache-miss
1527 http cache https://registry.npmjs.org/gopd 6ms (cache hit)
1528 silly packumentCache full:https://registry.npmjs.org/gopd set size:11458 disposed:false
1529 http cache https://registry.npmjs.org/define-data-property 7ms (cache hit)
1530 silly packumentCache full:https://registry.npmjs.org/define-data-property set size:28048 disposed:false
1531 silly placeDep ROOT function-bind@1.1.2 OK for: call-bind-apply-helpers@1.0.2 want: ^1.1.2
1532 silly placeDep ROOT define-data-property@1.1.4 OK for: define-properties@1.2.1 want: ^1.0.1
1533 silly placeDep ROOT has-property-descriptors@1.0.2 OK for: define-properties@1.2.1 want: ^1.0.0
1534 silly placeDep ROOT object-keys@1.1.1 OK for: define-properties@1.2.1 want: ^1.1.1
1535 silly placeDep ROOT gopd@1.2.0 OK for: define-data-property@1.1.4 want: ^1.0.1
1536 silly placeDep ROOT array-buffer-byte-length@1.0.2 OK for: es-abstract@1.24.2 want: ^1.0.2
1537 silly placeDep ROOT arraybuffer.prototype.slice@1.0.4 OK for: es-abstract@1.24.2 want: ^1.0.4
1538 silly placeDep ROOT available-typed-arrays@1.0.7 OK for: es-abstract@1.24.2 want: ^1.0.7
1539 silly placeDep ROOT data-view-buffer@1.0.2 OK for: es-abstract@1.24.2 want: ^1.0.2
1540 silly placeDep ROOT data-view-byte-length@1.0.2 OK for: es-abstract@1.24.2 want: ^1.0.2
1541 silly placeDep ROOT data-view-byte-offset@1.0.1 OK for: es-abstract@1.24.2 want: ^1.0.1
1542 silly placeDep ROOT es-set-tostringtag@2.1.0 OK for: es-abstract@1.24.2 want: ^2.1.0
1543 silly placeDep ROOT es-to-primitive@1.3.0 OK for: es-abstract@1.24.2 want: ^1.3.0
1544 silly placeDep ROOT function.prototype.name@1.1.8 OK for: es-abstract@1.24.2 want: ^1.1.8
1545 silly placeDep ROOT get-proto@1.0.1 OK for: es-abstract@1.24.2 want: ^1.0.1
1546 silly placeDep ROOT get-symbol-description@1.1.0 OK for: es-abstract@1.24.2 want: ^1.1.0
1547 silly placeDep ROOT globalthis@1.0.4 OK for: es-abstract@1.24.2 want: ^1.0.4
1548 silly placeDep ROOT has-proto@1.2.0 OK for: es-abstract@1.24.2 want: ^1.2.0
1549 silly placeDep ROOT has-symbols@1.1.0 OK for: es-abstract@1.24.2 want: ^1.1.0
1550 silly placeDep ROOT internal-slot@1.1.0 OK for: es-abstract@1.24.2 want: ^1.1.0
1551 silly placeDep ROOT is-array-buffer@3.0.5 OK for: es-abstract@1.24.2 want: ^3.0.5
1552 silly placeDep ROOT is-callable@1.2.7 OK for: es-abstract@1.24.2 want: ^1.2.7
1553 silly placeDep ROOT is-data-view@1.0.2 OK for: es-abstract@1.24.2 want: ^1.0.2
1554 silly placeDep ROOT is-negative-zero@2.0.3 OK for: es-abstract@1.24.2 want: ^2.0.3
1555 silly placeDep ROOT is-regex@1.2.1 OK for: es-abstract@1.24.2 want: ^1.2.1
1556 silly placeDep ROOT is-set@2.0.3 OK for: es-abstract@1.24.2 want: ^2.0.3
1557 silly placeDep ROOT is-shared-array-buffer@1.0.4 OK for: es-abstract@1.24.2 want: ^1.0.4
1558 silly placeDep ROOT is-typed-array@1.1.15 OK for: es-abstract@1.24.2 want: ^1.1.15
1559 silly placeDep ROOT is-weakref@1.1.1 OK for: es-abstract@1.24.2 want: ^1.1.1
1560 silly placeDep ROOT object-inspect@1.13.4 OK for: es-abstract@1.24.2 want: ^1.13.4
1561 silly placeDep ROOT object.assign@4.1.7 OK for: es-abstract@1.24.2 want: ^4.1.7
1562 silly placeDep ROOT own-keys@1.0.1 OK for: es-abstract@1.24.2 want: ^1.0.1
1563 silly placeDep ROOT regexp.prototype.flags@1.5.4 OK for: es-abstract@1.24.2 want: ^1.5.4
1564 silly placeDep ROOT safe-array-concat@1.1.4 OK for: es-abstract@1.24.2 want: ^1.1.3
1565 silly placeDep ROOT safe-push-apply@1.0.0 OK for: es-abstract@1.24.2 want: ^1.0.0
1566 silly placeDep ROOT safe-regex-test@1.1.0 OK for: es-abstract@1.24.2 want: ^1.1.0
1567 silly placeDep ROOT set-proto@1.0.0 OK for: es-abstract@1.24.2 want: ^1.0.0
1568 silly placeDep ROOT stop-iteration-iterator@1.1.0 OK for: es-abstract@1.24.2 want: ^1.1.0
1569 silly placeDep ROOT string.prototype.trim@1.2.10 OK for: es-abstract@1.24.2 want: ^1.2.10
1570 silly placeDep ROOT string.prototype.trimstart@1.0.8 OK for: es-abstract@1.24.2 want: ^1.0.8
1571 silly placeDep ROOT typed-array-buffer@1.0.3 OK for: es-abstract@1.24.2 want: ^1.0.3
1572 silly placeDep ROOT typed-array-byte-length@1.0.3 OK for: es-abstract@1.24.2 want: ^1.0.3
1573 silly placeDep ROOT typed-array-byte-offset@1.0.4 OK for: es-abstract@1.24.2 want: ^1.0.4
1574 silly placeDep ROOT typed-array-length@1.0.7 OK for: es-abstract@1.24.2 want: ^1.0.7
1575 silly placeDep ROOT unbox-primitive@1.1.0 OK for: es-abstract@1.24.2 want: ^1.1.0
1576 silly placeDep ROOT which-typed-array@1.1.20 OK for: es-abstract@1.24.2 want: ^1.1.19
1577 silly fetch manifest is-array-buffer@^3.0.4
1578 silly packumentCache full:https://registry.npmjs.org/is-array-buffer cache-miss
1579 silly fetch manifest possible-typed-array-names@^1.0.0
1580 silly packumentCache full:https://registry.npmjs.org/possible-typed-array-names cache-miss
1581 silly fetch manifest is-data-view@^1.0.1
1582 silly packumentCache full:https://registry.npmjs.org/is-data-view cache-miss
1583 http cache https://registry.npmjs.org/is-array-buffer 7ms (cache hit)
1584 silly packumentCache full:https://registry.npmjs.org/is-array-buffer set size:33562 disposed:false
1585 silly fetch manifest is-date-object@^1.0.5
1586 silly packumentCache full:https://registry.npmjs.org/is-date-object cache-miss
1587 http cache https://registry.npmjs.org/is-data-view 8ms (cache hit)
1588 silly packumentCache full:https://registry.npmjs.org/is-data-view set size:13756 disposed:false
1589 silly fetch manifest is-symbol@^1.0.4
1590 silly packumentCache full:https://registry.npmjs.org/is-symbol cache-miss
1591 http fetch GET 200 https://registry.npmjs.org/possible-typed-array-names 40ms (cache miss)
1592 silly packumentCache full:https://registry.npmjs.org/possible-typed-array-names set size:undefined disposed:false
1593 silly fetch manifest functions-have-names@^1.2.3
1594 silly packumentCache full:https://registry.npmjs.org/functions-have-names cache-miss
1595 http fetch GET 200 https://registry.npmjs.org/is-date-object 42ms (cache miss)
1596 silly packumentCache full:https://registry.npmjs.org/is-date-object set size:undefined disposed:false
1597 silly fetch manifest dunder-proto@^1.0.1
1598 silly packumentCache full:https://registry.npmjs.org/dunder-proto cache-miss
1599 http fetch GET 200 https://registry.npmjs.org/is-symbol 44ms (cache miss)
1600 silly packumentCache full:https://registry.npmjs.org/is-symbol set size:undefined disposed:false
1601 silly fetch manifest dunder-proto@^1.0.0
1602 silly packumentCache full:https://registry.npmjs.org/dunder-proto cache-miss
1603 http fetch GET 200 https://registry.npmjs.org/dunder-proto 37ms (cache miss)
1604 silly packumentCache full:https://registry.npmjs.org/dunder-proto set size:undefined disposed:false
1605 silly fetch manifest side-channel@^1.1.0
1606 silly packumentCache full:https://registry.npmjs.org/side-channel cache-miss
1607 http fetch GET 200 https://registry.npmjs.org/dunder-proto 38ms (cache miss)
1608 silly packumentCache full:https://registry.npmjs.org/dunder-proto set size:undefined disposed:false
1609 silly fetch manifest is-typed-array@^1.1.13
1610 silly packumentCache full:https://registry.npmjs.org/is-typed-array cache-miss
1611 http cache https://registry.npmjs.org/is-typed-array 3ms (cache hit)
1612 silly packumentCache full:https://registry.npmjs.org/is-typed-array set size:79965 disposed:false
1613 silly fetch manifest which-typed-array@^1.1.16
1614 silly packumentCache full:https://registry.npmjs.org/which-typed-array cache-miss
1615 http cache https://registry.npmjs.org/which-typed-array 4ms (cache hit)
1616 silly packumentCache full:https://registry.npmjs.org/which-typed-array set size:93605 disposed:false
1617 silly fetch manifest set-function-name@^2.0.2
1618 silly packumentCache full:https://registry.npmjs.org/set-function-name cache-miss
1619 http fetch GET 200 https://registry.npmjs.org/side-channel 36ms (cache miss)
1620 silly packumentCache full:https://registry.npmjs.org/side-channel set size:undefined disposed:false
1621 silly fetch manifest isarray@^2.0.5
1622 silly packumentCache full:https://registry.npmjs.org/isarray cache-miss
1623 http fetch GET 200 https://registry.npmjs.org/set-function-name 37ms (cache miss)
1624 silly packumentCache full:https://registry.npmjs.org/set-function-name set size:undefined disposed:false
1625 silly fetch manifest isarray@^2.0.5
1626 silly packumentCache full:https://registry.npmjs.org/isarray cache-miss
1627 http fetch GET 200 https://registry.npmjs.org/isarray 34ms (cache miss)
1628 silly packumentCache full:https://registry.npmjs.org/isarray set size:undefined disposed:false
1629 silly fetch manifest for-each@^0.3.3
1630 silly packumentCache full:https://registry.npmjs.org/for-each cache-miss
1631 http fetch GET 200 https://registry.npmjs.org/isarray 38ms (cache miss)
1632 silly packumentCache full:https://registry.npmjs.org/isarray set size:undefined disposed:false
1633 silly fetch manifest for-each@^0.3.3
1634 silly packumentCache full:https://registry.npmjs.org/for-each cache-miss
1635 http fetch GET 200 https://registry.npmjs.org/for-each 35ms (cache miss)
1636 silly packumentCache full:https://registry.npmjs.org/for-each set size:undefined disposed:false
1637 silly fetch manifest reflect.getprototypeof@^1.0.9
1638 silly packumentCache full:https://registry.npmjs.org/reflect.getprototypeof cache-miss
1639 http fetch GET 200 https://registry.npmjs.org/for-each 40ms (cache miss)
1640 silly packumentCache full:https://registry.npmjs.org/for-each set size:undefined disposed:false
1641 silly fetch manifest reflect.getprototypeof@^1.0.6
1642 silly packumentCache full:https://registry.npmjs.org/reflect.getprototypeof cache-miss
1643 http fetch GET 200 https://registry.npmjs.org/reflect.getprototypeof 39ms (cache miss)
1644 silly packumentCache full:https://registry.npmjs.org/reflect.getprototypeof set size:undefined disposed:false
1645 silly fetch manifest has-bigints@^1.0.2
1646 silly packumentCache full:https://registry.npmjs.org/has-bigints cache-miss
1647 http fetch GET 200 https://registry.npmjs.org/functions-have-names 204ms (cache miss)
1648 silly packumentCache full:https://registry.npmjs.org/functions-have-names set size:undefined disposed:false
1649 silly fetch manifest which-boxed-primitive@^1.1.1
1650 silly packumentCache full:https://registry.npmjs.org/which-boxed-primitive cache-miss
1651 http fetch GET 200 https://registry.npmjs.org/reflect.getprototypeof 42ms (cache miss)
1652 silly packumentCache full:https://registry.npmjs.org/reflect.getprototypeof set size:undefined disposed:false
1653 silly fetch manifest for-each@^0.3.5
1654 silly packumentCache full:https://registry.npmjs.org/for-each cache-miss
1655 http cache https://registry.npmjs.org/for-each 5ms (cache hit)
1656 silly packumentCache full:https://registry.npmjs.org/for-each set size:14327 disposed:false
1657 http fetch GET 200 https://registry.npmjs.org/has-bigints 40ms (cache miss)
1658 silly packumentCache full:https://registry.npmjs.org/has-bigints set size:undefined disposed:false
1659 http fetch GET 200 https://registry.npmjs.org/which-boxed-primitive 37ms (cache miss)
1660 silly packumentCache full:https://registry.npmjs.org/which-boxed-primitive set size:undefined disposed:false
1661 silly placeDep ROOT possible-typed-array-names@1.1.0 OK for: available-typed-arrays@1.0.7 want: ^1.0.0
1662 silly placeDep ROOT has-tostringtag@1.0.2 OK for: es-set-tostringtag@2.1.0 want: ^1.0.2
1663 silly placeDep ROOT is-date-object@1.1.0 OK for: es-to-primitive@1.3.0 want: ^1.0.5
1664 silly placeDep ROOT is-symbol@1.1.1 OK for: es-to-primitive@1.3.0 want: ^1.0.4
1665 silly placeDep node_modules/eslint-module-utils debug@3.2.7 OK for: eslint-module-utils@2.12.1 want: ^3.2.7
1666 silly placeDep ROOT aria-query@5.3.2 OK for: eslint-plugin-jsx-a11y@6.10.2 want: ^5.3.2
1667 silly placeDep ROOT ast-types-flow@0.0.8 OK for: eslint-plugin-jsx-a11y@6.10.2 want: ^0.0.8
1668 silly placeDep ROOT axe-core@4.11.4 OK for: eslint-plugin-jsx-a11y@6.10.2 want: ^4.10.0
1669 silly placeDep ROOT axobject-query@4.1.0 OK for: eslint-plugin-jsx-a11y@6.10.2 want: ^4.1.0
1670 silly placeDep ROOT damerau-levenshtein@1.0.8 OK for: eslint-plugin-jsx-a11y@6.10.2 want: ^1.0.8
1671 silly placeDep ROOT emoji-regex@9.2.2 OK for: eslint-plugin-jsx-a11y@6.10.2 want: ^9.2.2
1672 silly placeDep ROOT jsx-ast-utils@3.3.5 OK for: eslint-plugin-jsx-a11y@6.10.2 want: ^3.3.5
1673 silly placeDep ROOT language-tags@1.0.9 OK for: eslint-plugin-jsx-a11y@6.10.2 want: ^1.0.9
1674 silly placeDep ROOT string.prototype.includes@2.0.1 OK for: eslint-plugin-jsx-a11y@6.10.2 want: ^2.0.1
1675 silly fetch manifest language-subtag-registry@^0.3.20
1676 silly packumentCache full:https://registry.npmjs.org/language-subtag-registry cache-miss
1677 http fetch GET 200 https://registry.npmjs.org/language-subtag-registry 216ms (cache miss)
1678 silly packumentCache full:https://registry.npmjs.org/language-subtag-registry set size:undefined disposed:false
1679 silly placeDep ROOT array.prototype.findlast@1.2.5 OK for: eslint-plugin-react@7.37.5 want: ^1.2.5
1680 silly placeDep ROOT array.prototype.tosorted@1.1.4 OK for: eslint-plugin-react@7.37.5 want: ^1.1.4
1681 silly placeDep ROOT es-iterator-helpers@1.3.2 OK for: eslint-plugin-react@7.37.5 want: ^1.2.1
1682 silly placeDep ROOT estraverse@5.3.0 OK for: eslint-plugin-react@7.37.5 want: ^5.3.0
1683 silly placeDep ROOT object.entries@1.1.9 OK for: eslint-plugin-react@7.37.5 want: ^1.1.9
1684 silly placeDep ROOT prop-types@15.8.1 OK for: eslint-plugin-react@7.37.5 want: ^15.8.1
1685 silly placeDep ROOT string.prototype.matchall@4.0.12 OK for: eslint-plugin-react@7.37.5 want: ^4.0.12
1686 silly placeDep ROOT string.prototype.repeat@1.0.0 OK for: eslint-plugin-react@7.37.5 want: ^1.0.0
1687 silly fetch manifest iterator.prototype@^1.1.5
1688 silly packumentCache full:https://registry.npmjs.org/iterator.prototype cache-miss
1689 silly fetch manifest loose-envify@^1.4.0
1690 silly packumentCache full:https://registry.npmjs.org/loose-envify cache-miss
1691 silly fetch manifest object-assign@^4.1.1
1692 silly packumentCache full:https://registry.npmjs.org/object-assign cache-miss
1693 http fetch GET 200 https://registry.npmjs.org/loose-envify 37ms (cache miss)
1694 silly packumentCache full:https://registry.npmjs.org/loose-envify set size:undefined disposed:false
1695 silly fetch manifest react-is@^16.13.1
1696 silly packumentCache full:https://registry.npmjs.org/react-is cache-miss
1697 http fetch GET 200 https://registry.npmjs.org/iterator.prototype 48ms (cache miss)
1698 silly packumentCache full:https://registry.npmjs.org/iterator.prototype set size:undefined disposed:false
1699 http fetch GET 200 https://registry.npmjs.org/object-assign 50ms (cache miss)
1700 silly packumentCache full:https://registry.npmjs.org/object-assign set size:undefined disposed:false
1701 http fetch GET 200 https://registry.npmjs.org/react-is 494ms (cache miss)
1702 silly packumentCache full:https://registry.npmjs.org/react-is set size:undefined disposed:false
1703 silly placeDep ROOT iterator.prototype@1.1.5 OK for: es-iterator-helpers@1.3.2 want: ^1.1.5
1704 silly placeDep ROOT @babel/core@7.29.0 OK for: eslint-plugin-react-hooks@7.1.1 want: ^7.24.4
1705 silly placeDep ROOT @babel/parser@7.29.3 OK for: eslint-plugin-react-hooks@7.1.1 want: ^7.24.4
1706 silly placeDep ROOT hermes-parser@0.25.1 OK for: eslint-plugin-react-hooks@7.1.1 want: ^0.25.1
1707 silly placeDep ROOT zod@4.4.3 OK for: eslint-plugin-react-hooks@7.1.1 want: ^3.25.0 || ^4.0.0
1708 silly placeDep ROOT zod-validation-error@4.0.2 OK for: eslint-plugin-react-hooks@7.1.1 want: ^3.5.0 || ^4.0.0
1709 silly fetch manifest json5@^2.2.3
1710 silly packumentCache full:https://registry.npmjs.org/json5 cache-miss
1711 silly fetch manifest gensync@^1.0.0-beta.2
1712 silly packumentCache full:https://registry.npmjs.org/gensync cache-miss
1713 silly fetch manifest @babel/types@^7.29.0
1714 silly packumentCache full:https://registry.npmjs.org/@babel%2ftypes cache-miss
1715 http cache https://registry.npmjs.org/json5 20ms (cache hit)
1716 silly packumentCache full:https://registry.npmjs.org/json5 set size:86136 disposed:false
1717 silly fetch manifest @babel/parser@^7.29.0
1718 silly packumentCache full:https://registry.npmjs.org/@babel%2fparser cache-miss
1719 http cache https://registry.npmjs.org/@babel%2fparser 6ms (cache hit)
1720 silly packumentCache full:https://registry.npmjs.org/@babel%2fparser set size:725652 disposed:false
1721 silly fetch manifest @babel/helpers@^7.28.6
1722 silly packumentCache full:https://registry.npmjs.org/@babel%2fhelpers cache-miss
1723 http fetch GET 200 https://registry.npmjs.org/gensync 42ms (cache miss)
1724 silly packumentCache full:https://registry.npmjs.org/gensync set size:undefined disposed:false
1725 silly fetch manifest @babel/template@^7.28.6
1726 silly packumentCache full:https://registry.npmjs.org/@babel%2ftemplate cache-miss
1727 http fetch GET 200 https://registry.npmjs.org/@babel%2fhelpers 83ms (cache miss)
1728 silly packumentCache full:https://registry.npmjs.org/@babel%2fhelpers set size:undefined disposed:false
1729 silly fetch manifest @babel/traverse@^7.29.0
1730 silly packumentCache full:https://registry.npmjs.org/@babel%2ftraverse cache-miss
1731 http fetch GET 200 https://registry.npmjs.org/@babel%2ftemplate 78ms (cache miss)
1732 silly packumentCache full:https://registry.npmjs.org/@babel%2ftemplate set size:undefined disposed:false
1733 silly fetch manifest @babel/generator@^7.29.0
1734 silly packumentCache full:https://registry.npmjs.org/@babel%2fgenerator cache-miss
1735 http fetch GET 200 https://registry.npmjs.org/@babel%2ftypes 135ms (cache miss)
1736 silly packumentCache full:https://registry.npmjs.org/@babel%2ftypes set size:undefined disposed:false
1737 silly fetch manifest @babel/code-frame@^7.29.0
1738 silly packumentCache full:https://registry.npmjs.org/@babel%2fcode-frame cache-miss
1739 http fetch GET 200 https://registry.npmjs.org/@babel%2ftraverse 93ms (cache miss)
1740 silly packumentCache full:https://registry.npmjs.org/@babel%2ftraverse set size:undefined disposed:false
1741 silly fetch manifest convert-source-map@^2.0.0
1742 silly packumentCache full:https://registry.npmjs.org/convert-source-map cache-miss
1743 http fetch GET 200 https://registry.npmjs.org/@babel%2fcode-frame 83ms (cache miss)
1744 silly packumentCache full:https://registry.npmjs.org/@babel%2fcode-frame set size:undefined disposed:false
1745 silly fetch manifest @babel/helper-module-transforms@^7.28.6
1746 silly packumentCache full:https://registry.npmjs.org/@babel%2fhelper-module-transforms cache-miss
1747 http fetch GET 200 https://registry.npmjs.org/@babel%2fgenerator 112ms (cache miss)
1748 silly packumentCache full:https://registry.npmjs.org/@babel%2fgenerator set size:undefined disposed:false
1749 silly fetch manifest @babel/helper-compilation-targets@^7.28.6
1750 silly packumentCache full:https://registry.npmjs.org/@babel%2fhelper-compilation-targets cache-miss
1751 http fetch GET 200 https://registry.npmjs.org/convert-source-map 58ms (cache miss)
1752 silly packumentCache full:https://registry.npmjs.org/convert-source-map set size:undefined disposed:false
1753 silly fetch manifest hermes-estree@0.25.1
1754 silly packumentCache full:https://registry.npmjs.org/hermes-estree cache-miss
1755 http fetch GET 200 https://registry.npmjs.org/hermes-estree 43ms (cache miss)
1756 silly packumentCache full:https://registry.npmjs.org/hermes-estree set size:undefined disposed:false
1757 http fetch GET 200 https://registry.npmjs.org/@babel%2fhelper-module-transforms 116ms (cache miss)
1758 silly packumentCache full:https://registry.npmjs.org/@babel%2fhelper-module-transforms set size:undefined disposed:false
1759 http fetch GET 200 https://registry.npmjs.org/@babel%2fhelper-compilation-targets 249ms (cache miss)
1760 silly packumentCache full:https://registry.npmjs.org/@babel%2fhelper-compilation-targets set size:undefined disposed:false
1761 silly fetch manifest @babel/core@^7.0.0
1762 silly packumentCache full:https://registry.npmjs.org/@babel%2fcore cache-miss
1763 http cache https://registry.npmjs.org/@babel%2fcore 7ms (cache hit)
1764 silly packumentCache full:https://registry.npmjs.org/@babel%2fcore set size:768033 disposed:false
1765 silly placeDep ROOT @babel/code-frame@7.29.0 OK for: @babel/core@7.29.0 want: ^7.29.0
1766 silly placeDep ROOT @babel/generator@7.29.1 OK for: @babel/core@7.29.0 want: ^7.29.0
1767 silly placeDep ROOT @babel/helper-compilation-targets@7.28.6 OK for: @babel/core@7.29.0 want: ^7.28.6
1768 silly placeDep ROOT @babel/helper-module-transforms@7.28.6 OK for: @babel/core@7.29.0 want: ^7.28.6
1769 silly placeDep ROOT @babel/helpers@7.29.2 OK for: @babel/core@7.29.0 want: ^7.28.6
1770 silly placeDep ROOT @babel/template@7.28.6 OK for: @babel/core@7.29.0 want: ^7.28.6
1771 silly placeDep ROOT @babel/traverse@7.29.0 OK for: @babel/core@7.29.0 want: ^7.29.0
1772 silly placeDep ROOT @babel/types@7.29.0 OK for: @babel/core@7.29.0 want: ^7.29.0
1773 silly placeDep ROOT convert-source-map@2.0.0 OK for: @babel/core@7.29.0 want: ^2.0.0
1774 silly placeDep ROOT gensync@1.0.0-beta.2 OK for: @babel/core@7.29.0 want: ^1.0.0-beta.2
1775 silly placeDep ROOT json5@2.2.3 OK for: @babel/core@7.29.0 want: ^2.2.3
1776 silly fetch manifest js-tokens@^4.0.0
1777 silly packumentCache full:https://registry.npmjs.org/js-tokens cache-miss
1778 silly fetch manifest @babel/helper-validator-identifier@^7.28.5
1779 silly packumentCache full:https://registry.npmjs.org/@babel%2fhelper-validator-identifier cache-miss
1780 silly fetch manifest jsesc@^3.0.2
1781 silly packumentCache full:https://registry.npmjs.org/jsesc cache-miss
1782 http fetch GET 200 https://registry.npmjs.org/js-tokens 40ms (cache miss)
1783 silly packumentCache full:https://registry.npmjs.org/js-tokens set size:undefined disposed:false
1784 silly fetch manifest lru-cache@^5.1.1
1785 silly packumentCache full:https://registry.npmjs.org/lru-cache cache-miss
1786 http fetch GET 200 https://registry.npmjs.org/jsesc 48ms (cache miss)
1787 silly packumentCache full:https://registry.npmjs.org/jsesc set size:undefined disposed:false
1788 silly fetch manifest browserslist@^4.24.0
1789 silly packumentCache full:https://registry.npmjs.org/browserslist cache-miss
1790 http fetch GET 200 https://registry.npmjs.org/@babel%2fhelper-validator-identifier 68ms (cache miss)
1791 silly packumentCache full:https://registry.npmjs.org/@babel%2fhelper-validator-identifier set size:undefined disposed:false
1792 silly fetch manifest @babel/compat-data@^7.28.6
1793 silly packumentCache full:https://registry.npmjs.org/@babel%2fcompat-data cache-miss
1794 http fetch GET 200 https://registry.npmjs.org/lru-cache 79ms (cache miss)
1795 silly packumentCache full:https://registry.npmjs.org/lru-cache set size:undefined disposed:false
1796 silly fetch manifest @babel/helper-validator-option@^7.27.1
1797 silly packumentCache full:https://registry.npmjs.org/@babel%2fhelper-validator-option cache-miss
1798 http fetch GET 200 https://registry.npmjs.org/browserslist 105ms (cache miss)
1799 silly packumentCache full:https://registry.npmjs.org/browserslist set size:undefined disposed:false
1800 silly fetch manifest @babel/traverse@^7.28.6
1801 silly packumentCache full:https://registry.npmjs.org/@babel%2ftraverse cache-miss
1802 http cache https://registry.npmjs.org/@babel%2ftraverse 6ms (cache hit)
1803 silly packumentCache full:https://registry.npmjs.org/@babel%2ftraverse set size:553169 disposed:false
1804 silly fetch manifest @babel/helper-module-imports@^7.28.6
1805 silly packumentCache full:https://registry.npmjs.org/@babel%2fhelper-module-imports cache-miss
1806 http fetch GET 200 https://registry.npmjs.org/@babel%2fcompat-data 109ms (cache miss)
1807 silly packumentCache full:https://registry.npmjs.org/@babel%2fcompat-data set size:undefined disposed:false
1808 silly fetch manifest @babel/types@^7.28.6
1809 silly packumentCache full:https://registry.npmjs.org/@babel%2ftypes cache-miss
1810 http cache https://registry.npmjs.org/@babel%2ftypes 5ms (cache hit)
1811 silly packumentCache full:https://registry.npmjs.org/@babel%2ftypes set size:491978 disposed:false
1812 silly fetch manifest @babel/helper-globals@^7.28.0
1813 silly packumentCache full:https://registry.npmjs.org/@babel%2fhelper-globals cache-miss
1814 http fetch GET 200 https://registry.npmjs.org/@babel%2fhelper-validator-option 71ms (cache miss)
1815 silly packumentCache full:https://registry.npmjs.org/@babel%2fhelper-validator-option set size:undefined disposed:false
1816 silly fetch manifest @babel/helper-string-parser@^7.27.1
1817 silly packumentCache full:https://registry.npmjs.org/@babel%2fhelper-string-parser cache-miss
1818 http fetch GET 200 https://registry.npmjs.org/@babel%2fhelper-globals 56ms (cache miss)
1819 silly packumentCache full:https://registry.npmjs.org/@babel%2fhelper-globals set size:undefined disposed:false
1820 http fetch GET 200 https://registry.npmjs.org/@babel%2fhelper-module-imports 77ms (cache miss)
1821 silly packumentCache full:https://registry.npmjs.org/@babel%2fhelper-module-imports set size:undefined disposed:false
1822 http fetch GET 200 https://registry.npmjs.org/@babel%2fhelper-string-parser 56ms (cache miss)
1823 silly packumentCache full:https://registry.npmjs.org/@babel%2fhelper-string-parser set size:undefined disposed:false
1824 silly placeDep ROOT @babel/helper-validator-identifier@7.28.5 OK for: @babel/code-frame@7.29.0 want: ^7.28.5
1825 silly placeDep ROOT js-tokens@4.0.0 OK for: @babel/code-frame@7.29.0 want: ^4.0.0
1826 silly placeDep ROOT picocolors@1.1.1 OK for: @babel/code-frame@7.29.0 want: ^1.1.1
1827 silly placeDep ROOT jsesc@3.1.0 OK for: @babel/generator@7.29.1 want: ^3.0.2
1828 silly placeDep ROOT @babel/compat-data@7.29.3 OK for: @babel/helper-compilation-targets@7.28.6 want: ^7.28.6
1829 silly placeDep ROOT @babel/helper-validator-option@7.27.1 OK for: @babel/helper-compilation-targets@7.28.6 want: ^7.27.1
1830 silly placeDep ROOT browserslist@4.28.2 OK for: @babel/helper-compilation-targets@7.28.6 want: ^4.24.0
1831 silly placeDep ROOT lru-cache@5.1.1 OK for: @babel/helper-compilation-targets@7.28.6 want: ^5.1.1
1832 silly fetch manifest baseline-browser-mapping@^2.10.12
1833 silly packumentCache full:https://registry.npmjs.org/baseline-browser-mapping cache-miss
1834 silly fetch manifest caniuse-lite@^1.0.30001782
1835 silly packumentCache full:https://registry.npmjs.org/caniuse-lite cache-miss
1836 silly fetch manifest electron-to-chromium@^1.5.328
1837 silly packumentCache full:https://registry.npmjs.org/electron-to-chromium cache-miss
1838 http cache https://registry.npmjs.org/baseline-browser-mapping 6ms (cache hit)
1839 silly packumentCache full:https://registry.npmjs.org/baseline-browser-mapping set size:479134 disposed:false
1840 silly fetch manifest node-releases@^2.0.36
1841 silly packumentCache full:https://registry.npmjs.org/node-releases cache-miss
1842 http cache https://registry.npmjs.org/caniuse-lite 13ms (cache hit)
1843 silly packumentCache full:https://registry.npmjs.org/caniuse-lite set size:2291079 disposed:false
1844 silly fetch manifest update-browserslist-db@^1.2.3
1845 silly packumentCache full:https://registry.npmjs.org/update-browserslist-db cache-miss
1846 http fetch GET 200 https://registry.npmjs.org/update-browserslist-db 47ms (cache miss)
1847 silly packumentCache full:https://registry.npmjs.org/update-browserslist-db set size:undefined disposed:false
1848 silly fetch manifest yallist@^3.0.2
1849 silly packumentCache full:https://registry.npmjs.org/yallist cache-miss
1850 http fetch GET 200 https://registry.npmjs.org/node-releases 102ms (cache miss)
1851 silly packumentCache full:https://registry.npmjs.org/node-releases set size:undefined disposed:false
1852 http fetch GET 200 https://registry.npmjs.org/yallist 84ms (cache miss)
1853 silly packumentCache full:https://registry.npmjs.org/yallist set size:undefined disposed:false
1854 http fetch GET 200 https://registry.npmjs.org/electron-to-chromium 666ms (cache miss)
1855 silly packumentCache full:https://registry.npmjs.org/electron-to-chromium set size:undefined disposed:false
1856 silly placeDep ROOT @babel/helper-module-imports@7.28.6 OK for: @babel/helper-module-transforms@7.28.6 want: ^7.28.6
1857 silly placeDep ROOT @babel/helper-globals@7.28.0 OK for: @babel/traverse@7.29.0 want: ^7.28.0
1858 silly placeDep ROOT @babel/helper-string-parser@7.27.1 OK for: @babel/types@7.29.0 want: ^7.27.1
1859 silly fetch manifest browserslist@>= 4.21.0
1860 silly packumentCache full:https://registry.npmjs.org/browserslist cache-miss
1861 http cache https://registry.npmjs.org/browserslist 6ms (cache hit)
1862 silly packumentCache full:https://registry.npmjs.org/browserslist set size:504681 disposed:false
1863 silly placeDep ROOT baseline-browser-mapping@2.10.29 OK for: browserslist@4.28.2 want: ^2.10.12
1864 silly placeDep ROOT caniuse-lite@1.0.30001792 OK for: browserslist@4.28.2 want: ^1.0.30001782
1865 silly placeDep ROOT electron-to-chromium@1.5.357 OK for: browserslist@4.28.2 want: ^1.5.328
1866 silly placeDep ROOT node-releases@2.0.44 OK for: browserslist@4.28.2 want: ^2.0.36
1867 silly placeDep ROOT update-browserslist-db@1.2.3 OK for: browserslist@4.28.2 want: ^1.2.3
1868 silly fetch manifest escalade@^3.2.0
1869 silly packumentCache full:https://registry.npmjs.org/escalade cache-miss
1870 http fetch GET 200 https://registry.npmjs.org/escalade 42ms (cache miss)
1871 silly packumentCache full:https://registry.npmjs.org/escalade set size:undefined disposed:false
1872 silly placeDep ROOT esrecurse@4.3.0 OK for: eslint-scope@8.4.0 want: ^4.3.0
1873 silly placeDep ROOT acorn@8.16.0 OK for: espree@10.4.0 want: ^8.15.0
1874 silly placeDep ROOT acorn-jsx@5.3.2 OK for: espree@10.4.0 want: ^5.3.2
1875 silly placeDep ROOT @nodelib/fs.stat@2.0.5 OK for: fast-glob@3.3.1 want: ^2.0.2
1876 silly placeDep ROOT @nodelib/fs.walk@1.2.8 OK for: fast-glob@3.3.1 want: ^1.2.3
1877 silly placeDep node_modules/fast-glob glob-parent@5.1.2 OK for: fast-glob@3.3.1 want: ^5.1.2
1878 silly placeDep ROOT merge2@1.4.1 OK for: fast-glob@3.3.1 want: ^1.3.0
1879 silly placeDep ROOT micromatch@4.0.8 OK for: fast-glob@3.3.1 want: ^4.0.4
1880 silly fetch manifest fastq@^1.6.0
1881 silly packumentCache full:https://registry.npmjs.org/fastq cache-miss
1882 silly fetch manifest @nodelib/fs.scandir@2.1.5
1883 silly packumentCache full:https://registry.npmjs.org/@nodelib%2ffs.scandir cache-miss
1884 silly fetch manifest braces@^3.0.3
1885 silly packumentCache full:https://registry.npmjs.org/braces cache-miss
1886 http fetch GET 200 https://registry.npmjs.org/fastq 47ms (cache miss)
1887 silly packumentCache full:https://registry.npmjs.org/fastq set size:undefined disposed:false
1888 silly fetch manifest picomatch@^2.3.1
1889 silly packumentCache full:https://registry.npmjs.org/picomatch cache-miss
1890 http fetch GET 200 https://registry.npmjs.org/braces 51ms (cache miss)
1891 silly packumentCache full:https://registry.npmjs.org/braces set size:undefined disposed:false
1892 http cache https://registry.npmjs.org/picomatch 7ms (cache hit)
1893 silly packumentCache full:https://registry.npmjs.org/picomatch set size:126376 disposed:false
1894 http fetch GET 200 https://registry.npmjs.org/@nodelib%2ffs.scandir 67ms (cache miss)
1895 silly packumentCache full:https://registry.npmjs.org/@nodelib%2ffs.scandir set size:undefined disposed:false
1896 silly placeDep ROOT @nodelib/fs.scandir@2.1.5 OK for: @nodelib/fs.walk@1.2.8 want: 2.1.5
1897 silly placeDep ROOT fastq@1.20.1 OK for: @nodelib/fs.walk@1.2.8 want: ^1.6.0
1898 silly fetch manifest run-parallel@^1.1.9
1899 silly packumentCache full:https://registry.npmjs.org/run-parallel cache-miss
1900 silly fetch manifest reusify@^1.0.4
1901 silly packumentCache full:https://registry.npmjs.org/reusify cache-miss
1902 http fetch GET 200 https://registry.npmjs.org/reusify 35ms (cache miss)
1903 silly packumentCache full:https://registry.npmjs.org/reusify set size:undefined disposed:false
1904 http fetch GET 200 https://registry.npmjs.org/run-parallel 42ms (cache miss)
1905 silly packumentCache full:https://registry.npmjs.org/run-parallel set size:undefined disposed:false
1906 silly placeDep ROOT run-parallel@1.2.0 OK for: @nodelib/fs.scandir@2.1.5 want: ^1.1.9
1907 silly fetch manifest queue-microtask@^1.2.2
1908 silly packumentCache full:https://registry.npmjs.org/queue-microtask cache-miss
1909 http fetch GET 200 https://registry.npmjs.org/queue-microtask 41ms (cache miss)
1910 silly packumentCache full:https://registry.npmjs.org/queue-microtask set size:undefined disposed:false
1911 silly placeDep ROOT reusify@1.1.0 OK for: fastq@1.20.1 want: ^1.0.4
1912 silly placeDep ROOT flat-cache@4.0.1 OK for: file-entry-cache@8.0.0 want: ^4.0.0
1913 silly fetch manifest keyv@^4.5.4
1914 silly packumentCache full:https://registry.npmjs.org/keyv cache-miss
1915 silly fetch manifest flatted@^3.2.9
1916 silly packumentCache full:https://registry.npmjs.org/flatted cache-miss
1917 http fetch GET 200 https://registry.npmjs.org/flatted 50ms (cache miss)
1918 silly packumentCache full:https://registry.npmjs.org/flatted set size:undefined disposed:false
1919 http fetch GET 200 https://registry.npmjs.org/keyv 62ms (cache miss)
1920 silly packumentCache full:https://registry.npmjs.org/keyv set size:undefined disposed:false
1921 silly placeDep ROOT locate-path@6.0.0 OK for: find-up@5.0.0 want: ^6.0.0
1922 silly placeDep ROOT path-exists@4.0.0 OK for: find-up@5.0.0 want: ^4.0.0
1923 silly fetch manifest p-locate@^5.0.0
1924 silly packumentCache full:https://registry.npmjs.org/p-locate cache-miss
1925 http fetch GET 200 https://registry.npmjs.org/p-locate 42ms (cache miss)
1926 silly packumentCache full:https://registry.npmjs.org/p-locate set size:undefined disposed:false
1927 silly placeDep ROOT flatted@3.4.2 OK for: flat-cache@4.0.1 want: ^3.2.9
1928 silly placeDep ROOT keyv@4.5.4 OK for: flat-cache@4.0.1 want: ^4.5.4
1929 silly fetch manifest json-buffer@3.0.1
1930 silly packumentCache full:https://registry.npmjs.org/json-buffer cache-miss
1931 http fetch GET 200 https://registry.npmjs.org/json-buffer 39ms (cache miss)
1932 silly packumentCache full:https://registry.npmjs.org/json-buffer set size:undefined disposed:false
1933 silly placeDep ROOT functions-have-names@1.2.3 OK for: function.prototype.name@1.1.8 want: ^1.2.3
1934 silly placeDep ROOT dunder-proto@1.0.1 OK for: get-proto@1.0.1 want: ^1.0.1
1935 silly placeDep ROOT resolve-pkg-maps@1.0.0 OK for: get-tsconfig@4.14.0 want: ^1.0.0
1936 silly placeDep ROOT hermes-estree@0.25.1 OK for: hermes-parser@0.25.1 want: 0.25.1
1937 silly placeDep ROOT parent-module@1.0.1 OK for: import-fresh@3.3.1 want: ^1.0.0
1938 silly placeDep ROOT resolve-from@4.0.0 OK for: import-fresh@3.3.1 want: ^4.0.0
1939 silly fetch manifest callsites@^3.0.0
1940 silly packumentCache full:https://registry.npmjs.org/callsites cache-miss
1941 http fetch GET 200 https://registry.npmjs.org/callsites 38ms (cache miss)
1942 silly packumentCache full:https://registry.npmjs.org/callsites set size:undefined disposed:false
1943 silly placeDep ROOT side-channel@1.1.0 OK for: internal-slot@1.1.0 want: ^1.1.0
1944 silly fetch manifest side-channel-list@^1.0.0
1945 silly packumentCache full:https://registry.npmjs.org/side-channel-list cache-miss
1946 silly fetch manifest side-channel-map@^1.0.1
1947 silly packumentCache full:https://registry.npmjs.org/side-channel-map cache-miss
1948 silly fetch manifest side-channel-weakmap@^1.0.2
1949 silly packumentCache full:https://registry.npmjs.org/side-channel-weakmap cache-miss
1950 http fetch GET 200 https://registry.npmjs.org/side-channel-map 37ms (cache miss)
1951 silly packumentCache full:https://registry.npmjs.org/side-channel-map set size:undefined disposed:false
1952 http fetch GET 200 https://registry.npmjs.org/side-channel-weakmap 39ms (cache miss)
1953 silly packumentCache full:https://registry.npmjs.org/side-channel-weakmap set size:undefined disposed:false
1954 http fetch GET 200 https://registry.npmjs.org/side-channel-list 43ms (cache miss)
1955 silly packumentCache full:https://registry.npmjs.org/side-channel-list set size:undefined disposed:false
1956 silly placeDep node_modules/is-bun-module semver@7.8.0 OK for: is-bun-module@2.0.0 want: ^7.7.1
1957 silly placeDep ROOT is-extglob@2.1.1 OK for: is-glob@4.0.3 want: ^2.1.1
1958 silly placeDep ROOT set-function-name@2.0.2 OK for: iterator.prototype@1.1.5 want: ^2.0.2
1959 silly placeDep ROOT argparse@2.0.1 OK for: js-yaml@4.1.1 want: ^2.0.1
1960 silly placeDep ROOT json-buffer@3.0.1 OK for: keyv@4.5.4 want: 3.0.1
1961 silly placeDep ROOT language-subtag-registry@0.3.23 OK for: language-tags@1.0.9 want: ^0.3.20
1962 silly placeDep ROOT prelude-ls@1.2.1 OK for: levn@0.4.1 want: ^1.2.1
1963 silly placeDep ROOT type-check@0.4.0 OK for: levn@0.4.1 want: ~0.4.0
1964 silly placeDep ROOT detect-libc@2.1.2 OK for: lightningcss@1.32.0 want: ^2.0.3
1965 silly placeDep ROOT lightningcss-android-arm64@1.32.0 OK for: lightningcss@1.32.0 want: 1.32.0
1966 silly placeDep ROOT lightningcss-darwin-arm64@1.32.0 OK for: lightningcss@1.32.0 want: 1.32.0
1967 silly placeDep ROOT lightningcss-darwin-x64@1.32.0 OK for: lightningcss@1.32.0 want: 1.32.0
1968 silly placeDep ROOT lightningcss-freebsd-x64@1.32.0 OK for: lightningcss@1.32.0 want: 1.32.0
1969 silly placeDep ROOT lightningcss-linux-arm-gnueabihf@1.32.0 OK for: lightningcss@1.32.0 want: 1.32.0
1970 silly placeDep ROOT lightningcss-linux-arm64-gnu@1.32.0 OK for: lightningcss@1.32.0 want: 1.32.0
1971 silly placeDep ROOT lightningcss-linux-arm64-musl@1.32.0 OK for: lightningcss@1.32.0 want: 1.32.0
1972 silly placeDep ROOT lightningcss-linux-x64-gnu@1.32.0 OK for: lightningcss@1.32.0 want: 1.32.0
1973 silly placeDep ROOT lightningcss-linux-x64-musl@1.32.0 OK for: lightningcss@1.32.0 want: 1.32.0
1974 silly placeDep ROOT lightningcss-win32-arm64-msvc@1.32.0 OK for: lightningcss@1.32.0 want: 1.32.0
1975 silly placeDep ROOT lightningcss-win32-x64-msvc@1.32.0 OK for: lightningcss@1.32.0 want: 1.32.0
1976 silly placeDep ROOT p-locate@5.0.0 OK for: locate-path@6.0.0 want: ^5.0.0
1977 silly fetch manifest p-limit@^3.0.2
1978 silly packumentCache full:https://registry.npmjs.org/p-limit cache-miss
1979 http fetch GET 200 https://registry.npmjs.org/p-limit 41ms (cache miss)
1980 silly packumentCache full:https://registry.npmjs.org/p-limit set size:undefined disposed:false
1981 silly placeDep ROOT yallist@3.1.1 OK for: lru-cache@5.1.1 want: ^3.0.2
1982 silly placeDep ROOT braces@3.0.3 OK for: micromatch@4.0.8 want: ^3.0.3
1983 silly placeDep ROOT picomatch@2.3.2 OK for: micromatch@4.0.8 want: ^2.3.1
1984 silly fetch manifest fill-range@^7.1.1
1985 silly packumentCache full:https://registry.npmjs.org/fill-range cache-miss
1986 http fetch GET 200 https://registry.npmjs.org/fill-range 49ms (cache miss)
1987 silly packumentCache full:https://registry.npmjs.org/fill-range set size:undefined disposed:false
1988 silly placeDep ROOT fill-range@7.1.1 OK for: braces@3.0.3 want: ^7.1.1
1989 silly fetch manifest to-regex-range@^5.0.1
1990 silly packumentCache full:https://registry.npmjs.org/to-regex-range cache-miss
1991 http fetch GET 200 https://registry.npmjs.org/to-regex-range 46ms (cache miss)
1992 silly packumentCache full:https://registry.npmjs.org/to-regex-range set size:undefined disposed:false
1993 silly placeDep ROOT to-regex-range@5.0.1 OK for: fill-range@7.1.1 want: ^5.0.1
1994 silly fetch manifest is-number@^7.0.0
1995 silly packumentCache full:https://registry.npmjs.org/is-number cache-miss
1996 http fetch GET 200 https://registry.npmjs.org/is-number 38ms (cache miss)
1997 silly packumentCache full:https://registry.npmjs.org/is-number set size:undefined disposed:false
1998 silly placeDep ROOT brace-expansion@1.1.14 OK for: minimatch@3.1.5 want: ^1.1.7
1999 silly fetch manifest concat-map@0.0.1
2000 silly packumentCache full:https://registry.npmjs.org/concat-map cache-miss
2001 silly fetch manifest balanced-match@^1.0.0
2002 silly packumentCache full:https://registry.npmjs.org/balanced-match cache-miss
2003 http fetch GET 200 https://registry.npmjs.org/concat-map 40ms (cache miss)
2004 silly packumentCache full:https://registry.npmjs.org/concat-map set size:undefined disposed:false
2005 http fetch GET 200 https://registry.npmjs.org/balanced-match 45ms (cache miss)
2006 silly packumentCache full:https://registry.npmjs.org/balanced-match set size:undefined disposed:false
2007 silly placeDep ROOT balanced-match@1.0.2 OK for: brace-expansion@1.1.14 want: ^1.0.0
2008 silly placeDep ROOT concat-map@0.0.1 OK for: brace-expansion@1.1.14 want: 0.0.1
2009 silly fetch manifest react@^18.2.0 || 19.0.0-rc-de68d2f4-20241204 || ^19.0.0
2010 silly packumentCache full:https://registry.npmjs.org/react cache-miss
2011 http cache https://registry.npmjs.org/react 17ms (cache hit)
2012 silly packumentCache full:https://registry.npmjs.org/react set size:6650647 disposed:false
2013 silly placeDep ROOT @next/env@16.2.6 OK for: next@16.2.6 want: 16.2.6
2014 silly placeDep ROOT @next/swc-darwin-arm64@16.2.6 OK for: next@16.2.6 want: 16.2.6
2015 silly placeDep ROOT @next/swc-darwin-x64@16.2.6 OK for: next@16.2.6 want: 16.2.6
2016 silly placeDep ROOT @next/swc-linux-arm64-gnu@16.2.6 OK for: next@16.2.6 want: 16.2.6
2017 silly placeDep ROOT @next/swc-linux-arm64-musl@16.2.6 OK for: next@16.2.6 want: 16.2.6
2018 silly placeDep ROOT @next/swc-linux-x64-gnu@16.2.6 OK for: next@16.2.6 want: 16.2.6
2019 silly placeDep ROOT @next/swc-linux-x64-musl@16.2.6 OK for: next@16.2.6 want: 16.2.6
2020 silly placeDep ROOT @next/swc-win32-arm64-msvc@16.2.6 OK for: next@16.2.6 want: 16.2.6
2021 silly placeDep ROOT @next/swc-win32-x64-msvc@16.2.6 OK for: next@16.2.6 want: 16.2.6
2022 silly placeDep ROOT @swc/helpers@0.5.15 OK for: next@16.2.6 want: 0.5.15
2023 silly placeDep node_modules/next postcss@8.4.31 OK for: next@16.2.6 want: 8.4.31
2024 silly placeDep ROOT sharp@0.34.5 OK for: next@16.2.6 want: ^0.34.5
2025 silly placeDep ROOT styled-jsx@5.1.6 OK for: next@16.2.6 want: 5.1.6
2026 silly fetch manifest tslib@^2.8.0
2027 silly packumentCache full:https://registry.npmjs.org/tslib cache-miss
2028 silly fetch manifest nanoid@^3.3.6
2029 silly packumentCache full:https://registry.npmjs.org/nanoid cache-miss
2030 silly fetch manifest semver@^7.7.3
2031 silly packumentCache full:https://registry.npmjs.org/semver cache-hit
2032 silly fetch manifest @img/colour@^1.0.0
2033 silly packumentCache full:https://registry.npmjs.org/@img%2fcolour cache-miss
2034 http cache https://registry.npmjs.org/nanoid 24ms (cache hit)
2035 silly packumentCache full:https://registry.npmjs.org/nanoid set size:310559 disposed:false
2036 silly fetch manifest @img/sharp-wasm32@0.34.5
2037 silly packumentCache full:https://registry.npmjs.org/@img%2fsharp-wasm32 cache-miss
2038 http fetch GET 200 https://registry.npmjs.org/tslib 47ms (cache miss)
2039 silly packumentCache full:https://registry.npmjs.org/tslib set size:undefined disposed:false
2040 silly fetch manifest @img/sharp-linux-arm@0.34.5
2041 silly packumentCache full:https://registry.npmjs.org/@img%2fsharp-linux-arm cache-miss
2042 http fetch GET 200 https://registry.npmjs.org/@img%2fcolour 60ms (cache miss)
2043 silly packumentCache full:https://registry.npmjs.org/@img%2fcolour set size:undefined disposed:false
2044 silly fetch manifest @img/sharp-linux-x64@0.34.5
2045 silly packumentCache full:https://registry.npmjs.org/@img%2fsharp-linux-x64 cache-miss
2046 http fetch GET 200 https://registry.npmjs.org/@img%2fsharp-wasm32 64ms (cache miss)
2047 silly packumentCache full:https://registry.npmjs.org/@img%2fsharp-wasm32 set size:undefined disposed:false
2048 silly fetch manifest @img/sharp-win32-x64@0.34.5
2049 silly packumentCache full:https://registry.npmjs.org/@img%2fsharp-win32-x64 cache-miss
2050 http fetch GET 200 https://registry.npmjs.org/@img%2fsharp-linux-x64 90ms (cache miss)
2051 silly packumentCache full:https://registry.npmjs.org/@img%2fsharp-linux-x64 set size:undefined disposed:false
2052 silly fetch manifest @img/sharp-darwin-x64@0.34.5
2053 silly packumentCache full:https://registry.npmjs.org/@img%2fsharp-darwin-x64 cache-miss
2054 http fetch GET 200 https://registry.npmjs.org/@img%2fsharp-win32-x64 77ms (cache miss)
2055 silly packumentCache full:https://registry.npmjs.org/@img%2fsharp-win32-x64 set size:undefined disposed:false
2056 silly fetch manifest @img/sharp-win32-ia32@0.34.5
2057 silly packumentCache full:https://registry.npmjs.org/@img%2fsharp-win32-ia32 cache-miss
2058 http fetch GET 200 https://registry.npmjs.org/@img%2fsharp-darwin-x64 55ms (cache miss)
2059 silly packumentCache full:https://registry.npmjs.org/@img%2fsharp-darwin-x64 set size:undefined disposed:false
2060 silly fetch manifest @img/sharp-linux-arm64@0.34.5
2061 silly packumentCache full:https://registry.npmjs.org/@img%2fsharp-linux-arm64 cache-miss
2062 http fetch GET 200 https://registry.npmjs.org/@img%2fsharp-win32-ia32 56ms (cache miss)
2063 silly packumentCache full:https://registry.npmjs.org/@img%2fsharp-win32-ia32 set size:undefined disposed:false
2064 silly fetch manifest @img/sharp-linux-ppc64@0.34.5
2065 silly packumentCache full:https://registry.npmjs.org/@img%2fsharp-linux-ppc64 cache-miss
2066 http fetch GET 200 https://registry.npmjs.org/@img%2fsharp-linux-arm64 79ms (cache miss)
2067 silly packumentCache full:https://registry.npmjs.org/@img%2fsharp-linux-arm64 set size:undefined disposed:false
2068 silly fetch manifest @img/sharp-linux-s390x@0.34.5
2069 silly packumentCache full:https://registry.npmjs.org/@img%2fsharp-linux-s390x cache-miss
2070 http fetch GET 200 https://registry.npmjs.org/@img%2fsharp-linux-ppc64 60ms (cache miss)
2071 silly packumentCache full:https://registry.npmjs.org/@img%2fsharp-linux-ppc64 set size:undefined disposed:false
2072 silly fetch manifest @img/sharp-win32-arm64@0.34.5
2073 silly packumentCache full:https://registry.npmjs.org/@img%2fsharp-win32-arm64 cache-miss
2074 http fetch GET 200 https://registry.npmjs.org/@img%2fsharp-linux-arm 258ms (cache miss)
2075 silly packumentCache full:https://registry.npmjs.org/@img%2fsharp-linux-arm set size:undefined disposed:false
2076 silly fetch manifest @img/sharp-darwin-arm64@0.34.5
2077 silly packumentCache full:https://registry.npmjs.org/@img%2fsharp-darwin-arm64 cache-miss
2078 http fetch GET 200 https://registry.npmjs.org/@img%2fsharp-darwin-arm64 52ms (cache miss)
2079 silly packumentCache full:https://registry.npmjs.org/@img%2fsharp-darwin-arm64 set size:undefined disposed:false
2080 silly fetch manifest @img/sharp-linux-riscv64@0.34.5
2081 silly packumentCache full:https://registry.npmjs.org/@img%2fsharp-linux-riscv64 cache-miss
2082 http fetch GET 200 https://registry.npmjs.org/@img%2fsharp-linux-s390x 81ms (cache miss)
2083 silly packumentCache full:https://registry.npmjs.org/@img%2fsharp-linux-s390x set size:undefined disposed:false
2084 silly fetch manifest @img/sharp-linuxmusl-x64@0.34.5
2085 silly packumentCache full:https://registry.npmjs.org/@img%2fsharp-linuxmusl-x64 cache-miss
2086 http fetch GET 200 https://registry.npmjs.org/@img%2fsharp-win32-arm64 86ms (cache miss)
2087 silly packumentCache full:https://registry.npmjs.org/@img%2fsharp-win32-arm64 set size:undefined disposed:false
2088 silly fetch manifest @img/sharp-linuxmusl-arm64@0.34.5
2089 silly packumentCache full:https://registry.npmjs.org/@img%2fsharp-linuxmusl-arm64 cache-miss
2090 http fetch GET 200 https://registry.npmjs.org/@img%2fsharp-linux-riscv64 47ms (cache miss)
2091 silly packumentCache full:https://registry.npmjs.org/@img%2fsharp-linux-riscv64 set size:undefined disposed:false
2092 silly fetch manifest @img/sharp-libvips-linux-arm@1.2.4
2093 silly packumentCache full:https://registry.npmjs.org/@img%2fsharp-libvips-linux-arm cache-miss
2094 http fetch GET 200 https://registry.npmjs.org/@img%2fsharp-linuxmusl-arm64 62ms (cache miss)
2095 silly packumentCache full:https://registry.npmjs.org/@img%2fsharp-linuxmusl-arm64 set size:undefined disposed:false
2096 silly fetch manifest @img/sharp-libvips-linux-x64@1.2.4
2097 silly packumentCache full:https://registry.npmjs.org/@img%2fsharp-libvips-linux-x64 cache-miss
2098 http fetch GET 200 https://registry.npmjs.org/@img%2fsharp-libvips-linux-arm 60ms (cache miss)
2099 silly packumentCache full:https://registry.npmjs.org/@img%2fsharp-libvips-linux-arm set size:undefined disposed:false
2100 silly fetch manifest @img/sharp-libvips-darwin-x64@1.2.4
2101 silly packumentCache full:https://registry.npmjs.org/@img%2fsharp-libvips-darwin-x64 cache-miss
2102 http fetch GET 200 https://registry.npmjs.org/@img%2fsharp-linuxmusl-x64 99ms (cache miss)
2103 silly packumentCache full:https://registry.npmjs.org/@img%2fsharp-linuxmusl-x64 set size:undefined disposed:false
2104 silly fetch manifest @img/sharp-libvips-linux-arm64@1.2.4
2105 silly packumentCache full:https://registry.npmjs.org/@img%2fsharp-libvips-linux-arm64 cache-miss
2106 http fetch GET 200 https://registry.npmjs.org/@img%2fsharp-libvips-linux-x64 55ms (cache miss)
2107 silly packumentCache full:https://registry.npmjs.org/@img%2fsharp-libvips-linux-x64 set size:undefined disposed:false
2108 silly fetch manifest @img/sharp-libvips-linux-ppc64@1.2.4
2109 silly packumentCache full:https://registry.npmjs.org/@img%2fsharp-libvips-linux-ppc64 cache-miss
2110 http fetch GET 200 https://registry.npmjs.org/@img%2fsharp-libvips-darwin-x64 52ms (cache miss)
2111 silly packumentCache full:https://registry.npmjs.org/@img%2fsharp-libvips-darwin-x64 set size:undefined disposed:false
2112 silly fetch manifest @img/sharp-libvips-linux-s390x@1.2.4
2113 silly packumentCache full:https://registry.npmjs.org/@img%2fsharp-libvips-linux-s390x cache-miss
2114 http fetch GET 200 https://registry.npmjs.org/@img%2fsharp-libvips-linux-s390x 51ms (cache miss)
2115 silly packumentCache full:https://registry.npmjs.org/@img%2fsharp-libvips-linux-s390x set size:undefined disposed:false
2116 silly fetch manifest @img/sharp-libvips-darwin-arm64@1.2.4
2117 silly packumentCache full:https://registry.npmjs.org/@img%2fsharp-libvips-darwin-arm64 cache-miss
2118 http fetch GET 200 https://registry.npmjs.org/@img%2fsharp-libvips-linux-ppc64 89ms (cache miss)
2119 silly packumentCache full:https://registry.npmjs.org/@img%2fsharp-libvips-linux-ppc64 set size:undefined disposed:false
2120 silly fetch manifest @img/sharp-libvips-linux-riscv64@1.2.4
2121 silly packumentCache full:https://registry.npmjs.org/@img%2fsharp-libvips-linux-riscv64 cache-miss
2122 http fetch GET 200 https://registry.npmjs.org/@img%2fsharp-libvips-linux-riscv64 59ms (cache miss)
2123 silly packumentCache full:https://registry.npmjs.org/@img%2fsharp-libvips-linux-riscv64 set size:undefined disposed:false
2124 silly fetch manifest @img/sharp-libvips-linuxmusl-x64@1.2.4
2125 silly packumentCache full:https://registry.npmjs.org/@img%2fsharp-libvips-linuxmusl-x64 cache-miss
2126 http fetch GET 200 https://registry.npmjs.org/@img%2fsharp-libvips-darwin-arm64 77ms (cache miss)
2127 silly packumentCache full:https://registry.npmjs.org/@img%2fsharp-libvips-darwin-arm64 set size:undefined disposed:false
2128 silly fetch manifest @img/sharp-libvips-linuxmusl-arm64@1.2.4
2129 silly packumentCache full:https://registry.npmjs.org/@img%2fsharp-libvips-linuxmusl-arm64 cache-miss
2130 http fetch GET 200 https://registry.npmjs.org/@img%2fsharp-libvips-linux-arm64 221ms (cache miss)
2131 silly packumentCache full:https://registry.npmjs.org/@img%2fsharp-libvips-linux-arm64 set size:undefined disposed:false
2132 silly fetch manifest client-only@0.0.1
2133 silly packumentCache full:https://registry.npmjs.org/client-only cache-miss
2134 http fetch GET 200 https://registry.npmjs.org/client-only 35ms (cache miss)
2135 silly packumentCache full:https://registry.npmjs.org/client-only set size:undefined disposed:false
2136 http fetch GET 200 https://registry.npmjs.org/@img%2fsharp-libvips-linuxmusl-arm64 230ms (cache miss)
2137 silly packumentCache full:https://registry.npmjs.org/@img%2fsharp-libvips-linuxmusl-arm64 set size:undefined disposed:false
2138 http fetch GET 200 https://registry.npmjs.org/@img%2fsharp-libvips-linuxmusl-x64 275ms (cache miss)
2139 silly packumentCache full:https://registry.npmjs.org/@img%2fsharp-libvips-linuxmusl-x64 set size:undefined disposed:false
2140 silly placeDep ROOT tslib@2.8.1 OK for: @swc/helpers@0.5.15 want: ^2.8.0
2141 silly placeDep ROOT deep-is@0.1.4 OK for: optionator@0.9.4 want: ^0.1.3
2142 silly placeDep ROOT fast-levenshtein@2.0.6 OK for: optionator@0.9.4 want: ^2.0.6
2143 silly placeDep ROOT word-wrap@1.2.5 OK for: optionator@0.9.4 want: ^1.2.5
2144 silly placeDep ROOT p-limit@3.1.0 OK for: p-locate@5.0.0 want: ^3.0.2
2145 silly fetch manifest yocto-queue@^0.1.0
2146 silly packumentCache full:https://registry.npmjs.org/yocto-queue cache-miss
2147 http fetch GET 200 https://registry.npmjs.org/yocto-queue 38ms (cache miss)
2148 silly packumentCache full:https://registry.npmjs.org/yocto-queue set size:undefined disposed:false
2149 silly placeDep ROOT yocto-queue@0.1.0 OK for: p-limit@3.1.0 want: ^0.1.0
2150 silly placeDep ROOT callsites@3.1.0 OK for: parent-module@1.0.1 want: ^3.0.0
2151 silly placeDep ROOT nanoid@3.3.12 OK for: postcss@8.5.14 want: ^3.3.11
2152 silly placeDep ROOT loose-envify@1.4.0 OK for: prop-types@15.8.1 want: ^1.4.0
2153 silly placeDep ROOT object-assign@4.1.1 OK for: prop-types@15.8.1 want: ^4.1.1
2154 silly placeDep ROOT react-is@16.13.1 OK for: prop-types@15.8.1 want: ^16.13.1
2155 silly placeDep ROOT scheduler@0.27.0 OK for: react-dom@19.2.4 want: ^0.27.0
2156 silly placeDep ROOT node-exports-info@1.6.0 OK for: resolve@2.0.0-next.7 want: ^1.6.0
2157 silly placeDep ROOT path-parse@1.0.7 OK for: resolve@2.0.0-next.7 want: ^1.0.7
2158 silly placeDep ROOT supports-preserve-symlinks-flag@1.0.0 OK for: resolve@2.0.0-next.7 want: ^1.0.0
2159 silly placeDep ROOT queue-microtask@1.2.3 OK for: run-parallel@1.2.0 want: ^1.2.2
2160 silly placeDep ROOT isarray@2.0.5 OK for: safe-array-concat@1.1.4 want: ^2.0.5
2161 silly placeDep ROOT @img/colour@1.1.0 OK for: sharp@0.34.5 want: ^1.0.0
2162 silly placeDep ROOT @img/sharp-darwin-arm64@0.34.5 OK for: sharp@0.34.5 want: 0.34.5
2163 silly placeDep ROOT @img/sharp-darwin-x64@0.34.5 OK for: sharp@0.34.5 want: 0.34.5
2164 silly placeDep ROOT @img/sharp-libvips-darwin-arm64@1.2.4 OK for: sharp@0.34.5 want: 1.2.4
2165 silly placeDep ROOT @img/sharp-libvips-darwin-x64@1.2.4 OK for: sharp@0.34.5 want: 1.2.4
2166 silly placeDep ROOT @img/sharp-libvips-linux-arm@1.2.4 OK for: sharp@0.34.5 want: 1.2.4
2167 silly placeDep ROOT @img/sharp-libvips-linux-arm64@1.2.4 OK for: sharp@0.34.5 want: 1.2.4
2168 silly placeDep ROOT @img/sharp-libvips-linux-ppc64@1.2.4 OK for: sharp@0.34.5 want: 1.2.4
2169 silly placeDep ROOT @img/sharp-libvips-linux-riscv64@1.2.4 OK for: sharp@0.34.5 want: 1.2.4
2170 silly placeDep ROOT @img/sharp-libvips-linux-s390x@1.2.4 OK for: sharp@0.34.5 want: 1.2.4
2171 silly placeDep ROOT @img/sharp-libvips-linux-x64@1.2.4 OK for: sharp@0.34.5 want: 1.2.4
2172 silly placeDep ROOT @img/sharp-libvips-linuxmusl-arm64@1.2.4 OK for: sharp@0.34.5 want: 1.2.4
2173 silly placeDep ROOT @img/sharp-libvips-linuxmusl-x64@1.2.4 OK for: sharp@0.34.5 want: 1.2.4
2174 silly placeDep ROOT @img/sharp-linux-arm@0.34.5 OK for: sharp@0.34.5 want: 0.34.5
2175 silly placeDep ROOT @img/sharp-linux-arm64@0.34.5 OK for: sharp@0.34.5 want: 0.34.5
2176 silly placeDep ROOT @img/sharp-linux-ppc64@0.34.5 OK for: sharp@0.34.5 want: 0.34.5
2177 silly placeDep ROOT @img/sharp-linux-riscv64@0.34.5 OK for: sharp@0.34.5 want: 0.34.5
2178 silly placeDep ROOT @img/sharp-linux-s390x@0.34.5 OK for: sharp@0.34.5 want: 0.34.5
2179 silly placeDep ROOT @img/sharp-linux-x64@0.34.5 OK for: sharp@0.34.5 want: 0.34.5
2180 silly placeDep ROOT @img/sharp-linuxmusl-arm64@0.34.5 OK for: sharp@0.34.5 want: 0.34.5
2181 silly placeDep ROOT @img/sharp-linuxmusl-x64@0.34.5 OK for: sharp@0.34.5 want: 0.34.5
2182 silly placeDep ROOT @img/sharp-wasm32@0.34.5 OK for: sharp@0.34.5 want: 0.34.5
2183 silly placeDep ROOT @img/sharp-win32-arm64@0.34.5 OK for: sharp@0.34.5 want: 0.34.5
2184 silly placeDep ROOT @img/sharp-win32-ia32@0.34.5 OK for: sharp@0.34.5 want: 0.34.5
2185 silly placeDep ROOT @img/sharp-win32-x64@0.34.5 OK for: sharp@0.34.5 want: 0.34.5
2186 silly placeDep node_modules/sharp semver@7.8.0 OK for: sharp@0.34.5 want: ^7.7.3
2187 silly fetch manifest @emnapi/runtime@^1.7.0
2188 silly packumentCache full:https://registry.npmjs.org/@emnapi%2fruntime cache-miss
2189 http fetch GET 200 https://registry.npmjs.org/@emnapi%2fruntime 55ms (cache miss)
2190 silly packumentCache full:https://registry.npmjs.org/@emnapi%2fruntime set size:undefined disposed:false
2191 silly placeDep ROOT @emnapi/runtime@1.10.0 OK for: @img/sharp-wasm32@0.34.5 want: ^1.7.0
2192 silly placeDep ROOT shebang-regex@3.0.0 OK for: shebang-command@2.0.0 want: ^3.0.0
2193 silly placeDep ROOT side-channel-list@1.0.1 OK for: side-channel@1.1.0 want: ^1.0.0
2194 silly placeDep ROOT side-channel-map@1.0.1 OK for: side-channel@1.1.0 want: ^1.0.1
2195 silly placeDep ROOT side-channel-weakmap@1.0.2 OK for: side-channel@1.1.0 want: ^1.0.2
2196 silly placeDep ROOT client-only@0.0.1 OK for: styled-jsx@5.1.6 want: 0.0.1
2197 silly placeDep ROOT has-flag@4.0.0 OK for: supports-color@7.2.0 want: ^4.0.0
2198 silly placeDep node_modules/tinyglobby fdir@6.5.0 OK for: tinyglobby@0.2.16 want: ^6.5.0
2199 silly placeDep node_modules/tinyglobby picomatch@4.0.4 OK for: fdir@6.5.0 want: ^3 || ^4
2200 silly placeDep ROOT is-number@7.0.0 OK for: to-regex-range@5.0.1 want: ^7.0.0
2201 silly placeDep ROOT @types/json5@0.0.29 OK for: tsconfig-paths@3.15.0 want: ^0.0.29
2202 silly placeDep node_modules/tsconfig-paths json5@1.0.2 OK for: tsconfig-paths@3.15.0 want: ^1.0.2
2203 silly placeDep ROOT minimist@1.2.8 OK for: tsconfig-paths@3.15.0 want: ^1.2.6
2204 silly placeDep ROOT strip-bom@3.0.0 OK for: tsconfig-paths@3.15.0 want: ^3.0.0
2205 silly fetch manifest minimist@^1.2.0
2206 silly packumentCache full:https://registry.npmjs.org/minimist cache-miss
2207 http cache https://registry.npmjs.org/minimist 3ms (cache hit)
2208 silly packumentCache full:https://registry.npmjs.org/minimist set size:77063 disposed:false
2209 silly placeDep ROOT for-each@0.3.5 OK for: typed-array-byte-length@1.0.3 want: ^0.3.3
2210 silly placeDep ROOT reflect.getprototypeof@1.0.10 OK for: typed-array-byte-offset@1.0.4 want: ^1.0.9
2211 silly fetch manifest which-builtin-type@^1.2.1
2212 silly packumentCache full:https://registry.npmjs.org/which-builtin-type cache-miss
2213 http fetch GET 200 https://registry.npmjs.org/which-builtin-type 46ms (cache miss)
2214 silly packumentCache full:https://registry.npmjs.org/which-builtin-type set size:undefined disposed:false
2215 silly placeDep ROOT which-builtin-type@1.2.1 OK for: reflect.getprototypeof@1.0.10 want: ^1.2.1
2216 silly fetch manifest is-async-function@^2.0.0
2217 silly packumentCache full:https://registry.npmjs.org/is-async-function cache-miss
2218 silly fetch manifest is-finalizationregistry@^1.1.0
2219 silly packumentCache full:https://registry.npmjs.org/is-finalizationregistry cache-miss
2220 silly fetch manifest is-generator-function@^1.0.10
2221 silly packumentCache full:https://registry.npmjs.org/is-generator-function cache-miss
2222 http fetch GET 200 https://registry.npmjs.org/is-finalizationregistry 55ms (cache miss)
2223 silly packumentCache full:https://registry.npmjs.org/is-finalizationregistry set size:undefined disposed:false
2224 silly fetch manifest which-boxed-primitive@^1.1.0
2225 silly packumentCache full:https://registry.npmjs.org/which-boxed-primitive cache-miss
2226 http fetch GET 200 https://registry.npmjs.org/is-async-function 62ms (cache miss)
2227 silly packumentCache full:https://registry.npmjs.org/is-async-function set size:undefined disposed:false
2228 silly fetch manifest which-collection@^1.0.2
2229 silly packumentCache full:https://registry.npmjs.org/which-collection cache-miss
2230 http fetch GET 200 https://registry.npmjs.org/is-generator-function 70ms (cache miss)
2231 silly packumentCache full:https://registry.npmjs.org/is-generator-function set size:undefined disposed:false
2232 http cache https://registry.npmjs.org/which-boxed-primitive 23ms (cache hit)
2233 silly packumentCache full:https://registry.npmjs.org/which-boxed-primitive set size:19407 disposed:false
2234 http fetch GET 200 https://registry.npmjs.org/which-collection 90ms (cache miss)
2235 silly packumentCache full:https://registry.npmjs.org/which-collection set size:undefined disposed:false
2236 silly fetch manifest eslint@^8.57.0 || ^9.0.0 || ^10.0.0
2237 silly packumentCache full:https://registry.npmjs.org/eslint cache-miss
2238 http cache https://registry.npmjs.org/eslint 8ms (cache hit)
2239 silly packumentCache full:https://registry.npmjs.org/eslint set size:1997485 disposed:false
2240 silly fetch manifest typescript@>=4.8.4 <6.1.0
2241 silly packumentCache full:https://registry.npmjs.org/typescript cache-miss
2242 http cache https://registry.npmjs.org/typescript 46ms (cache hit)
2243 silly packumentCache full:https://registry.npmjs.org/typescript set size:15409943 disposed:false
2244 silly placeDep ROOT @typescript-eslint/eslint-plugin@8.59.3 OK for: typescript-eslint@8.59.3 want: 8.59.3
2245 silly placeDep ROOT @typescript-eslint/parser@8.59.3 OK for: @typescript-eslint/eslint-plugin@8.59.3 want: ^8.59.3
2246 silly placeDep ROOT @typescript-eslint/typescript-estree@8.59.3 OK for: typescript-eslint@8.59.3 want: 8.59.3
2247 silly placeDep ROOT @typescript-eslint/utils@8.59.3 OK for: typescript-eslint@8.59.3 want: 8.59.3
2248 silly fetch manifest ignore@^7.0.5
2249 silly packumentCache full:https://registry.npmjs.org/ignore cache-miss
2250 silly fetch manifest ts-api-utils@^2.5.0
2251 silly packumentCache full:https://registry.npmjs.org/ts-api-utils cache-miss
2252 silly fetch manifest @typescript-eslint/type-utils@8.59.3
2253 silly packumentCache full:https://registry.npmjs.org/@typescript-eslint%2ftype-utils cache-miss
2254 http cache https://registry.npmjs.org/ignore 7ms (cache hit)
2255 silly packumentCache full:https://registry.npmjs.org/ignore set size:237380 disposed:false
2256 silly fetch manifest @typescript-eslint/visitor-keys@8.59.3
2257 silly packumentCache full:https://registry.npmjs.org/@typescript-eslint%2fvisitor-keys cache-miss
2258 http fetch GET 200 https://registry.npmjs.org/ts-api-utils 55ms (cache miss)
2259 silly packumentCache full:https://registry.npmjs.org/ts-api-utils set size:undefined disposed:false
2260 silly fetch manifest @typescript-eslint/scope-manager@8.59.3
2261 silly packumentCache full:https://registry.npmjs.org/@typescript-eslint%2fscope-manager cache-miss
2262 http fetch GET 200 https://registry.npmjs.org/@typescript-eslint%2ftype-utils 806ms (cache miss)
2263 silly packumentCache full:https://registry.npmjs.org/@typescript-eslint%2ftype-utils set size:undefined disposed:false
2264 silly fetch manifest @typescript-eslint/types@8.59.3
2265 silly packumentCache full:https://registry.npmjs.org/@typescript-eslint%2ftypes cache-miss
2266 http fetch GET 200 https://registry.npmjs.org/@typescript-eslint%2fvisitor-keys 1040ms (cache miss)
2267 silly packumentCache full:https://registry.npmjs.org/@typescript-eslint%2fvisitor-keys set size:undefined disposed:false
2268 silly fetch manifest @typescript-eslint/scope-manager@8.59.3
2269 silly packumentCache full:https://registry.npmjs.org/@typescript-eslint%2fscope-manager cache-miss
2270 http fetch GET 200 https://registry.npmjs.org/@typescript-eslint%2fscope-manager 1555ms (cache miss)
2271 silly packumentCache full:https://registry.npmjs.org/@typescript-eslint%2fscope-manager set size:undefined disposed:false
2272 silly fetch manifest minimatch@^10.2.2
2273 silly packumentCache full:https://registry.npmjs.org/minimatch cache-miss
2274 http cache https://registry.npmjs.org/minimatch 29ms (cache hit)
2275 silly packumentCache full:https://registry.npmjs.org/minimatch set size:375282 disposed:false
2276 silly fetch manifest @typescript-eslint/types@8.59.3
2277 silly packumentCache full:https://registry.npmjs.org/@typescript-eslint%2ftypes cache-miss
2278 http fetch GET 200 https://registry.npmjs.org/@typescript-eslint%2fscope-manager 950ms (cache miss)
2279 silly packumentCache full:https://registry.npmjs.org/@typescript-eslint%2fscope-manager set size:undefined disposed:false
2280 silly fetch manifest @typescript-eslint/tsconfig-utils@8.59.3
2281 silly packumentCache full:https://registry.npmjs.org/@typescript-eslint%2ftsconfig-utils cache-miss
2282 http fetch GET 200 https://registry.npmjs.org/@typescript-eslint%2ftypes 1282ms (cache miss)
2283 silly packumentCache full:https://registry.npmjs.org/@typescript-eslint%2ftypes set size:undefined disposed:false
2284 silly fetch manifest @typescript-eslint/project-service@8.59.3
2285 silly packumentCache full:https://registry.npmjs.org/@typescript-eslint%2fproject-service cache-miss
2286 http fetch GET 200 https://registry.npmjs.org/@typescript-eslint%2ftsconfig-utils 169ms (cache miss)
2287 silly packumentCache full:https://registry.npmjs.org/@typescript-eslint%2ftsconfig-utils set size:undefined disposed:false
2288 http fetch GET 200 https://registry.npmjs.org/@typescript-eslint%2fproject-service 170ms (cache miss)
2289 silly packumentCache full:https://registry.npmjs.org/@typescript-eslint%2fproject-service set size:undefined disposed:false
2290 http fetch GET 200 https://registry.npmjs.org/@typescript-eslint%2ftypes 1020ms (cache miss)
2291 silly packumentCache full:https://registry.npmjs.org/@typescript-eslint%2ftypes set size:undefined disposed:false
2292 silly placeDep ROOT @typescript-eslint/scope-manager@8.59.3 OK for: @typescript-eslint/eslint-plugin@8.59.3 want: 8.59.3
2293 silly placeDep ROOT @typescript-eslint/type-utils@8.59.3 OK for: @typescript-eslint/eslint-plugin@8.59.3 want: 8.59.3
2294 silly placeDep ROOT @typescript-eslint/visitor-keys@8.59.3 OK for: @typescript-eslint/eslint-plugin@8.59.3 want: 8.59.3
2295 silly placeDep node_modules/@typescript-eslint/eslint-plugin ignore@7.0.5 OK for: @typescript-eslint/eslint-plugin@8.59.3 want: ^7.0.5
2296 silly placeDep ROOT ts-api-utils@2.5.0 OK for: @typescript-eslint/eslint-plugin@8.59.3 want: ^2.5.0
2297 silly fetch manifest eslint-visitor-keys@^5.0.0
2298 silly packumentCache full:https://registry.npmjs.org/eslint-visitor-keys cache-hit
2299 silly placeDep ROOT @typescript-eslint/types@8.59.3 OK for: @typescript-eslint/parser@8.59.3 want: 8.59.3
2300 silly placeDep ROOT @typescript-eslint/project-service@8.59.3 OK for: @typescript-eslint/typescript-estree@8.59.3 want: 8.59.3
2301 silly placeDep ROOT @typescript-eslint/tsconfig-utils@8.59.3 OK for: @typescript-eslint/typescript-estree@8.59.3 want: 8.59.3
2302 silly placeDep node_modules/@typescript-eslint/typescript-estree minimatch@10.2.5 OK for: @typescript-eslint/typescript-estree@8.59.3 want: ^10.2.2
2303 silly placeDep node_modules/@typescript-eslint/typescript-estree semver@7.8.0 OK for: @typescript-eslint/typescript-estree@8.59.3 want: ^7.7.3
2304 silly fetch manifest @typescript-eslint/tsconfig-utils@^8.59.3
2305 silly packumentCache full:https://registry.npmjs.org/@typescript-eslint%2ftsconfig-utils cache-miss
2306 silly fetch manifest brace-expansion@^5.0.5
2307 silly packumentCache full:https://registry.npmjs.org/brace-expansion cache-miss
2308 http cache https://registry.npmjs.org/brace-expansion 24ms (cache hit)
2309 silly packumentCache full:https://registry.npmjs.org/brace-expansion set size:70654 disposed:false
2310 http cache https://registry.npmjs.org/@typescript-eslint%2ftsconfig-utils 28ms (cache hit)
2311 silly packumentCache full:https://registry.npmjs.org/@typescript-eslint%2ftsconfig-utils set size:1212724 disposed:false
2312 silly placeDep node_modules/@typescript-eslint/visitor-keys eslint-visitor-keys@5.0.1 OK for: @typescript-eslint/visitor-keys@8.59.3 want: ^5.0.0
2313 silly placeDep ROOT has-bigints@1.1.0 OK for: unbox-primitive@1.1.0 want: ^1.0.2
2314 silly placeDep ROOT which-boxed-primitive@1.1.1 OK for: unbox-primitive@1.1.0 want: ^1.1.1
2315 silly fetch manifest is-bigint@^1.1.0
2316 silly packumentCache full:https://registry.npmjs.org/is-bigint cache-miss
2317 silly fetch manifest is-boolean-object@^1.2.1
2318 silly packumentCache full:https://registry.npmjs.org/is-boolean-object cache-miss
2319 silly fetch manifest is-number-object@^1.1.1
2320 silly packumentCache full:https://registry.npmjs.org/is-number-object cache-miss
2321 http fetch GET 200 https://registry.npmjs.org/is-bigint 38ms (cache miss)
2322 silly packumentCache full:https://registry.npmjs.org/is-bigint set size:undefined disposed:false
2323 http fetch GET 200 https://registry.npmjs.org/is-number-object 44ms (cache miss)
2324 silly packumentCache full:https://registry.npmjs.org/is-number-object set size:undefined disposed:false
2325 http fetch GET 200 https://registry.npmjs.org/is-boolean-object 47ms (cache miss)
2326 silly packumentCache full:https://registry.npmjs.org/is-boolean-object set size:undefined disposed:false
2327 silly placeDep ROOT @unrs/resolver-binding-android-arm-eabi@1.11.1 OK for: unrs-resolver@1.11.1 want: 1.11.1
2328 silly placeDep ROOT @unrs/resolver-binding-android-arm64@1.11.1 OK for: unrs-resolver@1.11.1 want: 1.11.1
2329 silly placeDep ROOT @unrs/resolver-binding-darwin-arm64@1.11.1 OK for: unrs-resolver@1.11.1 want: 1.11.1
2330 silly placeDep ROOT @unrs/resolver-binding-darwin-x64@1.11.1 OK for: unrs-resolver@1.11.1 want: 1.11.1
2331 silly placeDep ROOT @unrs/resolver-binding-freebsd-x64@1.11.1 OK for: unrs-resolver@1.11.1 want: 1.11.1
2332 silly placeDep ROOT @unrs/resolver-binding-linux-arm-gnueabihf@1.11.1 OK for: unrs-resolver@1.11.1 want: 1.11.1
2333 silly placeDep ROOT @unrs/resolver-binding-linux-arm-musleabihf@1.11.1 OK for: unrs-resolver@1.11.1 want: 1.11.1
2334 silly placeDep ROOT @unrs/resolver-binding-linux-arm64-gnu@1.11.1 OK for: unrs-resolver@1.11.1 want: 1.11.1
2335 silly placeDep ROOT @unrs/resolver-binding-linux-arm64-musl@1.11.1 OK for: unrs-resolver@1.11.1 want: 1.11.1
2336 silly placeDep ROOT @unrs/resolver-binding-linux-ppc64-gnu@1.11.1 OK for: unrs-resolver@1.11.1 want: 1.11.1
2337 silly placeDep ROOT @unrs/resolver-binding-linux-riscv64-gnu@1.11.1 OK for: unrs-resolver@1.11.1 want: 1.11.1
2338 silly placeDep ROOT @unrs/resolver-binding-linux-riscv64-musl@1.11.1 OK for: unrs-resolver@1.11.1 want: 1.11.1
2339 silly placeDep ROOT @unrs/resolver-binding-linux-s390x-gnu@1.11.1 OK for: unrs-resolver@1.11.1 want: 1.11.1
2340 silly placeDep ROOT @unrs/resolver-binding-linux-x64-gnu@1.11.1 OK for: unrs-resolver@1.11.1 want: 1.11.1
2341 silly placeDep ROOT @unrs/resolver-binding-linux-x64-musl@1.11.1 OK for: unrs-resolver@1.11.1 want: 1.11.1
2342 silly placeDep ROOT @unrs/resolver-binding-wasm32-wasi@1.11.1 OK for: unrs-resolver@1.11.1 want: 1.11.1
2343 silly placeDep ROOT @unrs/resolver-binding-win32-arm64-msvc@1.11.1 OK for: unrs-resolver@1.11.1 want: 1.11.1
2344 silly placeDep ROOT @unrs/resolver-binding-win32-ia32-msvc@1.11.1 OK for: unrs-resolver@1.11.1 want: 1.11.1
2345 silly placeDep ROOT @unrs/resolver-binding-win32-x64-msvc@1.11.1 OK for: unrs-resolver@1.11.1 want: 1.11.1
2346 silly placeDep ROOT napi-postinstall@0.3.4 OK for: unrs-resolver@1.11.1 want: ^0.3.0
2347 silly fetch manifest @napi-rs/wasm-runtime@^0.2.11
2348 silly packumentCache full:https://registry.npmjs.org/@napi-rs%2fwasm-runtime cache-miss
2349 http fetch GET 200 https://registry.npmjs.org/@napi-rs%2fwasm-runtime 51ms (cache miss)
2350 silly packumentCache full:https://registry.npmjs.org/@napi-rs%2fwasm-runtime set size:undefined disposed:false
2351 silly placeDep ROOT @napi-rs/wasm-runtime@0.2.12 OK for: @unrs/resolver-binding-wasm32-wasi@1.11.1 want: ^0.2.11
2352 silly fetch manifest @emnapi/core@^1.4.3
2353 silly packumentCache full:https://registry.npmjs.org/@emnapi%2fcore cache-miss
2354 silly fetch manifest @tybys/wasm-util@^0.10.0
2355 silly packumentCache full:https://registry.npmjs.org/@tybys%2fwasm-util cache-miss
2356 http fetch GET 200 https://registry.npmjs.org/@emnapi%2fcore 54ms (cache miss)
2357 silly packumentCache full:https://registry.npmjs.org/@emnapi%2fcore set size:undefined disposed:false
2358 http fetch GET 200 https://registry.npmjs.org/@tybys%2fwasm-util 64ms (cache miss)
2359 silly packumentCache full:https://registry.npmjs.org/@tybys%2fwasm-util set size:undefined disposed:false
2360 silly placeDep ROOT @emnapi/core@1.10.0 OK for: @napi-rs/wasm-runtime@0.2.12 want: ^1.4.3
2361 silly placeDep ROOT @tybys/wasm-util@0.10.2 OK for: @napi-rs/wasm-runtime@0.2.12 want: ^0.10.0
2362 silly fetch manifest @emnapi/wasi-threads@1.2.1
2363 silly packumentCache full:https://registry.npmjs.org/@emnapi%2fwasi-threads cache-miss
2364 http fetch GET 200 https://registry.npmjs.org/@emnapi%2fwasi-threads 49ms (cache miss)
2365 silly packumentCache full:https://registry.npmjs.org/@emnapi%2fwasi-threads set size:undefined disposed:false
2366 silly placeDep ROOT @emnapi/wasi-threads@1.2.1 OK for: @emnapi/core@1.10.0 want: 1.2.1
2367 silly placeDep ROOT escalade@3.2.0 OK for: update-browserslist-db@1.2.3 want: ^3.2.0
2368 silly placeDep ROOT punycode@2.3.1 OK for: uri-js@4.4.1 want: ^2.1.0
2369 silly placeDep ROOT isexe@2.0.0 OK for: which@2.0.2 want: ^2.0.0
2370 silly placeDep ROOT is-bigint@1.1.0 OK for: which-boxed-primitive@1.1.1 want: ^1.1.0
2371 silly placeDep ROOT is-boolean-object@1.2.2 OK for: which-boxed-primitive@1.1.1 want: ^1.2.1
2372 silly placeDep ROOT is-number-object@1.1.1 OK for: which-boxed-primitive@1.1.1 want: ^1.1.1
2373 silly placeDep ROOT is-async-function@2.1.1 OK for: which-builtin-type@1.2.1 want: ^2.0.0
2374 silly placeDep ROOT is-finalizationregistry@1.1.1 OK for: which-builtin-type@1.2.1 want: ^1.1.0
2375 silly placeDep ROOT is-generator-function@1.1.2 OK for: which-builtin-type@1.2.1 want: ^1.0.10
2376 silly placeDep ROOT which-collection@1.0.2 OK for: which-builtin-type@1.2.1 want: ^1.0.2
2377 silly fetch manifest async-function@^1.0.0
2378 silly packumentCache full:https://registry.npmjs.org/async-function cache-miss
2379 silly fetch manifest generator-function@^2.0.0
2380 silly packumentCache full:https://registry.npmjs.org/generator-function cache-miss
2381 silly fetch manifest is-map@^2.0.3
2382 silly packumentCache full:https://registry.npmjs.org/is-map cache-miss
2383 http fetch GET 200 https://registry.npmjs.org/async-function 35ms (cache miss)
2384 silly packumentCache full:https://registry.npmjs.org/async-function set size:undefined disposed:false
2385 silly fetch manifest is-weakmap@^2.0.2
2386 silly packumentCache full:https://registry.npmjs.org/is-weakmap cache-miss
2387 http fetch GET 200 https://registry.npmjs.org/is-map 39ms (cache miss)
2388 silly packumentCache full:https://registry.npmjs.org/is-map set size:undefined disposed:false
2389 silly fetch manifest is-weakset@^2.0.3
2390 silly packumentCache full:https://registry.npmjs.org/is-weakset cache-miss
2391 http fetch GET 200 https://registry.npmjs.org/generator-function 43ms (cache miss)
2392 silly packumentCache full:https://registry.npmjs.org/generator-function set size:undefined disposed:false
2393 http fetch GET 200 https://registry.npmjs.org/is-weakmap 41ms (cache miss)
2394 silly packumentCache full:https://registry.npmjs.org/is-weakmap set size:undefined disposed:false
2395 http fetch GET 200 https://registry.npmjs.org/is-weakset 38ms (cache miss)
2396 silly packumentCache full:https://registry.npmjs.org/is-weakset set size:undefined disposed:false
2397 silly placeDep ROOT async-function@1.0.0 OK for: is-async-function@2.1.1 want: ^1.0.0
2398 silly placeDep ROOT generator-function@2.0.1 OK for: is-generator-function@1.1.2 want: ^2.0.0
2399 silly placeDep ROOT is-map@2.0.3 OK for: which-collection@1.0.2 want: ^2.0.3
2400 silly placeDep ROOT is-weakmap@2.0.2 OK for: which-collection@1.0.2 want: ^2.0.2
2401 silly placeDep ROOT is-weakset@2.0.4 OK for: which-collection@1.0.2 want: ^2.0.3
2402 silly placeDep node_modules/@typescript-eslint/typescript-estree brace-expansion@5.0.6 OK for: minimatch@10.2.5 want: ^5.0.5
2403 silly fetch manifest balanced-match@^4.0.2
2404 silly packumentCache full:https://registry.npmjs.org/balanced-match cache-miss
2405 http cache https://registry.npmjs.org/balanced-match 5ms (cache hit)
2406 silly packumentCache full:https://registry.npmjs.org/balanced-match set size:39082 disposed:false
2407 silly placeDep node_modules/@typescript-eslint/typescript-estree balanced-match@4.0.4 OK for: brace-expansion@5.0.6 want: ^4.0.2
2408 silly reify moves {}
2409 silly audit bulk request {
2409 silly audit   '@tailwindcss/postcss': [ '4.3.0' ],
2409 silly audit   '@types/node': [ '20.19.41' ],
2409 silly audit   '@types/react': [ '19.2.14' ],
2409 silly audit   '@types/react-dom': [ '19.2.3' ],
2409 silly audit   eslint: [ '9.39.4' ],
2409 silly audit   'eslint-config-next': [ '16.2.6' ],
2409 silly audit   next: [ '16.2.6' ],
2409 silly audit   react: [ '19.2.4' ],
2409 silly audit   'react-dom': [ '19.2.4' ],
2409 silly audit   tailwindcss: [ '4.3.0' ],
2409 silly audit   typescript: [ '5.9.3' ],
2409 silly audit   '@alloc/quick-lru': [ '5.2.0' ],
2409 silly audit   '@tailwindcss/node': [ '4.3.0' ],
2409 silly audit   '@tailwindcss/oxide': [ '4.3.0' ],
2409 silly audit   postcss: [ '8.5.14', '8.4.31' ],
2409 silly audit   '@jridgewell/remapping': [ '2.3.5' ],
2409 silly audit   'enhanced-resolve': [ '5.21.3' ],
2409 silly audit   jiti: [ '2.7.0' ],
2409 silly audit   lightningcss: [ '1.32.0' ],
2409 silly audit   'magic-string': [ '0.30.21' ],
2409 silly audit   'source-map-js': [ '1.2.1' ],
2409 silly audit   '@jridgewell/gen-mapping': [ '0.3.13' ],
2409 silly audit   '@jridgewell/trace-mapping': [ '0.3.31' ],
2409 silly audit   '@jridgewell/sourcemap-codec': [ '1.5.5' ],
2409 silly audit   '@jridgewell/resolve-uri': [ '3.1.2' ],
2409 silly audit   '@tailwindcss/oxide-android-arm64': [ '4.3.0' ],
2409 silly audit   '@tailwindcss/oxide-darwin-arm64': [ '4.3.0' ],
2409 silly audit   '@tailwindcss/oxide-darwin-x64': [ '4.3.0' ],
2409 silly audit   '@tailwindcss/oxide-freebsd-x64': [ '4.3.0' ],
2409 silly audit   '@tailwindcss/oxide-linux-arm-gnueabihf': [ '4.3.0' ],
2409 silly audit   '@tailwindcss/oxide-linux-arm64-gnu': [ '4.3.0' ],
2409 silly audit   '@tailwindcss/oxide-linux-arm64-musl': [ '4.3.0' ],
2409 silly audit   '@tailwindcss/oxide-linux-x64-gnu': [ '4.3.0' ],
2409 silly audit   '@tailwindcss/oxide-linux-x64-musl': [ '4.3.0' ],
2409 silly audit   '@tailwindcss/oxide-wasm32-wasi': [ '4.3.0' ],
2409 silly audit   '@tailwindcss/oxide-win32-arm64-msvc': [ '4.3.0' ],
2409 silly audit   '@tailwindcss/oxide-win32-x64-msvc': [ '4.3.0' ],
2409 silly audit   'undici-types': [ '6.21.0' ],
2409 silly audit   csstype: [ '3.2.3' ],
2409 silly audit   'graceful-fs': [ '4.2.11' ],
2409 silly audit   tapable: [ '2.3.3' ],
2409 silly audit   '@eslint-community/eslint-utils': [ '4.9.1' ],
2409 silly audit   '@eslint-community/regexpp': [ '4.12.2' ],
2409 silly audit   '@eslint/config-array': [ '0.21.2' ],
2409 silly audit   '@eslint/config-helpers': [ '0.4.2' ],
2409 silly audit   '@eslint/core': [ '0.17.0' ],
2409 silly audit   '@eslint/eslintrc': [ '3.3.5' ],
2409 silly audit   '@eslint/js': [ '9.39.4' ],
2409 silly audit   '@eslint/plugin-kit': [ '0.4.1' ],
2409 silly audit   '@humanfs/node': [ '0.16.8' ],
2409 silly audit   '@humanwhocodes/module-importer': [ '1.0.1' ],
2409 silly audit   '@humanwhocodes/retry': [ '0.4.3' ],
2409 silly audit   '@types/estree': [ '1.0.9' ],
2409 silly audit   ajv: [ '6.15.0' ],
2409 silly audit   chalk: [ '4.1.2' ],
2409 silly audit   'cross-spawn': [ '7.0.6' ],
2409 silly audit   debug: [ '4.4.3', '3.2.7' ],
2409 silly audit   'escape-string-regexp': [ '4.0.0' ],
2409 silly audit   'eslint-scope': [ '8.4.0' ],
2409 silly audit   'eslint-visitor-keys': [ '4.2.1', '3.4.3', '5.0.1' ],
2409 silly audit   espree: [ '10.4.0' ],
2409 silly audit   esquery: [ '1.7.0' ],
2409 silly audit   esutils: [ '2.0.3' ],
2409 silly audit   'fast-deep-equal': [ '3.1.3' ],
2409 silly audit   'file-entry-cache': [ '8.0.0' ],
2409 silly audit   'find-up': [ '5.0.0' ],
2409 silly audit   'glob-parent': [ '6.0.2', '5.1.2' ],
2409 silly audit   ignore: [ '5.3.2', '7.0.5' ],
2409 silly audit   imurmurhash: [ '0.1.4' ],
2409 silly audit   'is-glob': [ '4.0.3' ],
2409 silly audit   'json-stable-stringify-without-jsonify': [ '1.0.1' ],
2409 silly audit   'lodash.merge': [ '4.6.2' ],
2409 silly audit   minimatch: [ '3.1.5', '10.2.5' ],
2409 silly audit   'natural-compare': [ '1.4.0' ],
2409 silly audit   optionator: [ '0.9.4' ],
2409 silly audit   '@eslint/object-schema': [ '2.1.7' ],
2409 silly audit   '@types/json-schema': [ '7.0.15' ],
2409 silly audit   globals: [ '14.0.0', '16.4.0' ],
2409 silly audit   'import-fresh': [ '3.3.1' ],
2409 silly audit   'js-yaml': [ '4.1.1' ],
2409 silly audit   'strip-json-comments': [ '3.1.1' ],
2409 silly audit   levn: [ '0.4.1' ],
2409 silly audit   '@humanfs/core': [ '0.19.2' ],
2409 silly audit   '@humanfs/types': [ '0.15.0' ],
2409 silly audit   'fast-json-stable-stringify': [ '2.1.0' ],
2409 silly audit   'json-schema-traverse': [ '0.4.1' ],
2409 silly audit   'uri-js': [ '4.4.1' ],
2409 silly audit   'ansi-styles': [ '4.3.0' ],
2409 silly audit   'supports-color': [ '7.2.0' ],
2409 silly audit   'color-convert': [ '2.0.1' ],
2409 silly audit   'color-name': [ '1.1.4' ],
2409 silly audit   'path-key': [ '3.1.1' ],
2409 silly audit   'shebang-command': [ '2.0.0' ],
2409 silly audit   which: [ '2.0.2' ],
2409 silly audit   ms: [ '2.1.3' ],
2409 silly audit   '@next/eslint-plugin-next': [ '16.2.6' ],
2409 silly audit   'eslint-import-resolver-node': [ '0.3.10' ],
2409 silly audit   'eslint-import-resolver-typescript': [ '3.10.1' ],
2409 silly audit   'eslint-plugin-import': [ '2.32.0' ],
2409 silly audit   'eslint-plugin-jsx-a11y': [ '6.10.2' ],
2409 silly audit   'eslint-plugin-react': [ '7.37.5' ],
2409 silly audit   'eslint-plugin-react-hooks': [ '7.1.1' ],
2409 silly audit   'typescript-eslint': [ '8.59.3' ],
2409 silly audit   'fast-glob': [ '3.3.1' ],
2409 silly audit   'is-core-module': [ '2.16.2' ],
2409 silly audit   resolve: [ '2.0.0-next.7' ],
2409 silly audit   '@nolyfill/is-core-module': [ '1.0.39' ],
2409 silly audit   'get-tsconfig': [ '4.14.0' ],
2409 silly audit   'is-bun-module': [ '2.0.0' ],
2409 silly audit   'stable-hash': [ '0.0.5' ],
2409 silly audit   tinyglobby: [ '0.2.16' ],
2409 silly audit   'unrs-resolver': [ '1.11.1' ],
2409 silly audit   '@rtsao/scc': [ '1.1.0' ],
2409 silly audit   'array-includes': [ '3.1.9' ],
2409 silly audit   'array.prototype.findlastindex': [ '1.2.6' ],
2409 silly audit   'array.prototype.flat': [ '1.3.3' ],
2409 silly audit   'array.prototype.flatmap': [ '1.3.3' ],
2409 silly audit   doctrine: [ '2.1.0' ],
2409 silly audit   'eslint-module-utils': [ '2.12.1' ],
2409 silly audit   hasown: [ '2.0.3' ],
2409 silly audit   'object.fromentries': [ '2.0.8' ],
2409 silly audit   'object.groupby': [ '1.0.3' ],
2409 silly audit   'object.values': [ '1.2.1' ],
2409 silly audit   semver: [ '6.3.1', '7.8.0' ],
2409 silly audit   'string.prototype.trimend': [ '1.0.9' ],
2409 silly audit   'tsconfig-paths': [ '3.15.0' ],
2409 silly audit   'call-bind': [ '1.0.9' ],
2409 silly audit   'call-bound': [ '1.0.4' ],
2409 silly audit   'define-properties': [ '1.2.1' ],
2409 silly audit   'es-abstract': [ '1.24.2' ],
2409 silly audit   'es-object-atoms': [ '1.1.1' ],
2409 silly audit   'get-intrinsic': [ '1.3.0' ],
2409 silly audit   'is-string': [ '1.1.1' ],
2409 silly audit   'math-intrinsics': [ '1.1.0' ],
2409 silly audit   'es-errors': [ '1.3.0' ],
2409 silly audit   'es-shim-unscopables': [ '1.1.0' ],
2409 silly audit   'call-bind-apply-helpers': [ '1.0.2' ],
2409 silly audit   'es-define-property': [ '1.0.1' ],
2409 silly audit   'set-function-length': [ '1.2.2' ],
2409 silly audit   'function-bind': [ '1.1.2' ],
2409 silly audit   'define-data-property': [ '1.1.4' ],
2409 silly audit   'has-property-descriptors': [ '1.0.2' ],
2409 silly audit   'object-keys': [ '1.1.1' ],
2409 silly audit   gopd: [ '1.2.0' ],
2409 silly audit   'array-buffer-byte-length': [ '1.0.2' ],
2409 silly audit   'arraybuffer.prototype.slice': [ '1.0.4' ],
2409 silly audit   'available-typed-arrays': [ '1.0.7' ],
2409 silly audit   'data-view-buffer': [ '1.0.2' ],
2409 silly audit   'data-view-byte-length': [ '1.0.2' ],
2409 silly audit   'data-view-byte-offset': [ '1.0.1' ],
2409 silly audit   'es-set-tostringtag': [ '2.1.0' ],
2409 silly audit   'es-to-primitive': [ '1.3.0' ],
2409 silly audit   'function.prototype.name': [ '1.1.8' ],
2409 silly audit   'get-proto': [ '1.0.1' ],
2409 silly audit   'get-symbol-description': [ '1.1.0' ],
2409 silly audit   globalthis: [ '1.0.4' ],
2409 silly audit   'has-proto': [ '1.2.0' ],
2409 silly audit   'has-symbols': [ '1.1.0' ],
2409 silly audit   'internal-slot': [ '1.1.0' ],
2409 silly audit   'is-array-buffer': [ '3.0.5' ],
2409 silly audit   'is-callable': [ '1.2.7' ],
2409 silly audit   'is-data-view': [ '1.0.2' ],
2409 silly audit   'is-negative-zero': [ '2.0.3' ],
2409 silly audit   'is-regex': [ '1.2.1' ],
2409 silly audit   'is-set': [ '2.0.3' ],
2409 silly audit   'is-shared-array-buffer': [ '1.0.4' ],
2409 silly audit   'is-typed-array': [ '1.1.15' ],
2409 silly audit   'is-weakref': [ '1.1.1' ],
2409 silly audit   'object-inspect': [ '1.13.4' ],
2409 silly audit   'object.assign': [ '4.1.7' ],
2409 silly audit   'own-keys': [ '1.0.1' ],
2409 silly audit   'regexp.prototype.flags': [ '1.5.4' ],
2409 silly audit   'safe-array-concat': [ '1.1.4' ],
2409 silly audit   'safe-push-apply': [ '1.0.0' ],
2409 silly audit   'safe-regex-test': [ '1.1.0' ],
2409 silly audit   'set-proto': [ '1.0.0' ],
2409 silly audit   'stop-iteration-iterator': [ '1.1.0' ],
2409 silly audit   'string.prototype.trim': [ '1.2.10' ],
2409 silly audit   'string.prototype.trimstart': [ '1.0.8' ],
2409 silly audit   'typed-array-buffer': [ '1.0.3' ],
2409 silly audit   'typed-array-byte-length': [ '1.0.3' ],
2409 silly audit   'typed-array-byte-offset': [ '1.0.4' ],
2409 silly audit   'typed-array-length': [ '1.0.7' ],
2409 silly audit   'unbox-primitive': [ '1.1.0' ],
2409 silly audit   'which-typed-array': [ '1.1.20' ],
2409 silly audit   'possible-typed-array-names': [ '1.1.0' ],
2409 silly audit   'has-tostringtag': [ '1.0.2' ],
2409 silly audit   'is-date-object': [ '1.1.0' ],
2409 silly audit   'is-symbol': [ '1.1.1' ],
2409 silly audit   'aria-query': [ '5.3.2' ],
2409 silly audit   'ast-types-flow': [ '0.0.8' ],
2409 silly audit   'axe-core': [ '4.11.4' ],
2409 silly audit   'axobject-query': [ '4.1.0' ],
2409 silly audit   'damerau-levenshtein': [ '1.0.8' ],
2409 silly audit   'emoji-regex': [ '9.2.2' ],
2409 silly audit   'jsx-ast-utils': [ '3.3.5' ],
2409 silly audit   'language-tags': [ '1.0.9' ],
2409 silly audit   'string.prototype.includes': [ '2.0.1' ],
2409 silly audit   'array.prototype.findlast': [ '1.2.5' ],
2409 silly audit   'array.prototype.tosorted': [ '1.1.4' ],
2409 silly audit   'es-iterator-helpers': [ '1.3.2' ],
2409 silly audit   estraverse: [ '5.3.0' ],
2409 silly audit   'object.entries': [ '1.1.9' ],
2409 silly audit   'prop-types': [ '15.8.1' ],
2409 silly audit   'string.prototype.matchall': [ '4.0.12' ],
2409 silly audit   'string.prototype.repeat': [ '1.0.0' ],
2409 silly audit   'iterator.prototype': [ '1.1.5' ],
2409 silly audit   '@babel/core': [ '7.29.0' ],
2409 silly audit   '@babel/parser': [ '7.29.3' ],
2409 silly audit   'hermes-parser': [ '0.25.1' ],
2409 silly audit   zod: [ '4.4.3' ],
2409 silly audit   'zod-validation-error': [ '4.0.2' ],
2409 silly audit   '@babel/code-frame': [ '7.29.0' ],
2409 silly audit   '@babel/generator': [ '7.29.1' ],
2409 silly audit   '@babel/helper-compilation-targets': [ '7.28.6' ],
2409 silly audit   '@babel/helper-module-transforms': [ '7.28.6' ],
2409 silly audit   '@babel/helpers': [ '7.29.2' ],
2409 silly audit   '@babel/template': [ '7.28.6' ],
2409 silly audit   '@babel/traverse': [ '7.29.0' ],
2409 silly audit   '@babel/types': [ '7.29.0' ],
2409 silly audit   'convert-source-map': [ '2.0.0' ],
2409 silly audit   gensync: [ '1.0.0-beta.2' ],
2409 silly audit   json5: [ '2.2.3', '1.0.2' ],
2409 silly audit   '@babel/helper-validator-identifier': [ '7.28.5' ],
2409 silly audit   'js-tokens': [ '4.0.0' ],
2409 silly audit   picocolors: [ '1.1.1' ],
2409 silly audit   jsesc: [ '3.1.0' ],
2409 silly audit   '@babel/compat-data': [ '7.29.3' ],
2409 silly audit   '@babel/helper-validator-option': [ '7.27.1' ],
2409 silly audit   browserslist: [ '4.28.2' ],
2409 silly audit   'lru-cache': [ '5.1.1' ],
2409 silly audit   '@babel/helper-module-imports': [ '7.28.6' ],
2409 silly audit   '@babel/helper-globals': [ '7.28.0' ],
2409 silly audit   '@babel/helper-string-parser': [ '7.27.1' ],
2409 silly audit   'baseline-browser-mapping': [ '2.10.29' ],
2409 silly audit   'caniuse-lite': [ '1.0.30001792' ],
2409 silly audit   'electron-to-chromium': [ '1.5.357' ],
2409 silly audit   'node-releases': [ '2.0.44' ],
2409 silly audit   'update-browserslist-db': [ '1.2.3' ],
2409 silly audit   esrecurse: [ '4.3.0' ],
2409 silly audit   acorn: [ '8.16.0' ],
2409 silly audit   'acorn-jsx': [ '5.3.2' ],
2409 silly audit   '@nodelib/fs.stat': [ '2.0.5' ],
2409 silly audit   '@nodelib/fs.walk': [ '1.2.8' ],
2409 silly audit   merge2: [ '1.4.1' ],
2409 silly audit   micromatch: [ '4.0.8' ],
2409 silly audit   '@nodelib/fs.scandir': [ '2.1.5' ],
2409 silly audit   fastq: [ '1.20.1' ],
2409 silly audit   'run-parallel': [ '1.2.0' ],
2409 silly audit   reusify: [ '1.1.0' ],
2409 silly audit   'flat-cache': [ '4.0.1' ],
2409 silly audit   'locate-path': [ '6.0.0' ],
2409 silly audit   'path-exists': [ '4.0.0' ],
2409 silly audit   flatted: [ '3.4.2' ],
2409 silly audit   keyv: [ '4.5.4' ],
2409 silly audit   'functions-have-names': [ '1.2.3' ],
2409 silly audit   'dunder-proto': [ '1.0.1' ],
2409 silly audit   'resolve-pkg-maps': [ '1.0.0' ],
2409 silly audit   'hermes-estree': [ '0.25.1' ],
2409 silly audit   'parent-module': [ '1.0.1' ],
2409 silly audit   'resolve-from': [ '4.0.0' ],
2409 silly audit   'side-channel': [ '1.1.0' ],
2409 silly audit   'is-extglob': [ '2.1.1' ],
2409 silly audit   'set-function-name': [ '2.0.2' ],
2409 silly audit   argparse: [ '2.0.1' ],
2409 silly audit   'json-buffer': [ '3.0.1' ],
2409 silly audit   'language-subtag-registry': [ '0.3.23' ],
2409 silly audit   'prelude-ls': [ '1.2.1' ],
2409 silly audit   'type-check': [ '0.4.0' ],
2409 silly audit   'detect-libc': [ '2.1.2' ],
2409 silly audit   'lightningcss-android-arm64': [ '1.32.0' ],
2409 silly audit   'lightningcss-darwin-arm64': [ '1.32.0' ],
2409 silly audit   'lightningcss-darwin-x64': [ '1.32.0' ],
2409 silly audit   'lightningcss-freebsd-x64': [ '1.32.0' ],
2409 silly audit   'lightningcss-linux-arm-gnueabihf': [ '1.32.0' ],
2409 silly audit   'lightningcss-linux-arm64-gnu': [ '1.32.0' ],
2409 silly audit   'lightningcss-linux-arm64-musl': [ '1.32.0' ],
2409 silly audit   'lightningcss-linux-x64-gnu': [ '1.32.0' ],
2409 silly audit   'lightningcss-linux-x64-musl': [ '1.32.0' ],
2409 silly audit   'lightningcss-win32-arm64-msvc': [ '1.32.0' ],
2409 silly audit   'lightningcss-win32-x64-msvc': [ '1.32.0' ],
2409 silly audit   'p-locate': [ '5.0.0' ],
2409 silly audit   yallist: [ '3.1.1' ],
2409 silly audit   braces: [ '3.0.3' ],
2409 silly audit   picomatch: [ '2.3.2', '4.0.4' ],
2409 silly audit   'fill-range': [ '7.1.1' ],
2409 silly audit   'to-regex-range': [ '5.0.1' ],
2409 silly audit   'brace-expansion': [ '1.1.14', '5.0.6' ],
2409 silly audit   'balanced-match': [ '1.0.2', '4.0.4' ],
2409 silly audit   'concat-map': [ '0.0.1' ],
2409 silly audit   '@next/env': [ '16.2.6' ],
2409 silly audit   '@next/swc-darwin-arm64': [ '16.2.6' ],
2409 silly audit   '@next/swc-darwin-x64': [ '16.2.6' ],
2409 silly audit   '@next/swc-linux-arm64-gnu': [ '16.2.6' ],
2409 silly audit   '@next/swc-linux-arm64-musl': [ '16.2.6' ],
2409 silly audit   '@next/swc-linux-x64-gnu': [ '16.2.6' ],
2409 silly audit   '@next/swc-linux-x64-musl': [ '16.2.6' ],
2409 silly audit   '@next/swc-win32-arm64-msvc': [ '16.2.6' ],
2409 silly audit   '@next/swc-win32-x64-msvc': [ '16.2.6' ],
2409 silly audit   '@swc/helpers': [ '0.5.15' ],
2409 silly audit   sharp: [ '0.34.5' ],
2409 silly audit   'styled-jsx': [ '5.1.6' ],
2409 silly audit   tslib: [ '2.8.1' ],
2409 silly audit   'deep-is': [ '0.1.4' ],
2409 silly audit   'fast-levenshtein': [ '2.0.6' ],
2409 silly audit   'word-wrap': [ '1.2.5' ],
2409 silly audit   'p-limit': [ '3.1.0' ],
2409 silly audit   'yocto-queue': [ '0.1.0' ],
2409 silly audit   callsites: [ '3.1.0' ],
2409 silly audit   nanoid: [ '3.3.12' ],
2409 silly audit   'loose-envify': [ '1.4.0' ],
2409 silly audit   'object-assign': [ '4.1.1' ],
2409 silly audit   'react-is': [ '16.13.1' ],
2409 silly audit   scheduler: [ '0.27.0' ],
2409 silly audit   'node-exports-info': [ '1.6.0' ],
2409 silly audit   'path-parse': [ '1.0.7' ],
2409 silly audit   'supports-preserve-symlinks-flag': [ '1.0.0' ],
2409 silly audit   'queue-microtask': [ '1.2.3' ],
2409 silly audit   isarray: [ '2.0.5' ],
2409 silly audit   '@img/colour': [ '1.1.0' ],
2409 silly audit   '@img/sharp-darwin-arm64': [ '0.34.5' ],
2409 silly audit   '@img/sharp-darwin-x64': [ '0.34.5' ],
2409 silly audit   '@img/sharp-libvips-darwin-arm64': [ '1.2.4' ],
2409 silly audit   '@img/sharp-libvips-darwin-x64': [ '1.2.4' ],
2409 silly audit   '@img/sharp-libvips-linux-arm': [ '1.2.4' ],
2409 silly audit   '@img/sharp-libvips-linux-arm64': [ '1.2.4' ],
2409 silly audit   '@img/sharp-libvips-linux-ppc64': [ '1.2.4' ],
2409 silly audit   '@img/sharp-libvips-linux-riscv64': [ '1.2.4' ],
2409 silly audit   '@img/sharp-libvips-linux-s390x': [ '1.2.4' ],
2409 silly audit   '@img/sharp-libvips-linux-x64': [ '1.2.4' ],
2409 silly audit   '@img/sharp-libvips-linuxmusl-arm64': [ '1.2.4' ],
2409 silly audit   '@img/sharp-libvips-linuxmusl-x64': [ '1.2.4' ],
2409 silly audit   '@img/sharp-linux-arm': [ '0.34.5' ],
2409 silly audit   '@img/sharp-linux-arm64': [ '0.34.5' ],
2409 silly audit   '@img/sharp-linux-ppc64': [ '0.34.5' ],
2409 silly audit   '@img/sharp-linux-riscv64': [ '0.34.5' ],
2409 silly audit   '@img/sharp-linux-s390x': [ '0.34.5' ],
2409 silly audit   '@img/sharp-linux-x64': [ '0.34.5' ],
2409 silly audit   '@img/sharp-linuxmusl-arm64': [ '0.34.5' ],
2409 silly audit   '@img/sharp-linuxmusl-x64': [ '0.34.5' ],
2409 silly audit   '@img/sharp-wasm32': [ '0.34.5' ],
2409 silly audit   '@img/sharp-win32-arm64': [ '0.34.5' ],
2409 silly audit   '@img/sharp-win32-ia32': [ '0.34.5' ],
2409 silly audit   '@img/sharp-win32-x64': [ '0.34.5' ],
2409 silly audit   '@emnapi/runtime': [ '1.10.0' ],
2409 silly audit   'shebang-regex': [ '3.0.0' ],
2409 silly audit   'side-channel-list': [ '1.0.1' ],
2409 silly audit   'side-channel-map': [ '1.0.1' ],
2409 silly audit   'side-channel-weakmap': [ '1.0.2' ],
2409 silly audit   'client-only': [ '0.0.1' ],
2409 silly audit   'has-flag': [ '4.0.0' ],
2409 silly audit   fdir: [ '6.5.0' ],
2409 silly audit   'is-number': [ '7.0.0' ],
2409 silly audit   '@types/json5': [ '0.0.29' ],
2409 silly audit   minimist: [ '1.2.8' ],
2409 silly audit   'strip-bom': [ '3.0.0' ],
2409 silly audit   'for-each': [ '0.3.5' ],
2409 silly audit   'reflect.getprototypeof': [ '1.0.10' ],
2409 silly audit   'which-builtin-type': [ '1.2.1' ],
2409 silly audit   '@typescript-eslint/eslint-plugin': [ '8.59.3' ],
2409 silly audit   '@typescript-eslint/parser': [ '8.59.3' ],
2409 silly audit   '@typescript-eslint/typescript-estree': [ '8.59.3' ],
2409 silly audit   '@typescript-eslint/utils': [ '8.59.3' ],
2409 silly audit   '@typescript-eslint/scope-manager': [ '8.59.3' ],
2409 silly audit   '@typescript-eslint/type-utils': [ '8.59.3' ],
2409 silly audit   '@typescript-eslint/visitor-keys': [ '8.59.3' ],
2409 silly audit   'ts-api-utils': [ '2.5.0' ],
2409 silly audit   '@typescript-eslint/types': [ '8.59.3' ],
2409 silly audit   '@typescript-eslint/project-service': [ '8.59.3' ],
2409 silly audit   '@typescript-eslint/tsconfig-utils': [ '8.59.3' ],
2409 silly audit   'has-bigints': [ '1.1.0' ],
2409 silly audit   'which-boxed-primitive': [ '1.1.1' ],
2409 silly audit   '@unrs/resolver-binding-android-arm-eabi': [ '1.11.1' ],
2409 silly audit   '@unrs/resolver-binding-android-arm64': [ '1.11.1' ],
2409 silly audit   '@unrs/resolver-binding-darwin-arm64': [ '1.11.1' ],
2409 silly audit   '@unrs/resolver-binding-darwin-x64': [ '1.11.1' ],
2409 silly audit   '@unrs/resolver-binding-freebsd-x64': [ '1.11.1' ],
2409 silly audit   '@unrs/resolver-binding-linux-arm-gnueabihf': [ '1.11.1' ],
2409 silly audit   '@unrs/resolver-binding-linux-arm-musleabihf': [ '1.11.1' ],
2409 silly audit   '@unrs/resolver-binding-linux-arm64-gnu': [ '1.11.1' ],
2409 silly audit   '@unrs/resolver-binding-linux-arm64-musl': [ '1.11.1' ],
2409 silly audit   '@unrs/resolver-binding-linux-ppc64-gnu': [ '1.11.1' ],
2409 silly audit   '@unrs/resolver-binding-linux-riscv64-gnu': [ '1.11.1' ],
2409 silly audit   '@unrs/resolver-binding-linux-riscv64-musl': [ '1.11.1' ],
2409 silly audit   '@unrs/resolver-binding-linux-s390x-gnu': [ '1.11.1' ],
2409 silly audit   '@unrs/resolver-binding-linux-x64-gnu': [ '1.11.1' ],
2409 silly audit   '@unrs/resolver-binding-linux-x64-musl': [ '1.11.1' ],
2409 silly audit   '@unrs/resolver-binding-wasm32-wasi': [ '1.11.1' ],
2409 silly audit   '@unrs/resolver-binding-win32-arm64-msvc': [ '1.11.1' ],
2409 silly audit   '@unrs/resolver-binding-win32-ia32-msvc': [ '1.11.1' ],
2409 silly audit   '@unrs/resolver-binding-win32-x64-msvc': [ '1.11.1' ],
2409 silly audit   'napi-postinstall': [ '0.3.4' ],
2409 silly audit   '@napi-rs/wasm-runtime': [ '0.2.12' ],
2409 silly audit   '@emnapi/core': [ '1.10.0' ],
2409 silly audit   '@tybys/wasm-util': [ '0.10.2' ],
2409 silly audit   '@emnapi/wasi-threads': [ '1.2.1' ],
2409 silly audit   escalade: [ '3.2.0' ],
2409 silly audit   punycode: [ '2.3.1' ],
2409 silly audit   isexe: [ '2.0.0' ],
2409 silly audit   'is-bigint': [ '1.1.0' ],
2409 silly audit   'is-boolean-object': [ '1.2.2' ],
2409 silly audit   'is-number-object': [ '1.1.1' ],
2409 silly audit   'is-async-function': [ '2.1.1' ],
2409 silly audit   'is-finalizationregistry': [ '1.1.1' ],
2409 silly audit   'is-generator-function': [ '1.1.2' ],
2409 silly audit   'which-collection': [ '1.0.2' ],
2409 silly audit   'async-function': [ '1.0.0' ],
2409 silly audit   'generator-function': [ '2.0.1' ],
2409 silly audit   'is-map': [ '2.0.3' ],
2409 silly audit   'is-weakmap': [ '2.0.2' ],
2409 silly audit   'is-weakset': [ '2.0.4' ]
2409 silly audit }
2410 http cache is-weakset@https://registry.npmjs.org/is-weakset/-/is-weakset-2.0.4.tgz 0ms (cache hit)
2411 http cache is-weakmap@https://registry.npmjs.org/is-weakmap/-/is-weakmap-2.0.2.tgz 0ms (cache hit)
2412 http cache is-map@https://registry.npmjs.org/is-map/-/is-map-2.0.3.tgz 0ms (cache hit)
2413 http cache generator-function@https://registry.npmjs.org/generator-function/-/generator-function-2.0.1.tgz 0ms (cache hit)
2414 http cache async-function@https://registry.npmjs.org/async-function/-/async-function-1.0.0.tgz 0ms (cache hit)
2415 http cache which-collection@https://registry.npmjs.org/which-collection/-/which-collection-1.0.2.tgz 0ms (cache hit)
2416 http cache is-generator-function@https://registry.npmjs.org/is-generator-function/-/is-generator-function-1.1.2.tgz 1ms (cache hit)
2417 http cache is-async-function@https://registry.npmjs.org/is-async-function/-/is-async-function-2.1.1.tgz 0ms (cache hit)
2418 http cache is-finalizationregistry@https://registry.npmjs.org/is-finalizationregistry/-/is-finalizationregistry-1.1.1.tgz 0ms (cache hit)
2419 http cache is-number-object@https://registry.npmjs.org/is-number-object/-/is-number-object-1.1.1.tgz 0ms (cache hit)
2420 http cache is-boolean-object@https://registry.npmjs.org/is-boolean-object/-/is-boolean-object-1.2.2.tgz 0ms (cache hit)
2421 http cache is-bigint@https://registry.npmjs.org/is-bigint/-/is-bigint-1.1.0.tgz 0ms (cache hit)
2422 http cache punycode@https://registry.npmjs.org/punycode/-/punycode-2.3.1.tgz 0ms (cache hit)
2423 http cache isexe@https://registry.npmjs.org/isexe/-/isexe-2.0.0.tgz 0ms (cache hit)
2424 http cache escalade@https://registry.npmjs.org/escalade/-/escalade-3.2.0.tgz 0ms (cache hit)
2425 http cache @emnapi/wasi-threads@https://registry.npmjs.org/@emnapi/wasi-threads/-/wasi-threads-1.2.1.tgz 0ms (cache hit)
2426 http cache @tybys/wasm-util@https://registry.npmjs.org/@tybys/wasm-util/-/wasm-util-0.10.2.tgz 0ms (cache hit)
2427 http cache @emnapi/core@https://registry.npmjs.org/@emnapi/core/-/core-1.10.0.tgz 0ms (cache hit)
2428 http cache @napi-rs/wasm-runtime@https://registry.npmjs.org/@napi-rs/wasm-runtime/-/wasm-runtime-0.2.12.tgz 0ms (cache hit)
2429 http cache napi-postinstall@https://registry.npmjs.org/napi-postinstall/-/napi-postinstall-0.3.4.tgz 0ms (cache hit)
2430 http cache @unrs/resolver-binding-win32-x64-msvc@https://registry.npmjs.org/@unrs/resolver-binding-win32-x64-msvc/-/resolver-binding-win32-x64-msvc-1.11.1.tgz 0ms (cache hit)
2431 http cache which-boxed-primitive@https://registry.npmjs.org/which-boxed-primitive/-/which-boxed-primitive-1.1.1.tgz 0ms (cache hit)
2432 http cache has-bigints@https://registry.npmjs.org/has-bigints/-/has-bigints-1.1.0.tgz 0ms (cache hit)
2433 http cache @typescript-eslint/tsconfig-utils@https://registry.npmjs.org/@typescript-eslint/tsconfig-utils/-/tsconfig-utils-8.59.3.tgz 0ms (cache hit)
2434 http cache @typescript-eslint/project-service@https://registry.npmjs.org/@typescript-eslint/project-service/-/project-service-8.59.3.tgz 0ms (cache hit)
2435 http cache @typescript-eslint/types@https://registry.npmjs.org/@typescript-eslint/types/-/types-8.59.3.tgz 0ms (cache hit)
2436 http cache ts-api-utils@https://registry.npmjs.org/ts-api-utils/-/ts-api-utils-2.5.0.tgz 0ms (cache hit)
2437 http cache @typescript-eslint/visitor-keys@https://registry.npmjs.org/@typescript-eslint/visitor-keys/-/visitor-keys-8.59.3.tgz 0ms (cache hit)
2438 http cache @typescript-eslint/type-utils@https://registry.npmjs.org/@typescript-eslint/type-utils/-/type-utils-8.59.3.tgz 0ms (cache hit)
2439 http cache @typescript-eslint/scope-manager@https://registry.npmjs.org/@typescript-eslint/scope-manager/-/scope-manager-8.59.3.tgz 0ms (cache hit)
2440 http cache @typescript-eslint/utils@https://registry.npmjs.org/@typescript-eslint/utils/-/utils-8.59.3.tgz 0ms (cache hit)
2441 http cache @typescript-eslint/typescript-estree@https://registry.npmjs.org/@typescript-eslint/typescript-estree/-/typescript-estree-8.59.3.tgz 0ms (cache hit)
2442 http cache @typescript-eslint/parser@https://registry.npmjs.org/@typescript-eslint/parser/-/parser-8.59.3.tgz 0ms (cache hit)
2443 http cache @typescript-eslint/eslint-plugin@https://registry.npmjs.org/@typescript-eslint/eslint-plugin/-/eslint-plugin-8.59.3.tgz 0ms (cache hit)
2444 http cache which-builtin-type@https://registry.npmjs.org/which-builtin-type/-/which-builtin-type-1.2.1.tgz 0ms (cache hit)
2445 http cache reflect.getprototypeof@https://registry.npmjs.org/reflect.getprototypeof/-/reflect.getprototypeof-1.0.10.tgz 0ms (cache hit)
2446 http cache for-each@https://registry.npmjs.org/for-each/-/for-each-0.3.5.tgz 0ms (cache hit)
2447 http cache strip-bom@https://registry.npmjs.org/strip-bom/-/strip-bom-3.0.0.tgz 0ms (cache hit)
2448 http cache @types/json5@https://registry.npmjs.org/@types/json5/-/json5-0.0.29.tgz 0ms (cache hit)
2449 http cache minimist@https://registry.npmjs.org/minimist/-/minimist-1.2.8.tgz 0ms (cache hit)
2450 http cache is-number@https://registry.npmjs.org/is-number/-/is-number-7.0.0.tgz 0ms (cache hit)
2451 http cache has-flag@https://registry.npmjs.org/has-flag/-/has-flag-4.0.0.tgz 0ms (cache hit)
2452 http cache client-only@https://registry.npmjs.org/client-only/-/client-only-0.0.1.tgz 0ms (cache hit)
2453 http cache side-channel-weakmap@https://registry.npmjs.org/side-channel-weakmap/-/side-channel-weakmap-1.0.2.tgz 0ms (cache hit)
2454 http cache side-channel-map@https://registry.npmjs.org/side-channel-map/-/side-channel-map-1.0.1.tgz 0ms (cache hit)
2455 http cache side-channel-list@https://registry.npmjs.org/side-channel-list/-/side-channel-list-1.0.1.tgz 0ms (cache hit)
2456 http cache shebang-regex@https://registry.npmjs.org/shebang-regex/-/shebang-regex-3.0.0.tgz 0ms (cache hit)
2457 http cache @emnapi/runtime@https://registry.npmjs.org/@emnapi/runtime/-/runtime-1.10.0.tgz 0ms (cache hit)
2458 http cache @img/sharp-win32-x64@https://registry.npmjs.org/@img/sharp-win32-x64/-/sharp-win32-x64-0.34.5.tgz 0ms (cache hit)
2459 http cache @img/colour@https://registry.npmjs.org/@img/colour/-/colour-1.1.0.tgz 0ms (cache hit)
2460 http cache isarray@https://registry.npmjs.org/isarray/-/isarray-2.0.5.tgz 0ms (cache hit)
2461 http cache queue-microtask@https://registry.npmjs.org/queue-microtask/-/queue-microtask-1.2.3.tgz 0ms (cache hit)
2462 http cache supports-preserve-symlinks-flag@https://registry.npmjs.org/supports-preserve-symlinks-flag/-/supports-preserve-symlinks-flag-1.0.0.tgz 0ms (cache hit)
2463 http cache path-parse@https://registry.npmjs.org/path-parse/-/path-parse-1.0.7.tgz 0ms (cache hit)
2464 http cache node-exports-info@https://registry.npmjs.org/node-exports-info/-/node-exports-info-1.6.0.tgz 0ms (cache hit)
2465 http cache scheduler@https://registry.npmjs.org/scheduler/-/scheduler-0.27.0.tgz 0ms (cache hit)
2466 http cache react-is@https://registry.npmjs.org/react-is/-/react-is-16.13.1.tgz 0ms (cache hit)
2467 http cache object-assign@https://registry.npmjs.org/object-assign/-/object-assign-4.1.1.tgz 0ms (cache hit)
2468 http cache loose-envify@https://registry.npmjs.org/loose-envify/-/loose-envify-1.4.0.tgz 0ms (cache hit)
2469 http cache nanoid@https://registry.npmjs.org/nanoid/-/nanoid-3.3.12.tgz 0ms (cache hit)
2470 http cache callsites@https://registry.npmjs.org/callsites/-/callsites-3.1.0.tgz 0ms (cache hit)
2471 http cache yocto-queue@https://registry.npmjs.org/yocto-queue/-/yocto-queue-0.1.0.tgz 0ms (cache hit)
2472 http cache p-limit@https://registry.npmjs.org/p-limit/-/p-limit-3.1.0.tgz 0ms (cache hit)
2473 http cache word-wrap@https://registry.npmjs.org/word-wrap/-/word-wrap-1.2.5.tgz 0ms (cache hit)
2474 http cache fast-levenshtein@https://registry.npmjs.org/fast-levenshtein/-/fast-levenshtein-2.0.6.tgz 0ms (cache hit)
2475 http cache deep-is@https://registry.npmjs.org/deep-is/-/deep-is-0.1.4.tgz 0ms (cache hit)
2476 http cache tslib@https://registry.npmjs.org/tslib/-/tslib-2.8.1.tgz 0ms (cache hit)
2477 http cache styled-jsx@https://registry.npmjs.org/styled-jsx/-/styled-jsx-5.1.6.tgz 0ms (cache hit)
2478 http cache sharp@https://registry.npmjs.org/sharp/-/sharp-0.34.5.tgz 0ms (cache hit)
2479 http cache @next/swc-win32-x64-msvc@https://registry.npmjs.org/@next/swc-win32-x64-msvc/-/swc-win32-x64-msvc-16.2.6.tgz 0ms (cache hit)
2480 http cache @swc/helpers@https://registry.npmjs.org/@swc/helpers/-/helpers-0.5.15.tgz 0ms (cache hit)
2481 http cache @next/env@https://registry.npmjs.org/@next/env/-/env-16.2.6.tgz 0ms (cache hit)
2482 http cache concat-map@https://registry.npmjs.org/concat-map/-/concat-map-0.0.1.tgz 0ms (cache hit)
2483 http cache balanced-match@https://registry.npmjs.org/balanced-match/-/balanced-match-1.0.2.tgz 0ms (cache hit)
2484 http cache brace-expansion@https://registry.npmjs.org/brace-expansion/-/brace-expansion-1.1.14.tgz 0ms (cache hit)
2485 http cache to-regex-range@https://registry.npmjs.org/to-regex-range/-/to-regex-range-5.0.1.tgz 0ms (cache hit)
2486 http cache fill-range@https://registry.npmjs.org/fill-range/-/fill-range-7.1.1.tgz 0ms (cache hit)
2487 http cache picomatch@https://registry.npmjs.org/picomatch/-/picomatch-2.3.2.tgz 0ms (cache hit)
2488 http cache braces@https://registry.npmjs.org/braces/-/braces-3.0.3.tgz 0ms (cache hit)
2489 http cache yallist@https://registry.npmjs.org/yallist/-/yallist-3.1.1.tgz 0ms (cache hit)
2490 http cache p-locate@https://registry.npmjs.org/p-locate/-/p-locate-5.0.0.tgz 0ms (cache hit)
2491 http cache lightningcss-win32-x64-msvc@https://registry.npmjs.org/lightningcss-win32-x64-msvc/-/lightningcss-win32-x64-msvc-1.32.0.tgz 0ms (cache hit)
2492 http cache detect-libc@https://registry.npmjs.org/detect-libc/-/detect-libc-2.1.2.tgz 0ms (cache hit)
2493 http cache type-check@https://registry.npmjs.org/type-check/-/type-check-0.4.0.tgz 0ms (cache hit)
2494 http cache prelude-ls@https://registry.npmjs.org/prelude-ls/-/prelude-ls-1.2.1.tgz 0ms (cache hit)
2495 http cache language-subtag-registry@https://registry.npmjs.org/language-subtag-registry/-/language-subtag-registry-0.3.23.tgz 0ms (cache hit)
2496 http cache json-buffer@https://registry.npmjs.org/json-buffer/-/json-buffer-3.0.1.tgz 0ms (cache hit)
2497 http cache argparse@https://registry.npmjs.org/argparse/-/argparse-2.0.1.tgz 0ms (cache hit)
2498 http cache set-function-name@https://registry.npmjs.org/set-function-name/-/set-function-name-2.0.2.tgz 0ms (cache hit)
2499 http cache is-extglob@https://registry.npmjs.org/is-extglob/-/is-extglob-2.1.1.tgz 0ms (cache hit)
2500 http cache side-channel@https://registry.npmjs.org/side-channel/-/side-channel-1.1.0.tgz 0ms (cache hit)
2501 http cache resolve-from@https://registry.npmjs.org/resolve-from/-/resolve-from-4.0.0.tgz 0ms (cache hit)
2502 http cache parent-module@https://registry.npmjs.org/parent-module/-/parent-module-1.0.1.tgz 0ms (cache hit)
2503 http cache hermes-estree@https://registry.npmjs.org/hermes-estree/-/hermes-estree-0.25.1.tgz 0ms (cache hit)
2504 http cache resolve-pkg-maps@https://registry.npmjs.org/resolve-pkg-maps/-/resolve-pkg-maps-1.0.0.tgz 0ms (cache hit)
2505 http cache dunder-proto@https://registry.npmjs.org/dunder-proto/-/dunder-proto-1.0.1.tgz 0ms (cache hit)
2506 http cache keyv@https://registry.npmjs.org/keyv/-/keyv-4.5.4.tgz 0ms (cache hit)
2507 http cache functions-have-names@https://registry.npmjs.org/functions-have-names/-/functions-have-names-1.2.3.tgz 0ms (cache hit)
2508 http cache path-exists@https://registry.npmjs.org/path-exists/-/path-exists-4.0.0.tgz 0ms (cache hit)
2509 http cache flatted@https://registry.npmjs.org/flatted/-/flatted-3.4.2.tgz 0ms (cache hit)
2510 http cache flat-cache@https://registry.npmjs.org/flat-cache/-/flat-cache-4.0.1.tgz 0ms (cache hit)
2511 http cache reusify@https://registry.npmjs.org/reusify/-/reusify-1.1.0.tgz 0ms (cache hit)
2512 http cache run-parallel@https://registry.npmjs.org/run-parallel/-/run-parallel-1.2.0.tgz 0ms (cache hit)
2513 http cache @nodelib/fs.scandir@https://registry.npmjs.org/@nodelib/fs.scandir/-/fs.scandir-2.1.5.tgz 0ms (cache hit)
2514 http cache fastq@https://registry.npmjs.org/fastq/-/fastq-1.20.1.tgz 0ms (cache hit)
2515 http cache micromatch@https://registry.npmjs.org/micromatch/-/micromatch-4.0.8.tgz 0ms (cache hit)
2516 http cache merge2@https://registry.npmjs.org/merge2/-/merge2-1.4.1.tgz 0ms (cache hit)
2517 http cache @nodelib/fs.walk@https://registry.npmjs.org/@nodelib/fs.walk/-/fs.walk-1.2.8.tgz 0ms (cache hit)
2518 http cache @nodelib/fs.stat@https://registry.npmjs.org/@nodelib/fs.stat/-/fs.stat-2.0.5.tgz 0ms (cache hit)
2519 http cache acorn-jsx@https://registry.npmjs.org/acorn-jsx/-/acorn-jsx-5.3.2.tgz 0ms (cache hit)
2520 http cache acorn@https://registry.npmjs.org/acorn/-/acorn-8.16.0.tgz 0ms (cache hit)
2521 http cache esrecurse@https://registry.npmjs.org/esrecurse/-/esrecurse-4.3.0.tgz 0ms (cache hit)
2522 http cache update-browserslist-db@https://registry.npmjs.org/update-browserslist-db/-/update-browserslist-db-1.2.3.tgz 0ms (cache hit)
2523 http cache node-releases@https://registry.npmjs.org/node-releases/-/node-releases-2.0.44.tgz 0ms (cache hit)
2524 http cache electron-to-chromium@https://registry.npmjs.org/electron-to-chromium/-/electron-to-chromium-1.5.357.tgz 0ms (cache hit)
2525 http cache caniuse-lite@https://registry.npmjs.org/caniuse-lite/-/caniuse-lite-1.0.30001792.tgz 0ms (cache hit)
2526 http cache baseline-browser-mapping@https://registry.npmjs.org/baseline-browser-mapping/-/baseline-browser-mapping-2.10.29.tgz 0ms (cache hit)
2527 http cache @babel/helper-string-parser@https://registry.npmjs.org/@babel/helper-string-parser/-/helper-string-parser-7.27.1.tgz 0ms (cache hit)
2528 http cache locate-path@https://registry.npmjs.org/locate-path/-/locate-path-6.0.0.tgz 0ms (cache hit)
2529 http cache @babel/helper-globals@https://registry.npmjs.org/@babel/helper-globals/-/helper-globals-7.28.0.tgz 0ms (cache hit)
2530 http cache @babel/helper-module-imports@https://registry.npmjs.org/@babel/helper-module-imports/-/helper-module-imports-7.28.6.tgz 0ms (cache hit)
2531 http cache lru-cache@https://registry.npmjs.org/lru-cache/-/lru-cache-5.1.1.tgz 0ms (cache hit)
2532 http cache browserslist@https://registry.npmjs.org/browserslist/-/browserslist-4.28.2.tgz 0ms (cache hit)
2533 http cache @babel/helper-validator-option@https://registry.npmjs.org/@babel/helper-validator-option/-/helper-validator-option-7.27.1.tgz 0ms (cache hit)
2534 http cache @babel/compat-data@https://registry.npmjs.org/@babel/compat-data/-/compat-data-7.29.3.tgz 0ms (cache hit)
2535 http cache jsesc@https://registry.npmjs.org/jsesc/-/jsesc-3.1.0.tgz 0ms (cache hit)
2536 http cache picocolors@https://registry.npmjs.org/picocolors/-/picocolors-1.1.1.tgz 0ms (cache hit)
2537 http cache js-tokens@https://registry.npmjs.org/js-tokens/-/js-tokens-4.0.0.tgz 0ms (cache hit)
2538 http cache @babel/helper-validator-identifier@https://registry.npmjs.org/@babel/helper-validator-identifier/-/helper-validator-identifier-7.28.5.tgz 0ms (cache hit)
2539 http cache json5@https://registry.npmjs.org/json5/-/json5-2.2.3.tgz 0ms (cache hit)
2540 http cache gensync@https://registry.npmjs.org/gensync/-/gensync-1.0.0-beta.2.tgz 0ms (cache hit)
2541 http cache @babel/types@https://registry.npmjs.org/@babel/types/-/types-7.29.0.tgz 0ms (cache hit)
2542 http cache convert-source-map@https://registry.npmjs.org/convert-source-map/-/convert-source-map-2.0.0.tgz 0ms (cache hit)
2543 http cache @babel/traverse@https://registry.npmjs.org/@babel/traverse/-/traverse-7.29.0.tgz 0ms (cache hit)
2544 http cache @babel/template@https://registry.npmjs.org/@babel/template/-/template-7.28.6.tgz 0ms (cache hit)
2545 http cache @babel/helpers@https://registry.npmjs.org/@babel/helpers/-/helpers-7.29.2.tgz 0ms (cache hit)
2546 http cache @babel/helper-module-transforms@https://registry.npmjs.org/@babel/helper-module-transforms/-/helper-module-transforms-7.28.6.tgz 0ms (cache hit)
2547 http cache @babel/helper-compilation-targets@https://registry.npmjs.org/@babel/helper-compilation-targets/-/helper-compilation-targets-7.28.6.tgz 0ms (cache hit)
2548 http cache @babel/generator@https://registry.npmjs.org/@babel/generator/-/generator-7.29.1.tgz 0ms (cache hit)
2549 http cache zod-validation-error@https://registry.npmjs.org/zod-validation-error/-/zod-validation-error-4.0.2.tgz 0ms (cache hit)
2550 http cache @babel/code-frame@https://registry.npmjs.org/@babel/code-frame/-/code-frame-7.29.0.tgz 0ms (cache hit)
2551 http cache zod@https://registry.npmjs.org/zod/-/zod-4.4.3.tgz 0ms (cache hit)
2552 http cache @babel/parser@https://registry.npmjs.org/@babel/parser/-/parser-7.29.3.tgz 0ms (cache hit)
2553 http cache hermes-parser@https://registry.npmjs.org/hermes-parser/-/hermes-parser-0.25.1.tgz 0ms (cache hit)
2554 http cache @babel/core@https://registry.npmjs.org/@babel/core/-/core-7.29.0.tgz 0ms (cache hit)
2555 http cache iterator.prototype@https://registry.npmjs.org/iterator.prototype/-/iterator.prototype-1.1.5.tgz 0ms (cache hit)
2556 http cache string.prototype.repeat@https://registry.npmjs.org/string.prototype.repeat/-/string.prototype.repeat-1.0.0.tgz 0ms (cache hit)
2557 http cache string.prototype.matchall@https://registry.npmjs.org/string.prototype.matchall/-/string.prototype.matchall-4.0.12.tgz 0ms (cache hit)
2558 http cache prop-types@https://registry.npmjs.org/prop-types/-/prop-types-15.8.1.tgz 0ms (cache hit)
2559 http cache object.entries@https://registry.npmjs.org/object.entries/-/object.entries-1.1.9.tgz 0ms (cache hit)
2560 http cache estraverse@https://registry.npmjs.org/estraverse/-/estraverse-5.3.0.tgz 0ms (cache hit)
2561 http cache es-iterator-helpers@https://registry.npmjs.org/es-iterator-helpers/-/es-iterator-helpers-1.3.2.tgz 0ms (cache hit)
2562 http cache array.prototype.tosorted@https://registry.npmjs.org/array.prototype.tosorted/-/array.prototype.tosorted-1.1.4.tgz 0ms (cache hit)
2563 http cache array.prototype.findlast@https://registry.npmjs.org/array.prototype.findlast/-/array.prototype.findlast-1.2.5.tgz 0ms (cache hit)
2564 http cache string.prototype.includes@https://registry.npmjs.org/string.prototype.includes/-/string.prototype.includes-2.0.1.tgz 0ms (cache hit)
2565 http cache language-tags@https://registry.npmjs.org/language-tags/-/language-tags-1.0.9.tgz 0ms (cache hit)
2566 http cache jsx-ast-utils@https://registry.npmjs.org/jsx-ast-utils/-/jsx-ast-utils-3.3.5.tgz 0ms (cache hit)
2567 http cache emoji-regex@https://registry.npmjs.org/emoji-regex/-/emoji-regex-9.2.2.tgz 0ms (cache hit)
2568 http cache damerau-levenshtein@https://registry.npmjs.org/damerau-levenshtein/-/damerau-levenshtein-1.0.8.tgz 0ms (cache hit)
2569 http cache axobject-query@https://registry.npmjs.org/axobject-query/-/axobject-query-4.1.0.tgz 0ms (cache hit)
2570 http cache axe-core@https://registry.npmjs.org/axe-core/-/axe-core-4.11.4.tgz 0ms (cache hit)
2571 http cache ast-types-flow@https://registry.npmjs.org/ast-types-flow/-/ast-types-flow-0.0.8.tgz 0ms (cache hit)
2572 http cache aria-query@https://registry.npmjs.org/aria-query/-/aria-query-5.3.2.tgz 0ms (cache hit)
2573 http cache is-symbol@https://registry.npmjs.org/is-symbol/-/is-symbol-1.1.1.tgz 0ms (cache hit)
2574 http cache is-date-object@https://registry.npmjs.org/is-date-object/-/is-date-object-1.1.0.tgz 0ms (cache hit)
2575 http cache has-tostringtag@https://registry.npmjs.org/has-tostringtag/-/has-tostringtag-1.0.2.tgz 0ms (cache hit)
2576 http cache possible-typed-array-names@https://registry.npmjs.org/possible-typed-array-names/-/possible-typed-array-names-1.1.0.tgz 0ms (cache hit)
2577 http cache which-typed-array@https://registry.npmjs.org/which-typed-array/-/which-typed-array-1.1.20.tgz 0ms (cache hit)
2578 http cache typed-array-length@https://registry.npmjs.org/typed-array-length/-/typed-array-length-1.0.7.tgz 0ms (cache hit)
2579 http cache unbox-primitive@https://registry.npmjs.org/unbox-primitive/-/unbox-primitive-1.1.0.tgz 0ms (cache hit)
2580 http cache typed-array-byte-offset@https://registry.npmjs.org/typed-array-byte-offset/-/typed-array-byte-offset-1.0.4.tgz 0ms (cache hit)
2581 http cache typed-array-byte-length@https://registry.npmjs.org/typed-array-byte-length/-/typed-array-byte-length-1.0.3.tgz 0ms (cache hit)
2582 http cache typed-array-buffer@https://registry.npmjs.org/typed-array-buffer/-/typed-array-buffer-1.0.3.tgz 0ms (cache hit)
2583 http cache string.prototype.trimstart@https://registry.npmjs.org/string.prototype.trimstart/-/string.prototype.trimstart-1.0.8.tgz 0ms (cache hit)
2584 http cache string.prototype.trim@https://registry.npmjs.org/string.prototype.trim/-/string.prototype.trim-1.2.10.tgz 0ms (cache hit)
2585 http cache stop-iteration-iterator@https://registry.npmjs.org/stop-iteration-iterator/-/stop-iteration-iterator-1.1.0.tgz 0ms (cache hit)
2586 http cache safe-regex-test@https://registry.npmjs.org/safe-regex-test/-/safe-regex-test-1.1.0.tgz 0ms (cache hit)
2587 http cache set-proto@https://registry.npmjs.org/set-proto/-/set-proto-1.0.0.tgz 0ms (cache hit)
2588 http cache safe-push-apply@https://registry.npmjs.org/safe-push-apply/-/safe-push-apply-1.0.0.tgz 0ms (cache hit)
2589 http cache safe-array-concat@https://registry.npmjs.org/safe-array-concat/-/safe-array-concat-1.1.4.tgz 0ms (cache hit)
2590 http cache regexp.prototype.flags@https://registry.npmjs.org/regexp.prototype.flags/-/regexp.prototype.flags-1.5.4.tgz 0ms (cache hit)
2591 http cache own-keys@https://registry.npmjs.org/own-keys/-/own-keys-1.0.1.tgz 0ms (cache hit)
2592 http cache object.assign@https://registry.npmjs.org/object.assign/-/object.assign-4.1.7.tgz 0ms (cache hit)
2593 http cache object-inspect@https://registry.npmjs.org/object-inspect/-/object-inspect-1.13.4.tgz 0ms (cache hit)
2594 http cache is-weakref@https://registry.npmjs.org/is-weakref/-/is-weakref-1.1.1.tgz 0ms (cache hit)
2595 http cache is-typed-array@https://registry.npmjs.org/is-typed-array/-/is-typed-array-1.1.15.tgz 0ms (cache hit)
2596 http cache is-shared-array-buffer@https://registry.npmjs.org/is-shared-array-buffer/-/is-shared-array-buffer-1.0.4.tgz 0ms (cache hit)
2597 http cache is-set@https://registry.npmjs.org/is-set/-/is-set-2.0.3.tgz 0ms (cache hit)
2598 http cache is-regex@https://registry.npmjs.org/is-regex/-/is-regex-1.2.1.tgz 0ms (cache hit)
2599 http cache is-negative-zero@https://registry.npmjs.org/is-negative-zero/-/is-negative-zero-2.0.3.tgz 0ms (cache hit)
2600 http cache is-data-view@https://registry.npmjs.org/is-data-view/-/is-data-view-1.0.2.tgz 0ms (cache hit)
2601 http cache is-callable@https://registry.npmjs.org/is-callable/-/is-callable-1.2.7.tgz 0ms (cache hit)
2602 http cache internal-slot@https://registry.npmjs.org/internal-slot/-/internal-slot-1.1.0.tgz 0ms (cache hit)
2603 http cache is-array-buffer@https://registry.npmjs.org/is-array-buffer/-/is-array-buffer-3.0.5.tgz 0ms (cache hit)
2604 http cache has-proto@https://registry.npmjs.org/has-proto/-/has-proto-1.2.0.tgz 0ms (cache hit)
2605 http cache has-symbols@https://registry.npmjs.org/has-symbols/-/has-symbols-1.1.0.tgz 0ms (cache hit)
2606 http cache globalthis@https://registry.npmjs.org/globalthis/-/globalthis-1.0.4.tgz 0ms (cache hit)
2607 http cache get-proto@https://registry.npmjs.org/get-proto/-/get-proto-1.0.1.tgz 0ms (cache hit)
2608 http cache get-symbol-description@https://registry.npmjs.org/get-symbol-description/-/get-symbol-description-1.1.0.tgz 0ms (cache hit)
2609 http cache function.prototype.name@https://registry.npmjs.org/function.prototype.name/-/function.prototype.name-1.1.8.tgz 0ms (cache hit)
2610 http cache es-to-primitive@https://registry.npmjs.org/es-to-primitive/-/es-to-primitive-1.3.0.tgz 0ms (cache hit)
2611 http cache es-set-tostringtag@https://registry.npmjs.org/es-set-tostringtag/-/es-set-tostringtag-2.1.0.tgz 0ms (cache hit)
2612 http cache data-view-byte-length@https://registry.npmjs.org/data-view-byte-length/-/data-view-byte-length-1.0.2.tgz 0ms (cache hit)
2613 http cache data-view-buffer@https://registry.npmjs.org/data-view-buffer/-/data-view-buffer-1.0.2.tgz 0ms (cache hit)
2614 http cache available-typed-arrays@https://registry.npmjs.org/available-typed-arrays/-/available-typed-arrays-1.0.7.tgz 0ms (cache hit)
2615 http cache arraybuffer.prototype.slice@https://registry.npmjs.org/arraybuffer.prototype.slice/-/arraybuffer.prototype.slice-1.0.4.tgz 0ms (cache hit)
2616 http cache array-buffer-byte-length@https://registry.npmjs.org/array-buffer-byte-length/-/array-buffer-byte-length-1.0.2.tgz 0ms (cache hit)
2617 http cache data-view-byte-offset@https://registry.npmjs.org/data-view-byte-offset/-/data-view-byte-offset-1.0.1.tgz 0ms (cache hit)
2618 http cache gopd@https://registry.npmjs.org/gopd/-/gopd-1.2.0.tgz 0ms (cache hit)
2619 http cache object-keys@https://registry.npmjs.org/object-keys/-/object-keys-1.1.1.tgz 0ms (cache hit)
2620 http cache has-property-descriptors@https://registry.npmjs.org/has-property-descriptors/-/has-property-descriptors-1.0.2.tgz 0ms (cache hit)
2621 http cache define-data-property@https://registry.npmjs.org/define-data-property/-/define-data-property-1.1.4.tgz 0ms (cache hit)
2622 http cache set-function-length@https://registry.npmjs.org/set-function-length/-/set-function-length-1.2.2.tgz 0ms (cache hit)
2623 http cache function-bind@https://registry.npmjs.org/function-bind/-/function-bind-1.1.2.tgz 0ms (cache hit)
2624 http cache es-define-property@https://registry.npmjs.org/es-define-property/-/es-define-property-1.0.1.tgz 0ms (cache hit)
2625 http cache call-bind-apply-helpers@https://registry.npmjs.org/call-bind-apply-helpers/-/call-bind-apply-helpers-1.0.2.tgz 0ms (cache hit)
2626 http cache es-shim-unscopables@https://registry.npmjs.org/es-shim-unscopables/-/es-shim-unscopables-1.1.0.tgz 0ms (cache hit)
2627 http cache es-errors@https://registry.npmjs.org/es-errors/-/es-errors-1.3.0.tgz 0ms (cache hit)
2628 http cache math-intrinsics@https://registry.npmjs.org/math-intrinsics/-/math-intrinsics-1.1.0.tgz 0ms (cache hit)
2629 http cache get-intrinsic@https://registry.npmjs.org/get-intrinsic/-/get-intrinsic-1.3.0.tgz 0ms (cache hit)
2630 http cache is-string@https://registry.npmjs.org/is-string/-/is-string-1.1.1.tgz 0ms (cache hit)
2631 http cache es-object-atoms@https://registry.npmjs.org/es-object-atoms/-/es-object-atoms-1.1.1.tgz 0ms (cache hit)
2632 http cache es-abstract@https://registry.npmjs.org/es-abstract/-/es-abstract-1.24.2.tgz 0ms (cache hit)
2633 http cache define-properties@https://registry.npmjs.org/define-properties/-/define-properties-1.2.1.tgz 0ms (cache hit)
2634 http cache call-bound@https://registry.npmjs.org/call-bound/-/call-bound-1.0.4.tgz 0ms (cache hit)
2635 http cache call-bind@https://registry.npmjs.org/call-bind/-/call-bind-1.0.9.tgz 0ms (cache hit)
2636 http cache tsconfig-paths@https://registry.npmjs.org/tsconfig-paths/-/tsconfig-paths-3.15.0.tgz 0ms (cache hit)
2637 http cache string.prototype.trimend@https://registry.npmjs.org/string.prototype.trimend/-/string.prototype.trimend-1.0.9.tgz 0ms (cache hit)
2638 http cache semver@https://registry.npmjs.org/semver/-/semver-6.3.1.tgz 0ms (cache hit)
2639 http cache object.values@https://registry.npmjs.org/object.values/-/object.values-1.2.1.tgz 0ms (cache hit)
2640 http cache object.groupby@https://registry.npmjs.org/object.groupby/-/object.groupby-1.0.3.tgz 0ms (cache hit)
2641 http cache object.fromentries@https://registry.npmjs.org/object.fromentries/-/object.fromentries-2.0.8.tgz 0ms (cache hit)
2642 http cache hasown@https://registry.npmjs.org/hasown/-/hasown-2.0.3.tgz 0ms (cache hit)
2643 http cache eslint-module-utils@https://registry.npmjs.org/eslint-module-utils/-/eslint-module-utils-2.12.1.tgz 0ms (cache hit)
2644 http cache doctrine@https://registry.npmjs.org/doctrine/-/doctrine-2.1.0.tgz 0ms (cache hit)
2645 http cache array.prototype.flat@https://registry.npmjs.org/array.prototype.flat/-/array.prototype.flat-1.3.3.tgz 0ms (cache hit)
2646 http cache array.prototype.flatmap@https://registry.npmjs.org/array.prototype.flatmap/-/array.prototype.flatmap-1.3.3.tgz 0ms (cache hit)
2647 http cache array.prototype.findlastindex@https://registry.npmjs.org/array.prototype.findlastindex/-/array.prototype.findlastindex-1.2.6.tgz 0ms (cache hit)
2648 http cache array-includes@https://registry.npmjs.org/array-includes/-/array-includes-3.1.9.tgz 0ms (cache hit)
2649 http cache @rtsao/scc@https://registry.npmjs.org/@rtsao/scc/-/scc-1.1.0.tgz 0ms (cache hit)
2650 http cache unrs-resolver@https://registry.npmjs.org/unrs-resolver/-/unrs-resolver-1.11.1.tgz 0ms (cache hit)
2651 http cache tinyglobby@https://registry.npmjs.org/tinyglobby/-/tinyglobby-0.2.16.tgz 0ms (cache hit)
2652 http cache stable-hash@https://registry.npmjs.org/stable-hash/-/stable-hash-0.0.5.tgz 0ms (cache hit)
2653 http cache is-bun-module@https://registry.npmjs.org/is-bun-module/-/is-bun-module-2.0.0.tgz 0ms (cache hit)
2654 http cache @nolyfill/is-core-module@https://registry.npmjs.org/@nolyfill/is-core-module/-/is-core-module-1.0.39.tgz 0ms (cache hit)
2655 http cache get-tsconfig@https://registry.npmjs.org/get-tsconfig/-/get-tsconfig-4.14.0.tgz 0ms (cache hit)
2656 http cache resolve@https://registry.npmjs.org/resolve/-/resolve-2.0.0-next.7.tgz 0ms (cache hit)
2657 http cache is-core-module@https://registry.npmjs.org/is-core-module/-/is-core-module-2.16.2.tgz 0ms (cache hit)
2658 http cache fast-glob@https://registry.npmjs.org/fast-glob/-/fast-glob-3.3.1.tgz 0ms (cache hit)
2659 http cache typescript-eslint@https://registry.npmjs.org/typescript-eslint/-/typescript-eslint-8.59.3.tgz 0ms (cache hit)
2660 http cache eslint-plugin-react-hooks@https://registry.npmjs.org/eslint-plugin-react-hooks/-/eslint-plugin-react-hooks-7.1.1.tgz 0ms (cache hit)
2661 http cache eslint-plugin-react@https://registry.npmjs.org/eslint-plugin-react/-/eslint-plugin-react-7.37.5.tgz 0ms (cache hit)
2662 http cache eslint-plugin-jsx-a11y@https://registry.npmjs.org/eslint-plugin-jsx-a11y/-/eslint-plugin-jsx-a11y-6.10.2.tgz 0ms (cache hit)
2663 http cache eslint-plugin-import@https://registry.npmjs.org/eslint-plugin-import/-/eslint-plugin-import-2.32.0.tgz 0ms (cache hit)
2664 http cache eslint-import-resolver-typescript@https://registry.npmjs.org/eslint-import-resolver-typescript/-/eslint-import-resolver-typescript-3.10.1.tgz 0ms (cache hit)
2665 http cache eslint-import-resolver-node@https://registry.npmjs.org/eslint-import-resolver-node/-/eslint-import-resolver-node-0.3.10.tgz 0ms (cache hit)
2666 http cache ms@https://registry.npmjs.org/ms/-/ms-2.1.3.tgz 0ms (cache hit)
2667 http cache which@https://registry.npmjs.org/which/-/which-2.0.2.tgz 0ms (cache hit)
2668 http cache shebang-command@https://registry.npmjs.org/shebang-command/-/shebang-command-2.0.0.tgz 0ms (cache hit)
2669 http cache path-key@https://registry.npmjs.org/path-key/-/path-key-3.1.1.tgz 0ms (cache hit)
2670 http cache color-name@https://registry.npmjs.org/color-name/-/color-name-1.1.4.tgz 0ms (cache hit)
2671 http cache supports-color@https://registry.npmjs.org/supports-color/-/supports-color-7.2.0.tgz 0ms (cache hit)
2672 http cache color-convert@https://registry.npmjs.org/color-convert/-/color-convert-2.0.1.tgz 0ms (cache hit)
2673 http cache ansi-styles@https://registry.npmjs.org/ansi-styles/-/ansi-styles-4.3.0.tgz 0ms (cache hit)
2674 http cache @humanfs/types@https://registry.npmjs.org/@humanfs/types/-/types-0.15.0.tgz 0ms (cache hit)
2675 http cache uri-js@https://registry.npmjs.org/uri-js/-/uri-js-4.4.1.tgz 0ms (cache hit)
2676 http cache json-schema-traverse@https://registry.npmjs.org/json-schema-traverse/-/json-schema-traverse-0.4.1.tgz 0ms (cache hit)
2677 http cache fast-json-stable-stringify@https://registry.npmjs.org/fast-json-stable-stringify/-/fast-json-stable-stringify-2.1.0.tgz 0ms (cache hit)
2678 http cache @humanfs/core@https://registry.npmjs.org/@humanfs/core/-/core-0.19.2.tgz 0ms (cache hit)
2679 http cache levn@https://registry.npmjs.org/levn/-/levn-0.4.1.tgz 0ms (cache hit)
2680 http cache strip-json-comments@https://registry.npmjs.org/strip-json-comments/-/strip-json-comments-3.1.1.tgz 0ms (cache hit)
2681 http cache js-yaml@https://registry.npmjs.org/js-yaml/-/js-yaml-4.1.1.tgz 0ms (cache hit)
2682 http cache import-fresh@https://registry.npmjs.org/import-fresh/-/import-fresh-3.3.1.tgz 0ms (cache hit)
2683 http cache @types/json-schema@https://registry.npmjs.org/@types/json-schema/-/json-schema-7.0.15.tgz 0ms (cache hit)
2684 http cache @eslint/object-schema@https://registry.npmjs.org/@eslint/object-schema/-/object-schema-2.1.7.tgz 0ms (cache hit)
2685 http cache globals@https://registry.npmjs.org/globals/-/globals-14.0.0.tgz 0ms (cache hit)
2686 http cache optionator@https://registry.npmjs.org/optionator/-/optionator-0.9.4.tgz 0ms (cache hit)
2687 http cache minimatch@https://registry.npmjs.org/minimatch/-/minimatch-3.1.5.tgz 0ms (cache hit)
2688 http cache natural-compare@https://registry.npmjs.org/natural-compare/-/natural-compare-1.4.0.tgz 0ms (cache hit)
2689 http cache lodash.merge@https://registry.npmjs.org/lodash.merge/-/lodash.merge-4.6.2.tgz 0ms (cache hit)
2690 http cache json-stable-stringify-without-jsonify@https://registry.npmjs.org/json-stable-stringify-without-jsonify/-/json-stable-stringify-without-jsonify-1.0.1.tgz 0ms (cache hit)
2691 http cache is-glob@https://registry.npmjs.org/is-glob/-/is-glob-4.0.3.tgz 0ms (cache hit)
2692 http cache @next/eslint-plugin-next@https://registry.npmjs.org/@next/eslint-plugin-next/-/eslint-plugin-next-16.2.6.tgz 0ms (cache hit)
2693 http cache ignore@https://registry.npmjs.org/ignore/-/ignore-5.3.2.tgz 0ms (cache hit)
2694 http cache imurmurhash@https://registry.npmjs.org/imurmurhash/-/imurmurhash-0.1.4.tgz 0ms (cache hit)
2695 http cache glob-parent@https://registry.npmjs.org/glob-parent/-/glob-parent-6.0.2.tgz 0ms (cache hit)
2696 http cache find-up@https://registry.npmjs.org/find-up/-/find-up-5.0.0.tgz 0ms (cache hit)
2697 http cache file-entry-cache@https://registry.npmjs.org/file-entry-cache/-/file-entry-cache-8.0.0.tgz 0ms (cache hit)
2698 http cache fast-deep-equal@https://registry.npmjs.org/fast-deep-equal/-/fast-deep-equal-3.1.3.tgz 0ms (cache hit)
2699 http cache esutils@https://registry.npmjs.org/esutils/-/esutils-2.0.3.tgz 0ms (cache hit)
2700 http cache esquery@https://registry.npmjs.org/esquery/-/esquery-1.7.0.tgz 0ms (cache hit)
2701 http cache espree@https://registry.npmjs.org/espree/-/espree-10.4.0.tgz 0ms (cache hit)
2702 http cache eslint-visitor-keys@https://registry.npmjs.org/eslint-visitor-keys/-/eslint-visitor-keys-4.2.1.tgz 0ms (cache hit)
2703 http cache eslint-scope@https://registry.npmjs.org/eslint-scope/-/eslint-scope-8.4.0.tgz 0ms (cache hit)
2704 http cache escape-string-regexp@https://registry.npmjs.org/escape-string-regexp/-/escape-string-regexp-4.0.0.tgz 0ms (cache hit)
2705 http cache debug@https://registry.npmjs.org/debug/-/debug-4.4.3.tgz 0ms (cache hit)
2706 http cache cross-spawn@https://registry.npmjs.org/cross-spawn/-/cross-spawn-7.0.6.tgz 0ms (cache hit)
2707 http cache chalk@https://registry.npmjs.org/chalk/-/chalk-4.1.2.tgz 0ms (cache hit)
2708 http cache @types/estree@https://registry.npmjs.org/@types/estree/-/estree-1.0.9.tgz 0ms (cache hit)
2709 http cache ajv@https://registry.npmjs.org/ajv/-/ajv-6.15.0.tgz 0ms (cache hit)
2710 http cache @humanfs/node@https://registry.npmjs.org/@humanfs/node/-/node-0.16.8.tgz 0ms (cache hit)
2711 http cache @eslint/plugin-kit@https://registry.npmjs.org/@eslint/plugin-kit/-/plugin-kit-0.4.1.tgz 0ms (cache hit)
2712 http cache @humanwhocodes/retry@https://registry.npmjs.org/@humanwhocodes/retry/-/retry-0.4.3.tgz 0ms (cache hit)
2713 http cache @humanwhocodes/module-importer@https://registry.npmjs.org/@humanwhocodes/module-importer/-/module-importer-1.0.1.tgz 0ms (cache hit)
2714 http cache @eslint/js@https://registry.npmjs.org/@eslint/js/-/js-9.39.4.tgz 0ms (cache hit)
2715 http cache @eslint/eslintrc@https://registry.npmjs.org/@eslint/eslintrc/-/eslintrc-3.3.5.tgz 0ms (cache hit)
2716 http cache @eslint/core@https://registry.npmjs.org/@eslint/core/-/core-0.17.0.tgz 0ms (cache hit)
2717 http cache @eslint/config-helpers@https://registry.npmjs.org/@eslint/config-helpers/-/config-helpers-0.4.2.tgz 0ms (cache hit)
2718 http cache @eslint/config-array@https://registry.npmjs.org/@eslint/config-array/-/config-array-0.21.2.tgz 0ms (cache hit)
2719 http cache @eslint-community/regexpp@https://registry.npmjs.org/@eslint-community/regexpp/-/regexpp-4.12.2.tgz 0ms (cache hit)
2720 http cache @eslint-community/eslint-utils@https://registry.npmjs.org/@eslint-community/eslint-utils/-/eslint-utils-4.9.1.tgz 0ms (cache hit)
2721 http cache tapable@https://registry.npmjs.org/tapable/-/tapable-2.3.3.tgz 0ms (cache hit)
2722 http cache @tailwindcss/oxide-win32-x64-msvc@https://registry.npmjs.org/@tailwindcss/oxide-win32-x64-msvc/-/oxide-win32-x64-msvc-4.3.0.tgz 0ms (cache hit)
2723 http cache graceful-fs@https://registry.npmjs.org/graceful-fs/-/graceful-fs-4.2.11.tgz 0ms (cache hit)
2724 http cache csstype@https://registry.npmjs.org/csstype/-/csstype-3.2.3.tgz 0ms (cache hit)
2725 http cache undici-types@https://registry.npmjs.org/undici-types/-/undici-types-6.21.0.tgz 0ms (cache hit)
2726 http cache @jridgewell/resolve-uri@https://registry.npmjs.org/@jridgewell/resolve-uri/-/resolve-uri-3.1.2.tgz 0ms (cache hit)
2727 http cache @jridgewell/sourcemap-codec@https://registry.npmjs.org/@jridgewell/sourcemap-codec/-/sourcemap-codec-1.5.5.tgz 0ms (cache hit)
2728 http cache @jridgewell/gen-mapping@https://registry.npmjs.org/@jridgewell/gen-mapping/-/gen-mapping-0.3.13.tgz 0ms (cache hit)
2729 http cache source-map-js@https://registry.npmjs.org/source-map-js/-/source-map-js-1.2.1.tgz 0ms (cache hit)
2730 http cache magic-string@https://registry.npmjs.org/magic-string/-/magic-string-0.30.21.tgz 0ms (cache hit)
2731 http cache lightningcss@https://registry.npmjs.org/lightningcss/-/lightningcss-1.32.0.tgz 0ms (cache hit)
2732 http cache jiti@https://registry.npmjs.org/jiti/-/jiti-2.7.0.tgz 0ms (cache hit)
2733 http cache enhanced-resolve@https://registry.npmjs.org/enhanced-resolve/-/enhanced-resolve-5.21.3.tgz 0ms (cache hit)
2734 http cache @jridgewell/remapping@https://registry.npmjs.org/@jridgewell/remapping/-/remapping-2.3.5.tgz 0ms (cache hit)
2735 http cache postcss@https://registry.npmjs.org/postcss/-/postcss-8.5.14.tgz 0ms (cache hit)
2736 http cache @tailwindcss/oxide@https://registry.npmjs.org/@tailwindcss/oxide/-/oxide-4.3.0.tgz 0ms (cache hit)
2737 http cache @tailwindcss/node@https://registry.npmjs.org/@tailwindcss/node/-/node-4.3.0.tgz 0ms (cache hit)
2738 http cache @alloc/quick-lru@https://registry.npmjs.org/@alloc/quick-lru/-/quick-lru-5.2.0.tgz 0ms (cache hit)
2739 http cache tailwindcss@https://registry.npmjs.org/tailwindcss/-/tailwindcss-4.3.0.tgz 0ms (cache hit)
2740 http cache typescript@https://registry.npmjs.org/typescript/-/typescript-5.9.3.tgz 0ms (cache hit)
2741 http cache react-dom@https://registry.npmjs.org/react-dom/-/react-dom-19.2.4.tgz 0ms (cache hit)
2742 http cache react@https://registry.npmjs.org/react/-/react-19.2.4.tgz 0ms (cache hit)
2743 http cache @types/react-dom@https://registry.npmjs.org/@types/react-dom/-/react-dom-19.2.3.tgz 0ms (cache hit)
2744 http cache next@https://registry.npmjs.org/next/-/next-16.2.6.tgz 0ms (cache hit)
2745 http cache eslint@https://registry.npmjs.org/eslint/-/eslint-9.39.4.tgz 0ms (cache hit)
2746 http cache eslint-config-next@https://registry.npmjs.org/eslint-config-next/-/eslint-config-next-16.2.6.tgz 0ms (cache hit)
2747 http cache @types/react@https://registry.npmjs.org/@types/react/-/react-19.2.14.tgz 0ms (cache hit)
2748 http cache @tailwindcss/postcss@https://registry.npmjs.org/@tailwindcss/postcss/-/postcss-4.3.0.tgz 0ms (cache hit)
2749 http cache @types/node@https://registry.npmjs.org/@types/node/-/node-20.19.41.tgz 0ms (cache hit)
2750 http cache eslint-visitor-keys@https://registry.npmjs.org/eslint-visitor-keys/-/eslint-visitor-keys-5.0.1.tgz 0ms (cache hit)
2751 http cache balanced-match@https://registry.npmjs.org/balanced-match/-/balanced-match-4.0.4.tgz 0ms (cache hit)
2752 http cache brace-expansion@https://registry.npmjs.org/brace-expansion/-/brace-expansion-5.0.6.tgz 0ms (cache hit)
2753 http cache minimatch@https://registry.npmjs.org/minimatch/-/minimatch-10.2.5.tgz 0ms (cache hit)
2754 http cache semver@https://registry.npmjs.org/semver/-/semver-7.8.0.tgz 0ms (cache hit)
2755 http cache ignore@https://registry.npmjs.org/ignore/-/ignore-7.0.5.tgz 0ms (cache hit)
2756 http cache semver@https://registry.npmjs.org/semver/-/semver-7.8.0.tgz 0ms (cache hit)
2757 http cache json5@https://registry.npmjs.org/json5/-/json5-1.0.2.tgz 0ms (cache hit)
2758 http cache debug@https://registry.npmjs.org/debug/-/debug-3.2.7.tgz 0ms (cache hit)
2759 http cache picomatch@https://registry.npmjs.org/picomatch/-/picomatch-4.0.4.tgz 0ms (cache hit)
2760 http cache fdir@https://registry.npmjs.org/fdir/-/fdir-6.5.0.tgz 0ms (cache hit)
2761 http cache semver@https://registry.npmjs.org/semver/-/semver-7.8.0.tgz 0ms (cache hit)
2762 http cache glob-parent@https://registry.npmjs.org/glob-parent/-/glob-parent-5.1.2.tgz 0ms (cache hit)
2763 http cache debug@https://registry.npmjs.org/debug/-/debug-3.2.7.tgz 0ms (cache hit)
2764 http cache debug@https://registry.npmjs.org/debug/-/debug-3.2.7.tgz 0ms (cache hit)
2765 http cache eslint-visitor-keys@https://registry.npmjs.org/eslint-visitor-keys/-/eslint-visitor-keys-3.4.3.tgz 0ms (cache hit)
2766 http cache postcss@https://registry.npmjs.org/postcss/-/postcss-8.4.31.tgz 0ms (cache hit)
2767 http cache @jridgewell/trace-mapping@https://registry.npmjs.org/@jridgewell/trace-mapping/-/trace-mapping-0.3.31.tgz 0ms (cache hit)
2768 http cache globals@https://registry.npmjs.org/globals/-/globals-16.4.0.tgz 0ms (cache hit)
2769 silly tarball no local data for is-weakset@https://registry.npmjs.org/is-weakset/-/is-weakset-2.0.4.tgz. Extracting by manifest.
2770 silly tarball no local data for is-weakmap@https://registry.npmjs.org/is-weakmap/-/is-weakmap-2.0.2.tgz. Extracting by manifest.
2771 silly tarball no local data for is-map@https://registry.npmjs.org/is-map/-/is-map-2.0.3.tgz. Extracting by manifest.
2772 silly tarball no local data for generator-function@https://registry.npmjs.org/generator-function/-/generator-function-2.0.1.tgz. Extracting by manifest.
2773 silly tarball no local data for async-function@https://registry.npmjs.org/async-function/-/async-function-1.0.0.tgz. Extracting by manifest.
2774 silly tarball no local data for which-collection@https://registry.npmjs.org/which-collection/-/which-collection-1.0.2.tgz. Extracting by manifest.
2775 silly tarball no local data for is-generator-function@https://registry.npmjs.org/is-generator-function/-/is-generator-function-1.1.2.tgz. Extracting by manifest.
2776 silly tarball no local data for is-async-function@https://registry.npmjs.org/is-async-function/-/is-async-function-2.1.1.tgz. Extracting by manifest.
2777 silly tarball no local data for is-finalizationregistry@https://registry.npmjs.org/is-finalizationregistry/-/is-finalizationregistry-1.1.1.tgz. Extracting by manifest.
2778 silly tarball no local data for is-number-object@https://registry.npmjs.org/is-number-object/-/is-number-object-1.1.1.tgz. Extracting by manifest.
2779 silly tarball no local data for is-boolean-object@https://registry.npmjs.org/is-boolean-object/-/is-boolean-object-1.2.2.tgz. Extracting by manifest.
2780 silly tarball no local data for is-bigint@https://registry.npmjs.org/is-bigint/-/is-bigint-1.1.0.tgz. Extracting by manifest.
2781 silly tarball no local data for punycode@https://registry.npmjs.org/punycode/-/punycode-2.3.1.tgz. Extracting by manifest.
2782 silly tarball no local data for isexe@https://registry.npmjs.org/isexe/-/isexe-2.0.0.tgz. Extracting by manifest.
2783 silly tarball no local data for escalade@https://registry.npmjs.org/escalade/-/escalade-3.2.0.tgz. Extracting by manifest.
2784 silly tarball no local data for @emnapi/wasi-threads@https://registry.npmjs.org/@emnapi/wasi-threads/-/wasi-threads-1.2.1.tgz. Extracting by manifest.
2785 silly tarball no local data for @tybys/wasm-util@https://registry.npmjs.org/@tybys/wasm-util/-/wasm-util-0.10.2.tgz. Extracting by manifest.
2786 silly tarball no local data for @emnapi/core@https://registry.npmjs.org/@emnapi/core/-/core-1.10.0.tgz. Extracting by manifest.
2787 silly tarball no local data for @napi-rs/wasm-runtime@https://registry.npmjs.org/@napi-rs/wasm-runtime/-/wasm-runtime-0.2.12.tgz. Extracting by manifest.
2788 silly tarball no local data for napi-postinstall@https://registry.npmjs.org/napi-postinstall/-/napi-postinstall-0.3.4.tgz. Extracting by manifest.
2789 silly tarball no local data for @unrs/resolver-binding-win32-x64-msvc@https://registry.npmjs.org/@unrs/resolver-binding-win32-x64-msvc/-/resolver-binding-win32-x64-msvc-1.11.1.tgz. Extracting by manifest.
2790 silly tarball no local data for which-boxed-primitive@https://registry.npmjs.org/which-boxed-primitive/-/which-boxed-primitive-1.1.1.tgz. Extracting by manifest.
2791 silly tarball no local data for has-bigints@https://registry.npmjs.org/has-bigints/-/has-bigints-1.1.0.tgz. Extracting by manifest.
2792 silly tarball no local data for @typescript-eslint/tsconfig-utils@https://registry.npmjs.org/@typescript-eslint/tsconfig-utils/-/tsconfig-utils-8.59.3.tgz. Extracting by manifest.
2793 silly tarball no local data for @typescript-eslint/project-service@https://registry.npmjs.org/@typescript-eslint/project-service/-/project-service-8.59.3.tgz. Extracting by manifest.
2794 silly tarball no local data for @typescript-eslint/types@https://registry.npmjs.org/@typescript-eslint/types/-/types-8.59.3.tgz. Extracting by manifest.
2795 silly tarball no local data for ts-api-utils@https://registry.npmjs.org/ts-api-utils/-/ts-api-utils-2.5.0.tgz. Extracting by manifest.
2796 silly tarball no local data for @typescript-eslint/visitor-keys@https://registry.npmjs.org/@typescript-eslint/visitor-keys/-/visitor-keys-8.59.3.tgz. Extracting by manifest.
2797 silly tarball no local data for @typescript-eslint/type-utils@https://registry.npmjs.org/@typescript-eslint/type-utils/-/type-utils-8.59.3.tgz. Extracting by manifest.
2798 silly tarball no local data for @typescript-eslint/scope-manager@https://registry.npmjs.org/@typescript-eslint/scope-manager/-/scope-manager-8.59.3.tgz. Extracting by manifest.
2799 silly tarball no local data for @typescript-eslint/utils@https://registry.npmjs.org/@typescript-eslint/utils/-/utils-8.59.3.tgz. Extracting by manifest.
2800 silly tarball no local data for @typescript-eslint/typescript-estree@https://registry.npmjs.org/@typescript-eslint/typescript-estree/-/typescript-estree-8.59.3.tgz. Extracting by manifest.
2801 silly tarball no local data for @typescript-eslint/parser@https://registry.npmjs.org/@typescript-eslint/parser/-/parser-8.59.3.tgz. Extracting by manifest.
2802 silly tarball no local data for @typescript-eslint/eslint-plugin@https://registry.npmjs.org/@typescript-eslint/eslint-plugin/-/eslint-plugin-8.59.3.tgz. Extracting by manifest.
2803 silly tarball no local data for which-builtin-type@https://registry.npmjs.org/which-builtin-type/-/which-builtin-type-1.2.1.tgz. Extracting by manifest.
2804 silly tarball no local data for reflect.getprototypeof@https://registry.npmjs.org/reflect.getprototypeof/-/reflect.getprototypeof-1.0.10.tgz. Extracting by manifest.
2805 silly tarball no local data for for-each@https://registry.npmjs.org/for-each/-/for-each-0.3.5.tgz. Extracting by manifest.
2806 silly tarball no local data for strip-bom@https://registry.npmjs.org/strip-bom/-/strip-bom-3.0.0.tgz. Extracting by manifest.
2807 silly tarball no local data for @types/json5@https://registry.npmjs.org/@types/json5/-/json5-0.0.29.tgz. Extracting by manifest.
2808 silly tarball no local data for minimist@https://registry.npmjs.org/minimist/-/minimist-1.2.8.tgz. Extracting by manifest.
2809 silly tarball no local data for is-number@https://registry.npmjs.org/is-number/-/is-number-7.0.0.tgz. Extracting by manifest.
2810 silly tarball no local data for has-flag@https://registry.npmjs.org/has-flag/-/has-flag-4.0.0.tgz. Extracting by manifest.
2811 silly tarball no local data for client-only@https://registry.npmjs.org/client-only/-/client-only-0.0.1.tgz. Extracting by manifest.
2812 silly tarball no local data for side-channel-weakmap@https://registry.npmjs.org/side-channel-weakmap/-/side-channel-weakmap-1.0.2.tgz. Extracting by manifest.
2813 silly tarball no local data for side-channel-map@https://registry.npmjs.org/side-channel-map/-/side-channel-map-1.0.1.tgz. Extracting by manifest.
2814 silly tarball no local data for side-channel-list@https://registry.npmjs.org/side-channel-list/-/side-channel-list-1.0.1.tgz. Extracting by manifest.
2815 silly tarball no local data for shebang-regex@https://registry.npmjs.org/shebang-regex/-/shebang-regex-3.0.0.tgz. Extracting by manifest.
2816 silly tarball no local data for @emnapi/runtime@https://registry.npmjs.org/@emnapi/runtime/-/runtime-1.10.0.tgz. Extracting by manifest.
2817 silly tarball no local data for @img/sharp-win32-x64@https://registry.npmjs.org/@img/sharp-win32-x64/-/sharp-win32-x64-0.34.5.tgz. Extracting by manifest.
2818 silly tarball no local data for @img/colour@https://registry.npmjs.org/@img/colour/-/colour-1.1.0.tgz. Extracting by manifest.
2819 silly tarball no local data for isarray@https://registry.npmjs.org/isarray/-/isarray-2.0.5.tgz. Extracting by manifest.
2820 silly tarball no local data for queue-microtask@https://registry.npmjs.org/queue-microtask/-/queue-microtask-1.2.3.tgz. Extracting by manifest.
2821 silly tarball no local data for supports-preserve-symlinks-flag@https://registry.npmjs.org/supports-preserve-symlinks-flag/-/supports-preserve-symlinks-flag-1.0.0.tgz. Extracting by manifest.
2822 silly tarball no local data for path-parse@https://registry.npmjs.org/path-parse/-/path-parse-1.0.7.tgz. Extracting by manifest.
2823 silly tarball no local data for node-exports-info@https://registry.npmjs.org/node-exports-info/-/node-exports-info-1.6.0.tgz. Extracting by manifest.
2824 silly tarball no local data for scheduler@https://registry.npmjs.org/scheduler/-/scheduler-0.27.0.tgz. Extracting by manifest.
2825 silly tarball no local data for react-is@https://registry.npmjs.org/react-is/-/react-is-16.13.1.tgz. Extracting by manifest.
2826 silly tarball no local data for object-assign@https://registry.npmjs.org/object-assign/-/object-assign-4.1.1.tgz. Extracting by manifest.
2827 silly tarball no local data for loose-envify@https://registry.npmjs.org/loose-envify/-/loose-envify-1.4.0.tgz. Extracting by manifest.
2828 silly tarball no local data for nanoid@https://registry.npmjs.org/nanoid/-/nanoid-3.3.12.tgz. Extracting by manifest.
2829 silly tarball no local data for callsites@https://registry.npmjs.org/callsites/-/callsites-3.1.0.tgz. Extracting by manifest.
2830 silly tarball no local data for yocto-queue@https://registry.npmjs.org/yocto-queue/-/yocto-queue-0.1.0.tgz. Extracting by manifest.
2831 silly tarball no local data for p-limit@https://registry.npmjs.org/p-limit/-/p-limit-3.1.0.tgz. Extracting by manifest.
2832 silly tarball no local data for word-wrap@https://registry.npmjs.org/word-wrap/-/word-wrap-1.2.5.tgz. Extracting by manifest.
2833 silly tarball no local data for fast-levenshtein@https://registry.npmjs.org/fast-levenshtein/-/fast-levenshtein-2.0.6.tgz. Extracting by manifest.
2834 silly tarball no local data for deep-is@https://registry.npmjs.org/deep-is/-/deep-is-0.1.4.tgz. Extracting by manifest.
2835 silly tarball no local data for tslib@https://registry.npmjs.org/tslib/-/tslib-2.8.1.tgz. Extracting by manifest.
2836 silly tarball no local data for styled-jsx@https://registry.npmjs.org/styled-jsx/-/styled-jsx-5.1.6.tgz. Extracting by manifest.
2837 silly tarball no local data for sharp@https://registry.npmjs.org/sharp/-/sharp-0.34.5.tgz. Extracting by manifest.
2838 silly tarball no local data for @next/swc-win32-x64-msvc@https://registry.npmjs.org/@next/swc-win32-x64-msvc/-/swc-win32-x64-msvc-16.2.6.tgz. Extracting by manifest.
2839 silly tarball no local data for @swc/helpers@https://registry.npmjs.org/@swc/helpers/-/helpers-0.5.15.tgz. Extracting by manifest.
2840 silly tarball no local data for @next/env@https://registry.npmjs.org/@next/env/-/env-16.2.6.tgz. Extracting by manifest.
2841 silly tarball no local data for concat-map@https://registry.npmjs.org/concat-map/-/concat-map-0.0.1.tgz. Extracting by manifest.
2842 silly tarball no local data for balanced-match@https://registry.npmjs.org/balanced-match/-/balanced-match-1.0.2.tgz. Extracting by manifest.
2843 silly tarball no local data for brace-expansion@https://registry.npmjs.org/brace-expansion/-/brace-expansion-1.1.14.tgz. Extracting by manifest.
2844 silly tarball no local data for to-regex-range@https://registry.npmjs.org/to-regex-range/-/to-regex-range-5.0.1.tgz. Extracting by manifest.
2845 silly tarball no local data for fill-range@https://registry.npmjs.org/fill-range/-/fill-range-7.1.1.tgz. Extracting by manifest.
2846 silly tarball no local data for picomatch@https://registry.npmjs.org/picomatch/-/picomatch-2.3.2.tgz. Extracting by manifest.
2847 silly tarball no local data for braces@https://registry.npmjs.org/braces/-/braces-3.0.3.tgz. Extracting by manifest.
2848 silly tarball no local data for yallist@https://registry.npmjs.org/yallist/-/yallist-3.1.1.tgz. Extracting by manifest.
2849 silly tarball no local data for p-locate@https://registry.npmjs.org/p-locate/-/p-locate-5.0.0.tgz. Extracting by manifest.
2850 silly tarball no local data for lightningcss-win32-x64-msvc@https://registry.npmjs.org/lightningcss-win32-x64-msvc/-/lightningcss-win32-x64-msvc-1.32.0.tgz. Extracting by manifest.
2851 silly tarball no local data for detect-libc@https://registry.npmjs.org/detect-libc/-/detect-libc-2.1.2.tgz. Extracting by manifest.
2852 silly tarball no local data for type-check@https://registry.npmjs.org/type-check/-/type-check-0.4.0.tgz. Extracting by manifest.
2853 silly tarball no local data for prelude-ls@https://registry.npmjs.org/prelude-ls/-/prelude-ls-1.2.1.tgz. Extracting by manifest.
2854 silly tarball no local data for language-subtag-registry@https://registry.npmjs.org/language-subtag-registry/-/language-subtag-registry-0.3.23.tgz. Extracting by manifest.
2855 silly tarball no local data for json-buffer@https://registry.npmjs.org/json-buffer/-/json-buffer-3.0.1.tgz. Extracting by manifest.
2856 silly tarball no local data for argparse@https://registry.npmjs.org/argparse/-/argparse-2.0.1.tgz. Extracting by manifest.
2857 silly tarball no local data for set-function-name@https://registry.npmjs.org/set-function-name/-/set-function-name-2.0.2.tgz. Extracting by manifest.
2858 silly tarball no local data for is-extglob@https://registry.npmjs.org/is-extglob/-/is-extglob-2.1.1.tgz. Extracting by manifest.
2859 silly tarball no local data for side-channel@https://registry.npmjs.org/side-channel/-/side-channel-1.1.0.tgz. Extracting by manifest.
2860 silly tarball no local data for resolve-from@https://registry.npmjs.org/resolve-from/-/resolve-from-4.0.0.tgz. Extracting by manifest.
2861 silly tarball no local data for parent-module@https://registry.npmjs.org/parent-module/-/parent-module-1.0.1.tgz. Extracting by manifest.
2862 silly tarball no local data for hermes-estree@https://registry.npmjs.org/hermes-estree/-/hermes-estree-0.25.1.tgz. Extracting by manifest.
2863 silly tarball no local data for resolve-pkg-maps@https://registry.npmjs.org/resolve-pkg-maps/-/resolve-pkg-maps-1.0.0.tgz. Extracting by manifest.
2864 silly tarball no local data for dunder-proto@https://registry.npmjs.org/dunder-proto/-/dunder-proto-1.0.1.tgz. Extracting by manifest.
2865 silly tarball no local data for keyv@https://registry.npmjs.org/keyv/-/keyv-4.5.4.tgz. Extracting by manifest.
2866 silly tarball no local data for functions-have-names@https://registry.npmjs.org/functions-have-names/-/functions-have-names-1.2.3.tgz. Extracting by manifest.
2867 silly tarball no local data for path-exists@https://registry.npmjs.org/path-exists/-/path-exists-4.0.0.tgz. Extracting by manifest.
2868 silly tarball no local data for flatted@https://registry.npmjs.org/flatted/-/flatted-3.4.2.tgz. Extracting by manifest.
2869 silly tarball no local data for flat-cache@https://registry.npmjs.org/flat-cache/-/flat-cache-4.0.1.tgz. Extracting by manifest.
2870 silly tarball no local data for reusify@https://registry.npmjs.org/reusify/-/reusify-1.1.0.tgz. Extracting by manifest.
2871 silly tarball no local data for run-parallel@https://registry.npmjs.org/run-parallel/-/run-parallel-1.2.0.tgz. Extracting by manifest.
2872 silly tarball no local data for @nodelib/fs.scandir@https://registry.npmjs.org/@nodelib/fs.scandir/-/fs.scandir-2.1.5.tgz. Extracting by manifest.
2873 silly tarball no local data for fastq@https://registry.npmjs.org/fastq/-/fastq-1.20.1.tgz. Extracting by manifest.
2874 silly tarball no local data for micromatch@https://registry.npmjs.org/micromatch/-/micromatch-4.0.8.tgz. Extracting by manifest.
2875 silly tarball no local data for merge2@https://registry.npmjs.org/merge2/-/merge2-1.4.1.tgz. Extracting by manifest.
2876 silly tarball no local data for @nodelib/fs.walk@https://registry.npmjs.org/@nodelib/fs.walk/-/fs.walk-1.2.8.tgz. Extracting by manifest.
2877 silly tarball no local data for @nodelib/fs.stat@https://registry.npmjs.org/@nodelib/fs.stat/-/fs.stat-2.0.5.tgz. Extracting by manifest.
2878 silly tarball no local data for acorn-jsx@https://registry.npmjs.org/acorn-jsx/-/acorn-jsx-5.3.2.tgz. Extracting by manifest.
2879 silly tarball no local data for acorn@https://registry.npmjs.org/acorn/-/acorn-8.16.0.tgz. Extracting by manifest.
2880 silly tarball no local data for esrecurse@https://registry.npmjs.org/esrecurse/-/esrecurse-4.3.0.tgz. Extracting by manifest.
2881 silly tarball no local data for update-browserslist-db@https://registry.npmjs.org/update-browserslist-db/-/update-browserslist-db-1.2.3.tgz. Extracting by manifest.
2882 silly tarball no local data for node-releases@https://registry.npmjs.org/node-releases/-/node-releases-2.0.44.tgz. Extracting by manifest.
2883 silly tarball no local data for electron-to-chromium@https://registry.npmjs.org/electron-to-chromium/-/electron-to-chromium-1.5.357.tgz. Extracting by manifest.
2884 silly tarball no local data for caniuse-lite@https://registry.npmjs.org/caniuse-lite/-/caniuse-lite-1.0.30001792.tgz. Extracting by manifest.
2885 silly tarball no local data for baseline-browser-mapping@https://registry.npmjs.org/baseline-browser-mapping/-/baseline-browser-mapping-2.10.29.tgz. Extracting by manifest.
2886 silly tarball no local data for @babel/helper-string-parser@https://registry.npmjs.org/@babel/helper-string-parser/-/helper-string-parser-7.27.1.tgz. Extracting by manifest.
2887 silly tarball no local data for locate-path@https://registry.npmjs.org/locate-path/-/locate-path-6.0.0.tgz. Extracting by manifest.
2888 silly tarball no local data for @babel/helper-globals@https://registry.npmjs.org/@babel/helper-globals/-/helper-globals-7.28.0.tgz. Extracting by manifest.
2889 silly tarball no local data for @babel/helper-module-imports@https://registry.npmjs.org/@babel/helper-module-imports/-/helper-module-imports-7.28.6.tgz. Extracting by manifest.
2890 silly tarball no local data for lru-cache@https://registry.npmjs.org/lru-cache/-/lru-cache-5.1.1.tgz. Extracting by manifest.
2891 silly tarball no local data for browserslist@https://registry.npmjs.org/browserslist/-/browserslist-4.28.2.tgz. Extracting by manifest.
2892 silly tarball no local data for @babel/helper-validator-option@https://registry.npmjs.org/@babel/helper-validator-option/-/helper-validator-option-7.27.1.tgz. Extracting by manifest.
2893 silly tarball no local data for @babel/compat-data@https://registry.npmjs.org/@babel/compat-data/-/compat-data-7.29.3.tgz. Extracting by manifest.
2894 silly tarball no local data for jsesc@https://registry.npmjs.org/jsesc/-/jsesc-3.1.0.tgz. Extracting by manifest.
2895 silly tarball no local data for picocolors@https://registry.npmjs.org/picocolors/-/picocolors-1.1.1.tgz. Extracting by manifest.
2896 silly tarball no local data for js-tokens@https://registry.npmjs.org/js-tokens/-/js-tokens-4.0.0.tgz. Extracting by manifest.
2897 silly tarball no local data for @babel/helper-validator-identifier@https://registry.npmjs.org/@babel/helper-validator-identifier/-/helper-validator-identifier-7.28.5.tgz. Extracting by manifest.
2898 silly tarball no local data for json5@https://registry.npmjs.org/json5/-/json5-2.2.3.tgz. Extracting by manifest.
2899 silly tarball no local data for gensync@https://registry.npmjs.org/gensync/-/gensync-1.0.0-beta.2.tgz. Extracting by manifest.
2900 silly tarball no local data for @babel/types@https://registry.npmjs.org/@babel/types/-/types-7.29.0.tgz. Extracting by manifest.
2901 silly tarball no local data for convert-source-map@https://registry.npmjs.org/convert-source-map/-/convert-source-map-2.0.0.tgz. Extracting by manifest.
2902 silly tarball no local data for @babel/traverse@https://registry.npmjs.org/@babel/traverse/-/traverse-7.29.0.tgz. Extracting by manifest.
2903 silly tarball no local data for @babel/template@https://registry.npmjs.org/@babel/template/-/template-7.28.6.tgz. Extracting by manifest.
2904 silly tarball no local data for @babel/helpers@https://registry.npmjs.org/@babel/helpers/-/helpers-7.29.2.tgz. Extracting by manifest.
2905 silly tarball no local data for @babel/helper-module-transforms@https://registry.npmjs.org/@babel/helper-module-transforms/-/helper-module-transforms-7.28.6.tgz. Extracting by manifest.
2906 silly tarball no local data for @babel/helper-compilation-targets@https://registry.npmjs.org/@babel/helper-compilation-targets/-/helper-compilation-targets-7.28.6.tgz. Extracting by manifest.
2907 silly tarball no local data for @babel/generator@https://registry.npmjs.org/@babel/generator/-/generator-7.29.1.tgz. Extracting by manifest.
2908 silly tarball no local data for zod-validation-error@https://registry.npmjs.org/zod-validation-error/-/zod-validation-error-4.0.2.tgz. Extracting by manifest.
2909 silly tarball no local data for @babel/code-frame@https://registry.npmjs.org/@babel/code-frame/-/code-frame-7.29.0.tgz. Extracting by manifest.
2910 silly tarball no local data for zod@https://registry.npmjs.org/zod/-/zod-4.4.3.tgz. Extracting by manifest.
2911 silly tarball no local data for @babel/parser@https://registry.npmjs.org/@babel/parser/-/parser-7.29.3.tgz. Extracting by manifest.
2912 silly tarball no local data for hermes-parser@https://registry.npmjs.org/hermes-parser/-/hermes-parser-0.25.1.tgz. Extracting by manifest.
2913 silly tarball no local data for @babel/core@https://registry.npmjs.org/@babel/core/-/core-7.29.0.tgz. Extracting by manifest.
2914 silly tarball no local data for iterator.prototype@https://registry.npmjs.org/iterator.prototype/-/iterator.prototype-1.1.5.tgz. Extracting by manifest.
2915 silly tarball no local data for string.prototype.repeat@https://registry.npmjs.org/string.prototype.repeat/-/string.prototype.repeat-1.0.0.tgz. Extracting by manifest.
2916 silly tarball no local data for string.prototype.matchall@https://registry.npmjs.org/string.prototype.matchall/-/string.prototype.matchall-4.0.12.tgz. Extracting by manifest.
2917 silly tarball no local data for prop-types@https://registry.npmjs.org/prop-types/-/prop-types-15.8.1.tgz. Extracting by manifest.
2918 silly tarball no local data for object.entries@https://registry.npmjs.org/object.entries/-/object.entries-1.1.9.tgz. Extracting by manifest.
2919 silly tarball no local data for estraverse@https://registry.npmjs.org/estraverse/-/estraverse-5.3.0.tgz. Extracting by manifest.
2920 silly tarball no local data for es-iterator-helpers@https://registry.npmjs.org/es-iterator-helpers/-/es-iterator-helpers-1.3.2.tgz. Extracting by manifest.
2921 silly tarball no local data for array.prototype.tosorted@https://registry.npmjs.org/array.prototype.tosorted/-/array.prototype.tosorted-1.1.4.tgz. Extracting by manifest.
2922 silly tarball no local data for array.prototype.findlast@https://registry.npmjs.org/array.prototype.findlast/-/array.prototype.findlast-1.2.5.tgz. Extracting by manifest.
2923 silly tarball no local data for string.prototype.includes@https://registry.npmjs.org/string.prototype.includes/-/string.prototype.includes-2.0.1.tgz. Extracting by manifest.
2924 silly tarball no local data for language-tags@https://registry.npmjs.org/language-tags/-/language-tags-1.0.9.tgz. Extracting by manifest.
2925 silly tarball no local data for jsx-ast-utils@https://registry.npmjs.org/jsx-ast-utils/-/jsx-ast-utils-3.3.5.tgz. Extracting by manifest.
2926 silly tarball no local data for emoji-regex@https://registry.npmjs.org/emoji-regex/-/emoji-regex-9.2.2.tgz. Extracting by manifest.
2927 silly tarball no local data for damerau-levenshtein@https://registry.npmjs.org/damerau-levenshtein/-/damerau-levenshtein-1.0.8.tgz. Extracting by manifest.
2928 silly tarball no local data for axobject-query@https://registry.npmjs.org/axobject-query/-/axobject-query-4.1.0.tgz. Extracting by manifest.
2929 silly tarball no local data for axe-core@https://registry.npmjs.org/axe-core/-/axe-core-4.11.4.tgz. Extracting by manifest.
2930 silly tarball no local data for ast-types-flow@https://registry.npmjs.org/ast-types-flow/-/ast-types-flow-0.0.8.tgz. Extracting by manifest.
2931 silly tarball no local data for aria-query@https://registry.npmjs.org/aria-query/-/aria-query-5.3.2.tgz. Extracting by manifest.
2932 silly tarball no local data for is-symbol@https://registry.npmjs.org/is-symbol/-/is-symbol-1.1.1.tgz. Extracting by manifest.
2933 silly tarball no local data for is-date-object@https://registry.npmjs.org/is-date-object/-/is-date-object-1.1.0.tgz. Extracting by manifest.
2934 silly tarball no local data for has-tostringtag@https://registry.npmjs.org/has-tostringtag/-/has-tostringtag-1.0.2.tgz. Extracting by manifest.
2935 silly tarball no local data for possible-typed-array-names@https://registry.npmjs.org/possible-typed-array-names/-/possible-typed-array-names-1.1.0.tgz. Extracting by manifest.
2936 silly tarball no local data for which-typed-array@https://registry.npmjs.org/which-typed-array/-/which-typed-array-1.1.20.tgz. Extracting by manifest.
2937 silly tarball no local data for typed-array-length@https://registry.npmjs.org/typed-array-length/-/typed-array-length-1.0.7.tgz. Extracting by manifest.
2938 silly tarball no local data for unbox-primitive@https://registry.npmjs.org/unbox-primitive/-/unbox-primitive-1.1.0.tgz. Extracting by manifest.
2939 silly tarball no local data for typed-array-byte-offset@https://registry.npmjs.org/typed-array-byte-offset/-/typed-array-byte-offset-1.0.4.tgz. Extracting by manifest.
2940 silly tarball no local data for typed-array-byte-length@https://registry.npmjs.org/typed-array-byte-length/-/typed-array-byte-length-1.0.3.tgz. Extracting by manifest.
2941 silly tarball no local data for typed-array-buffer@https://registry.npmjs.org/typed-array-buffer/-/typed-array-buffer-1.0.3.tgz. Extracting by manifest.
2942 silly tarball no local data for string.prototype.trimstart@https://registry.npmjs.org/string.prototype.trimstart/-/string.prototype.trimstart-1.0.8.tgz. Extracting by manifest.
2943 silly tarball no local data for string.prototype.trim@https://registry.npmjs.org/string.prototype.trim/-/string.prototype.trim-1.2.10.tgz. Extracting by manifest.
2944 silly tarball no local data for stop-iteration-iterator@https://registry.npmjs.org/stop-iteration-iterator/-/stop-iteration-iterator-1.1.0.tgz. Extracting by manifest.
2945 silly tarball no local data for safe-regex-test@https://registry.npmjs.org/safe-regex-test/-/safe-regex-test-1.1.0.tgz. Extracting by manifest.
2946 silly tarball no local data for set-proto@https://registry.npmjs.org/set-proto/-/set-proto-1.0.0.tgz. Extracting by manifest.
2947 silly tarball no local data for safe-push-apply@https://registry.npmjs.org/safe-push-apply/-/safe-push-apply-1.0.0.tgz. Extracting by manifest.
2948 silly tarball no local data for safe-array-concat@https://registry.npmjs.org/safe-array-concat/-/safe-array-concat-1.1.4.tgz. Extracting by manifest.
2949 silly tarball no local data for regexp.prototype.flags@https://registry.npmjs.org/regexp.prototype.flags/-/regexp.prototype.flags-1.5.4.tgz. Extracting by manifest.
2950 silly tarball no local data for own-keys@https://registry.npmjs.org/own-keys/-/own-keys-1.0.1.tgz. Extracting by manifest.
2951 silly tarball no local data for object.assign@https://registry.npmjs.org/object.assign/-/object.assign-4.1.7.tgz. Extracting by manifest.
2952 silly tarball no local data for object-inspect@https://registry.npmjs.org/object-inspect/-/object-inspect-1.13.4.tgz. Extracting by manifest.
2953 silly tarball no local data for is-weakref@https://registry.npmjs.org/is-weakref/-/is-weakref-1.1.1.tgz. Extracting by manifest.
2954 silly tarball no local data for is-typed-array@https://registry.npmjs.org/is-typed-array/-/is-typed-array-1.1.15.tgz. Extracting by manifest.
2955 silly tarball no local data for is-shared-array-buffer@https://registry.npmjs.org/is-shared-array-buffer/-/is-shared-array-buffer-1.0.4.tgz. Extracting by manifest.
2956 silly tarball no local data for is-set@https://registry.npmjs.org/is-set/-/is-set-2.0.3.tgz. Extracting by manifest.
2957 silly tarball no local data for is-regex@https://registry.npmjs.org/is-regex/-/is-regex-1.2.1.tgz. Extracting by manifest.
2958 silly tarball no local data for is-negative-zero@https://registry.npmjs.org/is-negative-zero/-/is-negative-zero-2.0.3.tgz. Extracting by manifest.
2959 silly tarball no local data for is-data-view@https://registry.npmjs.org/is-data-view/-/is-data-view-1.0.2.tgz. Extracting by manifest.
2960 silly tarball no local data for is-callable@https://registry.npmjs.org/is-callable/-/is-callable-1.2.7.tgz. Extracting by manifest.
2961 silly tarball no local data for internal-slot@https://registry.npmjs.org/internal-slot/-/internal-slot-1.1.0.tgz. Extracting by manifest.
2962 silly tarball no local data for is-array-buffer@https://registry.npmjs.org/is-array-buffer/-/is-array-buffer-3.0.5.tgz. Extracting by manifest.
2963 silly tarball no local data for has-proto@https://registry.npmjs.org/has-proto/-/has-proto-1.2.0.tgz. Extracting by manifest.
2964 silly tarball no local data for has-symbols@https://registry.npmjs.org/has-symbols/-/has-symbols-1.1.0.tgz. Extracting by manifest.
2965 silly tarball no local data for globalthis@https://registry.npmjs.org/globalthis/-/globalthis-1.0.4.tgz. Extracting by manifest.
2966 silly tarball no local data for get-proto@https://registry.npmjs.org/get-proto/-/get-proto-1.0.1.tgz. Extracting by manifest.
2967 silly tarball no local data for get-symbol-description@https://registry.npmjs.org/get-symbol-description/-/get-symbol-description-1.1.0.tgz. Extracting by manifest.
2968 silly tarball no local data for function.prototype.name@https://registry.npmjs.org/function.prototype.name/-/function.prototype.name-1.1.8.tgz. Extracting by manifest.
2969 silly tarball no local data for es-to-primitive@https://registry.npmjs.org/es-to-primitive/-/es-to-primitive-1.3.0.tgz. Extracting by manifest.
2970 silly tarball no local data for es-set-tostringtag@https://registry.npmjs.org/es-set-tostringtag/-/es-set-tostringtag-2.1.0.tgz. Extracting by manifest.
2971 silly tarball no local data for data-view-byte-length@https://registry.npmjs.org/data-view-byte-length/-/data-view-byte-length-1.0.2.tgz. Extracting by manifest.
2972 silly tarball no local data for data-view-buffer@https://registry.npmjs.org/data-view-buffer/-/data-view-buffer-1.0.2.tgz. Extracting by manifest.
2973 silly tarball no local data for available-typed-arrays@https://registry.npmjs.org/available-typed-arrays/-/available-typed-arrays-1.0.7.tgz. Extracting by manifest.
2974 silly tarball no local data for arraybuffer.prototype.slice@https://registry.npmjs.org/arraybuffer.prototype.slice/-/arraybuffer.prototype.slice-1.0.4.tgz. Extracting by manifest.
2975 silly tarball no local data for array-buffer-byte-length@https://registry.npmjs.org/array-buffer-byte-length/-/array-buffer-byte-length-1.0.2.tgz. Extracting by manifest.
2976 silly tarball no local data for data-view-byte-offset@https://registry.npmjs.org/data-view-byte-offset/-/data-view-byte-offset-1.0.1.tgz. Extracting by manifest.
2977 silly tarball no local data for gopd@https://registry.npmjs.org/gopd/-/gopd-1.2.0.tgz. Extracting by manifest.
2978 silly tarball no local data for object-keys@https://registry.npmjs.org/object-keys/-/object-keys-1.1.1.tgz. Extracting by manifest.
2979 silly tarball no local data for has-property-descriptors@https://registry.npmjs.org/has-property-descriptors/-/has-property-descriptors-1.0.2.tgz. Extracting by manifest.
2980 silly tarball no local data for define-data-property@https://registry.npmjs.org/define-data-property/-/define-data-property-1.1.4.tgz. Extracting by manifest.
2981 silly tarball no local data for set-function-length@https://registry.npmjs.org/set-function-length/-/set-function-length-1.2.2.tgz. Extracting by manifest.
2982 silly tarball no local data for function-bind@https://registry.npmjs.org/function-bind/-/function-bind-1.1.2.tgz. Extracting by manifest.
2983 silly tarball no local data for es-define-property@https://registry.npmjs.org/es-define-property/-/es-define-property-1.0.1.tgz. Extracting by manifest.
2984 silly tarball no local data for call-bind-apply-helpers@https://registry.npmjs.org/call-bind-apply-helpers/-/call-bind-apply-helpers-1.0.2.tgz. Extracting by manifest.
2985 silly tarball no local data for es-shim-unscopables@https://registry.npmjs.org/es-shim-unscopables/-/es-shim-unscopables-1.1.0.tgz. Extracting by manifest.
2986 silly tarball no local data for es-errors@https://registry.npmjs.org/es-errors/-/es-errors-1.3.0.tgz. Extracting by manifest.
2987 silly tarball no local data for math-intrinsics@https://registry.npmjs.org/math-intrinsics/-/math-intrinsics-1.1.0.tgz. Extracting by manifest.
2988 silly tarball no local data for get-intrinsic@https://registry.npmjs.org/get-intrinsic/-/get-intrinsic-1.3.0.tgz. Extracting by manifest.
2989 silly tarball no local data for is-string@https://registry.npmjs.org/is-string/-/is-string-1.1.1.tgz. Extracting by manifest.
2990 silly tarball no local data for es-object-atoms@https://registry.npmjs.org/es-object-atoms/-/es-object-atoms-1.1.1.tgz. Extracting by manifest.
2991 silly tarball no local data for es-abstract@https://registry.npmjs.org/es-abstract/-/es-abstract-1.24.2.tgz. Extracting by manifest.
2992 silly tarball no local data for define-properties@https://registry.npmjs.org/define-properties/-/define-properties-1.2.1.tgz. Extracting by manifest.
2993 silly tarball no local data for call-bound@https://registry.npmjs.org/call-bound/-/call-bound-1.0.4.tgz. Extracting by manifest.
2994 silly tarball no local data for call-bind@https://registry.npmjs.org/call-bind/-/call-bind-1.0.9.tgz. Extracting by manifest.
2995 silly tarball no local data for tsconfig-paths@https://registry.npmjs.org/tsconfig-paths/-/tsconfig-paths-3.15.0.tgz. Extracting by manifest.
2996 silly tarball no local data for string.prototype.trimend@https://registry.npmjs.org/string.prototype.trimend/-/string.prototype.trimend-1.0.9.tgz. Extracting by manifest.
2997 silly tarball no local data for semver@https://registry.npmjs.org/semver/-/semver-6.3.1.tgz. Extracting by manifest.
2998 silly tarball no local data for object.values@https://registry.npmjs.org/object.values/-/object.values-1.2.1.tgz. Extracting by manifest.
2999 silly tarball no local data for object.groupby@https://registry.npmjs.org/object.groupby/-/object.groupby-1.0.3.tgz. Extracting by manifest.
3000 silly tarball no local data for object.fromentries@https://registry.npmjs.org/object.fromentries/-/object.fromentries-2.0.8.tgz. Extracting by manifest.
3001 silly tarball no local data for hasown@https://registry.npmjs.org/hasown/-/hasown-2.0.3.tgz. Extracting by manifest.
3002 silly tarball no local data for eslint-module-utils@https://registry.npmjs.org/eslint-module-utils/-/eslint-module-utils-2.12.1.tgz. Extracting by manifest.
3003 silly tarball no local data for doctrine@https://registry.npmjs.org/doctrine/-/doctrine-2.1.0.tgz. Extracting by manifest.
3004 silly tarball no local data for array.prototype.flat@https://registry.npmjs.org/array.prototype.flat/-/array.prototype.flat-1.3.3.tgz. Extracting by manifest.
3005 silly tarball no local data for array.prototype.flatmap@https://registry.npmjs.org/array.prototype.flatmap/-/array.prototype.flatmap-1.3.3.tgz. Extracting by manifest.
3006 silly tarball no local data for array.prototype.findlastindex@https://registry.npmjs.org/array.prototype.findlastindex/-/array.prototype.findlastindex-1.2.6.tgz. Extracting by manifest.
3007 silly tarball no local data for array-includes@https://registry.npmjs.org/array-includes/-/array-includes-3.1.9.tgz. Extracting by manifest.
3008 silly tarball no local data for @rtsao/scc@https://registry.npmjs.org/@rtsao/scc/-/scc-1.1.0.tgz. Extracting by manifest.
3009 silly tarball no local data for unrs-resolver@https://registry.npmjs.org/unrs-resolver/-/unrs-resolver-1.11.1.tgz. Extracting by manifest.
3010 silly tarball no local data for tinyglobby@https://registry.npmjs.org/tinyglobby/-/tinyglobby-0.2.16.tgz. Extracting by manifest.
3011 silly tarball no local data for stable-hash@https://registry.npmjs.org/stable-hash/-/stable-hash-0.0.5.tgz. Extracting by manifest.
3012 silly tarball no local data for is-bun-module@https://registry.npmjs.org/is-bun-module/-/is-bun-module-2.0.0.tgz. Extracting by manifest.
3013 silly tarball no local data for @nolyfill/is-core-module@https://registry.npmjs.org/@nolyfill/is-core-module/-/is-core-module-1.0.39.tgz. Extracting by manifest.
3014 silly tarball no local data for get-tsconfig@https://registry.npmjs.org/get-tsconfig/-/get-tsconfig-4.14.0.tgz. Extracting by manifest.
3015 silly tarball no local data for resolve@https://registry.npmjs.org/resolve/-/resolve-2.0.0-next.7.tgz. Extracting by manifest.
3016 silly tarball no local data for is-core-module@https://registry.npmjs.org/is-core-module/-/is-core-module-2.16.2.tgz. Extracting by manifest.
3017 silly tarball no local data for fast-glob@https://registry.npmjs.org/fast-glob/-/fast-glob-3.3.1.tgz. Extracting by manifest.
3018 silly tarball no local data for typescript-eslint@https://registry.npmjs.org/typescript-eslint/-/typescript-eslint-8.59.3.tgz. Extracting by manifest.
3019 silly tarball no local data for eslint-plugin-react-hooks@https://registry.npmjs.org/eslint-plugin-react-hooks/-/eslint-plugin-react-hooks-7.1.1.tgz. Extracting by manifest.
3020 silly tarball no local data for eslint-plugin-react@https://registry.npmjs.org/eslint-plugin-react/-/eslint-plugin-react-7.37.5.tgz. Extracting by manifest.
3021 silly tarball no local data for eslint-plugin-jsx-a11y@https://registry.npmjs.org/eslint-plugin-jsx-a11y/-/eslint-plugin-jsx-a11y-6.10.2.tgz. Extracting by manifest.
3022 silly tarball no local data for eslint-plugin-import@https://registry.npmjs.org/eslint-plugin-import/-/eslint-plugin-import-2.32.0.tgz. Extracting by manifest.
3023 silly tarball no local data for eslint-import-resolver-typescript@https://registry.npmjs.org/eslint-import-resolver-typescript/-/eslint-import-resolver-typescript-3.10.1.tgz. Extracting by manifest.
3024 silly tarball no local data for eslint-import-resolver-node@https://registry.npmjs.org/eslint-import-resolver-node/-/eslint-import-resolver-node-0.3.10.tgz. Extracting by manifest.
3025 silly tarball no local data for ms@https://registry.npmjs.org/ms/-/ms-2.1.3.tgz. Extracting by manifest.
3026 silly tarball no local data for which@https://registry.npmjs.org/which/-/which-2.0.2.tgz. Extracting by manifest.
3027 silly tarball no local data for shebang-command@https://registry.npmjs.org/shebang-command/-/shebang-command-2.0.0.tgz. Extracting by manifest.
3028 silly tarball no local data for path-key@https://registry.npmjs.org/path-key/-/path-key-3.1.1.tgz. Extracting by manifest.
3029 silly tarball no local data for color-name@https://registry.npmjs.org/color-name/-/color-name-1.1.4.tgz. Extracting by manifest.
3030 silly tarball no local data for supports-color@https://registry.npmjs.org/supports-color/-/supports-color-7.2.0.tgz. Extracting by manifest.
3031 silly tarball no local data for color-convert@https://registry.npmjs.org/color-convert/-/color-convert-2.0.1.tgz. Extracting by manifest.
3032 silly tarball no local data for ansi-styles@https://registry.npmjs.org/ansi-styles/-/ansi-styles-4.3.0.tgz. Extracting by manifest.
3033 silly tarball no local data for @humanfs/types@https://registry.npmjs.org/@humanfs/types/-/types-0.15.0.tgz. Extracting by manifest.
3034 silly tarball no local data for uri-js@https://registry.npmjs.org/uri-js/-/uri-js-4.4.1.tgz. Extracting by manifest.
3035 silly tarball no local data for json-schema-traverse@https://registry.npmjs.org/json-schema-traverse/-/json-schema-traverse-0.4.1.tgz. Extracting by manifest.
3036 silly tarball no local data for fast-json-stable-stringify@https://registry.npmjs.org/fast-json-stable-stringify/-/fast-json-stable-stringify-2.1.0.tgz. Extracting by manifest.
3037 silly tarball no local data for @humanfs/core@https://registry.npmjs.org/@humanfs/core/-/core-0.19.2.tgz. Extracting by manifest.
3038 silly tarball no local data for levn@https://registry.npmjs.org/levn/-/levn-0.4.1.tgz. Extracting by manifest.
3039 silly tarball no local data for strip-json-comments@https://registry.npmjs.org/strip-json-comments/-/strip-json-comments-3.1.1.tgz. Extracting by manifest.
3040 silly tarball no local data for js-yaml@https://registry.npmjs.org/js-yaml/-/js-yaml-4.1.1.tgz. Extracting by manifest.
3041 silly tarball no local data for import-fresh@https://registry.npmjs.org/import-fresh/-/import-fresh-3.3.1.tgz. Extracting by manifest.
3042 silly tarball no local data for @types/json-schema@https://registry.npmjs.org/@types/json-schema/-/json-schema-7.0.15.tgz. Extracting by manifest.
3043 silly tarball no local data for @eslint/object-schema@https://registry.npmjs.org/@eslint/object-schema/-/object-schema-2.1.7.tgz. Extracting by manifest.
3044 silly tarball no local data for globals@https://registry.npmjs.org/globals/-/globals-14.0.0.tgz. Extracting by manifest.
3045 silly tarball no local data for optionator@https://registry.npmjs.org/optionator/-/optionator-0.9.4.tgz. Extracting by manifest.
3046 silly tarball no local data for minimatch@https://registry.npmjs.org/minimatch/-/minimatch-3.1.5.tgz. Extracting by manifest.
3047 silly tarball no local data for natural-compare@https://registry.npmjs.org/natural-compare/-/natural-compare-1.4.0.tgz. Extracting by manifest.
3048 silly tarball no local data for lodash.merge@https://registry.npmjs.org/lodash.merge/-/lodash.merge-4.6.2.tgz. Extracting by manifest.
3049 silly tarball no local data for json-stable-stringify-without-jsonify@https://registry.npmjs.org/json-stable-stringify-without-jsonify/-/json-stable-stringify-without-jsonify-1.0.1.tgz. Extracting by manifest.
3050 silly tarball no local data for is-glob@https://registry.npmjs.org/is-glob/-/is-glob-4.0.3.tgz. Extracting by manifest.
3051 silly tarball no local data for @next/eslint-plugin-next@https://registry.npmjs.org/@next/eslint-plugin-next/-/eslint-plugin-next-16.2.6.tgz. Extracting by manifest.
3052 silly tarball no local data for ignore@https://registry.npmjs.org/ignore/-/ignore-5.3.2.tgz. Extracting by manifest.
3053 silly tarball no local data for imurmurhash@https://registry.npmjs.org/imurmurhash/-/imurmurhash-0.1.4.tgz. Extracting by manifest.
3054 silly tarball no local data for glob-parent@https://registry.npmjs.org/glob-parent/-/glob-parent-6.0.2.tgz. Extracting by manifest.
3055 silly tarball no local data for find-up@https://registry.npmjs.org/find-up/-/find-up-5.0.0.tgz. Extracting by manifest.
3056 silly tarball no local data for file-entry-cache@https://registry.npmjs.org/file-entry-cache/-/file-entry-cache-8.0.0.tgz. Extracting by manifest.
3057 silly tarball no local data for fast-deep-equal@https://registry.npmjs.org/fast-deep-equal/-/fast-deep-equal-3.1.3.tgz. Extracting by manifest.
3058 silly tarball no local data for esutils@https://registry.npmjs.org/esutils/-/esutils-2.0.3.tgz. Extracting by manifest.
3059 silly tarball no local data for esquery@https://registry.npmjs.org/esquery/-/esquery-1.7.0.tgz. Extracting by manifest.
3060 silly tarball no local data for espree@https://registry.npmjs.org/espree/-/espree-10.4.0.tgz. Extracting by manifest.
3061 silly tarball no local data for eslint-visitor-keys@https://registry.npmjs.org/eslint-visitor-keys/-/eslint-visitor-keys-4.2.1.tgz. Extracting by manifest.
3062 silly tarball no local data for eslint-scope@https://registry.npmjs.org/eslint-scope/-/eslint-scope-8.4.0.tgz. Extracting by manifest.
3063 silly tarball no local data for escape-string-regexp@https://registry.npmjs.org/escape-string-regexp/-/escape-string-regexp-4.0.0.tgz. Extracting by manifest.
3064 silly tarball no local data for debug@https://registry.npmjs.org/debug/-/debug-4.4.3.tgz. Extracting by manifest.
3065 silly tarball no local data for cross-spawn@https://registry.npmjs.org/cross-spawn/-/cross-spawn-7.0.6.tgz. Extracting by manifest.
3066 silly tarball no local data for chalk@https://registry.npmjs.org/chalk/-/chalk-4.1.2.tgz. Extracting by manifest.
3067 silly tarball no local data for @types/estree@https://registry.npmjs.org/@types/estree/-/estree-1.0.9.tgz. Extracting by manifest.
3068 silly tarball no local data for ajv@https://registry.npmjs.org/ajv/-/ajv-6.15.0.tgz. Extracting by manifest.
3069 silly tarball no local data for @humanfs/node@https://registry.npmjs.org/@humanfs/node/-/node-0.16.8.tgz. Extracting by manifest.
3070 silly tarball no local data for @eslint/plugin-kit@https://registry.npmjs.org/@eslint/plugin-kit/-/plugin-kit-0.4.1.tgz. Extracting by manifest.
3071 silly tarball no local data for @humanwhocodes/retry@https://registry.npmjs.org/@humanwhocodes/retry/-/retry-0.4.3.tgz. Extracting by manifest.
3072 silly tarball no local data for @humanwhocodes/module-importer@https://registry.npmjs.org/@humanwhocodes/module-importer/-/module-importer-1.0.1.tgz. Extracting by manifest.
3073 silly tarball no local data for @eslint/js@https://registry.npmjs.org/@eslint/js/-/js-9.39.4.tgz. Extracting by manifest.
3074 silly tarball no local data for @eslint/eslintrc@https://registry.npmjs.org/@eslint/eslintrc/-/eslintrc-3.3.5.tgz. Extracting by manifest.
3075 silly tarball no local data for @eslint/core@https://registry.npmjs.org/@eslint/core/-/core-0.17.0.tgz. Extracting by manifest.
3076 silly tarball no local data for @eslint/config-helpers@https://registry.npmjs.org/@eslint/config-helpers/-/config-helpers-0.4.2.tgz. Extracting by manifest.
3077 silly tarball no local data for @eslint/config-array@https://registry.npmjs.org/@eslint/config-array/-/config-array-0.21.2.tgz. Extracting by manifest.
3078 silly tarball no local data for @eslint-community/regexpp@https://registry.npmjs.org/@eslint-community/regexpp/-/regexpp-4.12.2.tgz. Extracting by manifest.
3079 silly tarball no local data for @eslint-community/eslint-utils@https://registry.npmjs.org/@eslint-community/eslint-utils/-/eslint-utils-4.9.1.tgz. Extracting by manifest.
3080 silly tarball no local data for tapable@https://registry.npmjs.org/tapable/-/tapable-2.3.3.tgz. Extracting by manifest.
3081 silly tarball no local data for @tailwindcss/oxide-win32-x64-msvc@https://registry.npmjs.org/@tailwindcss/oxide-win32-x64-msvc/-/oxide-win32-x64-msvc-4.3.0.tgz. Extracting by manifest.
3082 silly tarball no local data for graceful-fs@https://registry.npmjs.org/graceful-fs/-/graceful-fs-4.2.11.tgz. Extracting by manifest.
3083 silly tarball no local data for csstype@https://registry.npmjs.org/csstype/-/csstype-3.2.3.tgz. Extracting by manifest.
3084 silly tarball no local data for undici-types@https://registry.npmjs.org/undici-types/-/undici-types-6.21.0.tgz. Extracting by manifest.
3085 silly tarball no local data for @jridgewell/resolve-uri@https://registry.npmjs.org/@jridgewell/resolve-uri/-/resolve-uri-3.1.2.tgz. Extracting by manifest.
3086 silly tarball no local data for @jridgewell/sourcemap-codec@https://registry.npmjs.org/@jridgewell/sourcemap-codec/-/sourcemap-codec-1.5.5.tgz. Extracting by manifest.
3087 silly tarball no local data for @jridgewell/gen-mapping@https://registry.npmjs.org/@jridgewell/gen-mapping/-/gen-mapping-0.3.13.tgz. Extracting by manifest.
3088 silly tarball no local data for source-map-js@https://registry.npmjs.org/source-map-js/-/source-map-js-1.2.1.tgz. Extracting by manifest.
3089 silly tarball no local data for magic-string@https://registry.npmjs.org/magic-string/-/magic-string-0.30.21.tgz. Extracting by manifest.
3090 silly tarball no local data for lightningcss@https://registry.npmjs.org/lightningcss/-/lightningcss-1.32.0.tgz. Extracting by manifest.
3091 silly tarball no local data for jiti@https://registry.npmjs.org/jiti/-/jiti-2.7.0.tgz. Extracting by manifest.
3092 silly tarball no local data for enhanced-resolve@https://registry.npmjs.org/enhanced-resolve/-/enhanced-resolve-5.21.3.tgz. Extracting by manifest.
3093 silly tarball no local data for @jridgewell/remapping@https://registry.npmjs.org/@jridgewell/remapping/-/remapping-2.3.5.tgz. Extracting by manifest.
3094 silly tarball no local data for postcss@https://registry.npmjs.org/postcss/-/postcss-8.5.14.tgz. Extracting by manifest.
3095 silly tarball no local data for @tailwindcss/oxide@https://registry.npmjs.org/@tailwindcss/oxide/-/oxide-4.3.0.tgz. Extracting by manifest.
3096 silly tarball no local data for @tailwindcss/node@https://registry.npmjs.org/@tailwindcss/node/-/node-4.3.0.tgz. Extracting by manifest.
3097 silly tarball no local data for @alloc/quick-lru@https://registry.npmjs.org/@alloc/quick-lru/-/quick-lru-5.2.0.tgz. Extracting by manifest.
3098 silly tarball no local data for tailwindcss@https://registry.npmjs.org/tailwindcss/-/tailwindcss-4.3.0.tgz. Extracting by manifest.
3099 silly tarball no local data for typescript@https://registry.npmjs.org/typescript/-/typescript-5.9.3.tgz. Extracting by manifest.
3100 silly tarball no local data for react-dom@https://registry.npmjs.org/react-dom/-/react-dom-19.2.4.tgz. Extracting by manifest.
3101 silly tarball no local data for react@https://registry.npmjs.org/react/-/react-19.2.4.tgz. Extracting by manifest.
3102 silly tarball no local data for @types/react-dom@https://registry.npmjs.org/@types/react-dom/-/react-dom-19.2.3.tgz. Extracting by manifest.
3103 silly tarball no local data for next@https://registry.npmjs.org/next/-/next-16.2.6.tgz. Extracting by manifest.
3104 silly tarball no local data for eslint@https://registry.npmjs.org/eslint/-/eslint-9.39.4.tgz. Extracting by manifest.
3105 silly tarball no local data for eslint-config-next@https://registry.npmjs.org/eslint-config-next/-/eslint-config-next-16.2.6.tgz. Extracting by manifest.
3106 silly tarball no local data for @types/react@https://registry.npmjs.org/@types/react/-/react-19.2.14.tgz. Extracting by manifest.
3107 silly tarball no local data for @tailwindcss/postcss@https://registry.npmjs.org/@tailwindcss/postcss/-/postcss-4.3.0.tgz. Extracting by manifest.
3108 silly tarball no local data for @types/node@https://registry.npmjs.org/@types/node/-/node-20.19.41.tgz. Extracting by manifest.
3109 silly tarball no local data for eslint-visitor-keys@https://registry.npmjs.org/eslint-visitor-keys/-/eslint-visitor-keys-5.0.1.tgz. Extracting by manifest.
3110 silly tarball no local data for balanced-match@https://registry.npmjs.org/balanced-match/-/balanced-match-4.0.4.tgz. Extracting by manifest.
3111 silly tarball no local data for brace-expansion@https://registry.npmjs.org/brace-expansion/-/brace-expansion-5.0.6.tgz. Extracting by manifest.
3112 silly tarball no local data for minimatch@https://registry.npmjs.org/minimatch/-/minimatch-10.2.5.tgz. Extracting by manifest.
3113 silly tarball no local data for semver@https://registry.npmjs.org/semver/-/semver-7.8.0.tgz. Extracting by manifest.
3114 silly tarball no local data for ignore@https://registry.npmjs.org/ignore/-/ignore-7.0.5.tgz. Extracting by manifest.
3115 silly tarball no local data for semver@https://registry.npmjs.org/semver/-/semver-7.8.0.tgz. Extracting by manifest.
3116 silly tarball no local data for json5@https://registry.npmjs.org/json5/-/json5-1.0.2.tgz. Extracting by manifest.
3117 silly tarball no local data for debug@https://registry.npmjs.org/debug/-/debug-3.2.7.tgz. Extracting by manifest.
3118 silly tarball no local data for picomatch@https://registry.npmjs.org/picomatch/-/picomatch-4.0.4.tgz. Extracting by manifest.
3119 silly tarball no local data for fdir@https://registry.npmjs.org/fdir/-/fdir-6.5.0.tgz. Extracting by manifest.
3120 silly tarball no local data for semver@https://registry.npmjs.org/semver/-/semver-7.8.0.tgz. Extracting by manifest.
3121 silly tarball no local data for glob-parent@https://registry.npmjs.org/glob-parent/-/glob-parent-5.1.2.tgz. Extracting by manifest.
3122 silly tarball no local data for debug@https://registry.npmjs.org/debug/-/debug-3.2.7.tgz. Extracting by manifest.
3123 silly tarball no local data for debug@https://registry.npmjs.org/debug/-/debug-3.2.7.tgz. Extracting by manifest.
3124 silly tarball no local data for eslint-visitor-keys@https://registry.npmjs.org/eslint-visitor-keys/-/eslint-visitor-keys-3.4.3.tgz. Extracting by manifest.
3125 silly tarball no local data for postcss@https://registry.npmjs.org/postcss/-/postcss-8.4.31.tgz. Extracting by manifest.
3126 silly tarball no local data for @jridgewell/trace-mapping@https://registry.npmjs.org/@jridgewell/trace-mapping/-/trace-mapping-0.3.31.tgz. Extracting by manifest.
3127 silly tarball no local data for globals@https://registry.npmjs.org/globals/-/globals-16.4.0.tgz. Extracting by manifest.
3128 http fetch POST 200 https://registry.npmjs.org/-/npm/v1/security/advisories/bulk 567ms
3129 silly audit report {
3129 silly audit report   postcss: [
3129 silly audit report     {
3129 silly audit report       id: 1117015,
3129 silly audit report       url: 'https://github.com/advisories/GHSA-qx2v-qp2m-jg93',
3129 silly audit report       title: 'PostCSS has XSS via Unescaped </style> in its CSS Stringify Output',
3129 silly audit report       severity: 'moderate',
3129 silly audit report       vulnerable_versions: '<8.5.10',
3129 silly audit report       cwe: [Array],
3129 silly audit report       cvss: [Object]
3129 silly audit report     }
3129 silly audit report   ]
3129 silly audit report }
3130 silly packumentCache corgi:https://registry.npmjs.org/postcss cache-miss
3131 http fetch GET 200 https://registry.npmjs.org/is-weakset/-/is-weakset-2.0.4.tgz 467ms (cache miss)
3132 http fetch GET 200 https://registry.npmjs.org/escalade/-/escalade-3.2.0.tgz 460ms (cache miss)
3133 http fetch GET 200 https://registry.npmjs.org/napi-postinstall/-/napi-postinstall-0.3.4.tgz 564ms (cache miss)
3134 http fetch GET 200 https://registry.npmjs.org/is-weakmap/-/is-weakmap-2.0.2.tgz 637ms (cache miss)
3135 http fetch GET 200 https://registry.npmjs.org/punycode/-/punycode-2.3.1.tgz 637ms (cache miss)
3136 http fetch GET 200 https://registry.npmjs.org/isexe/-/isexe-2.0.0.tgz 679ms (cache miss)
3137 http fetch GET 200 https://registry.npmjs.org/is-finalizationregistry/-/is-finalizationregistry-1.1.1.tgz 760ms (cache miss)
3138 http fetch GET 200 https://registry.npmjs.org/which-collection/-/which-collection-1.0.2.tgz 764ms (cache miss)
3139 http fetch GET 200 https://registry.npmjs.org/is-bigint/-/is-bigint-1.1.0.tgz 785ms (cache miss)
3140 http fetch GET 200 https://registry.npmjs.org/strip-bom/-/strip-bom-3.0.0.tgz 792ms (cache miss)
3141 http fetch GET 200 https://registry.npmjs.org/is-async-function/-/is-async-function-2.1.1.tgz 819ms (cache miss)
3142 http fetch GET 200 https://registry.npmjs.org/is-boolean-object/-/is-boolean-object-1.2.2.tgz 819ms (cache miss)
3143 http fetch GET 200 https://registry.npmjs.org/has-flag/-/has-flag-4.0.0.tgz 807ms (cache miss)
3144 http fetch GET 200 https://registry.npmjs.org/@types/json5/-/json5-0.0.29.tgz 813ms (cache miss)
3145 http fetch GET 200 https://registry.npmjs.org/is-number-object/-/is-number-object-1.1.1.tgz 840ms (cache miss)
3146 http fetch GET 200 https://registry.npmjs.org/is-number/-/is-number-7.0.0.tgz 821ms (cache miss)
3147 http fetch GET 200 https://registry.npmjs.org/@typescript-eslint/parser/-/parser-8.59.3.tgz 830ms (cache miss)
3148 http fetch GET 200 https://registry.npmjs.org/client-only/-/client-only-0.0.1.tgz 829ms (cache miss)
3149 http fetch GET 200 https://registry.npmjs.org/is-map/-/is-map-2.0.3.tgz 858ms (cache miss)
3150 http fetch GET 200 https://registry.npmjs.org/has-bigints/-/has-bigints-1.1.0.tgz 864ms (cache miss)
3151 http fetch GET 200 https://registry.npmjs.org/generator-function/-/generator-function-2.0.1.tgz 887ms (cache miss)
3152 http fetch GET 200 https://registry.npmjs.org/which-boxed-primitive/-/which-boxed-primitive-1.1.1.tgz 886ms (cache miss)
3153 http fetch GET 200 https://registry.npmjs.org/async-function/-/async-function-1.0.0.tgz 900ms (cache miss)
3154 http fetch GET 200 https://registry.npmjs.org/is-generator-function/-/is-generator-function-1.1.2.tgz 905ms (cache miss)
3155 http fetch GET 200 https://registry.npmjs.org/shebang-regex/-/shebang-regex-3.0.0.tgz 882ms (cache miss)
3156 http fetch GET 200 https://registry.npmjs.org/side-channel-map/-/side-channel-map-1.0.1.tgz 885ms (cache miss)
3157 http fetch GET 200 https://registry.npmjs.org/@typescript-eslint/project-service/-/project-service-8.59.3.tgz 898ms (cache miss)
3158 http fetch GET 200 https://registry.npmjs.org/which-builtin-type/-/which-builtin-type-1.2.1.tgz 900ms (cache miss)
3159 http fetch GET 200 https://registry.npmjs.org/@emnapi/wasi-threads/-/wasi-threads-1.2.1.tgz 912ms (cache miss)
3160 http fetch GET 200 https://registry.npmjs.org/isarray/-/isarray-2.0.5.tgz 899ms (cache miss)
3161 http fetch GET 200 https://registry.npmjs.org/queue-microtask/-/queue-microtask-1.2.3.tgz 919ms (cache miss)
3162 http fetch GET 200 https://registry.npmjs.org/@img/colour/-/colour-1.1.0.tgz 934ms (cache miss)
3163 http fetch GET 200 https://registry.npmjs.org/for-each/-/for-each-0.3.5.tgz 943ms (cache miss)
3164 http fetch GET 200 https://registry.npmjs.org/node-exports-info/-/node-exports-info-1.6.0.tgz 934ms (cache miss)
3165 http fetch GET 200 https://registry.npmjs.org/side-channel-weakmap/-/side-channel-weakmap-1.0.2.tgz 955ms (cache miss)
3166 http fetch GET 200 https://registry.npmjs.org/@typescript-eslint/tsconfig-utils/-/tsconfig-utils-8.59.3.tgz 974ms (cache miss)
3167 http fetch GET 200 https://registry.npmjs.org/@typescript-eslint/visitor-keys/-/visitor-keys-8.59.3.tgz 972ms (cache miss)
3168 http fetch GET 200 https://registry.npmjs.org/ts-api-utils/-/ts-api-utils-2.5.0.tgz 974ms (cache miss)
3169 http fetch GET 200 https://registry.npmjs.org/reflect.getprototypeof/-/reflect.getprototypeof-1.0.10.tgz 974ms (cache miss)
3170 http fetch GET 200 https://registry.npmjs.org/object-assign/-/object-assign-4.1.1.tgz 963ms (cache miss)
3171 http fetch GET 200 https://registry.npmjs.org/@typescript-eslint/types/-/types-8.59.3.tgz 990ms (cache miss)
3172 http fetch GET 200 https://registry.npmjs.org/path-parse/-/path-parse-1.0.7.tgz 977ms (cache miss)
3173 http fetch GET 200 https://registry.npmjs.org/side-channel-list/-/side-channel-list-1.0.1.tgz 984ms (cache miss)
3174 http fetch GET 200 https://registry.npmjs.org/callsites/-/callsites-3.1.0.tgz 996ms (cache miss)
3175 http fetch GET 200 https://registry.npmjs.org/yocto-queue/-/yocto-queue-0.1.0.tgz 1002ms (cache miss)
3176 http fetch GET 200 https://registry.npmjs.org/p-limit/-/p-limit-3.1.0.tgz 1006ms (cache miss)
3177 http fetch GET 200 https://registry.npmjs.org/loose-envify/-/loose-envify-1.4.0.tgz 1009ms (cache miss)
3178 http fetch GET 200 https://registry.npmjs.org/react-is/-/react-is-16.13.1.tgz 1019ms (cache miss)
3179 http fetch GET 200 https://registry.npmjs.org/word-wrap/-/word-wrap-1.2.5.tgz 1023ms (cache miss)
3180 http fetch GET 200 https://registry.npmjs.org/fast-levenshtein/-/fast-levenshtein-2.0.6.tgz 1024ms (cache miss)
3181 http fetch GET 200 https://registry.npmjs.org/supports-preserve-symlinks-flag/-/supports-preserve-symlinks-flag-1.0.0.tgz 1045ms (cache miss)
3182 http fetch GET 200 https://registry.npmjs.org/minimist/-/minimist-1.2.8.tgz 1086ms (cache miss)
3183 http fetch GET 200 https://registry.npmjs.org/scheduler/-/scheduler-0.27.0.tgz 1096ms (cache miss)
3184 http fetch GET 200 https://registry.npmjs.org/deep-is/-/deep-is-0.1.4.tgz 1105ms (cache miss)
3185 http fetch GET 200 https://registry.npmjs.org/concat-map/-/concat-map-0.0.1.tgz 1104ms (cache miss)
3186 http fetch GET 200 https://registry.npmjs.org/balanced-match/-/balanced-match-1.0.2.tgz 1103ms (cache miss)
3187 http fetch GET 200 https://registry.npmjs.org/brace-expansion/-/brace-expansion-1.1.14.tgz 1110ms (cache miss)
3188 http fetch GET 200 https://registry.npmjs.org/@next/env/-/env-16.2.6.tgz 1119ms (cache miss)
3189 http fetch GET 200 https://registry.npmjs.org/to-regex-range/-/to-regex-range-5.0.1.tgz 1140ms (cache miss)
3190 http fetch GET 200 https://registry.npmjs.org/fill-range/-/fill-range-7.1.1.tgz 1140ms (cache miss)
3191 http fetch GET 200 https://registry.npmjs.org/@emnapi/runtime/-/runtime-1.10.0.tgz 1164ms (cache miss)
3192 http fetch GET 200 https://registry.npmjs.org/tslib/-/tslib-2.8.1.tgz 1175ms (cache miss)
3193 http fetch GET 200 https://registry.npmjs.org/@unrs/resolver-binding-win32-x64-msvc/-/resolver-binding-win32-x64-msvc-1.11.1.tgz 1221ms (cache miss)
3194 http fetch GET 200 https://registry.npmjs.org/p-locate/-/p-locate-5.0.0.tgz 1196ms (cache miss)
3195 http fetch GET 200 https://registry.npmjs.org/yallist/-/yallist-3.1.1.tgz 1208ms (cache miss)
3196 http fetch GET 200 https://registry.npmjs.org/json-buffer/-/json-buffer-3.0.1.tgz 1217ms (cache miss)
3197 http fetch GET 200 https://registry.npmjs.org/type-check/-/type-check-0.4.0.tgz 1243ms (cache miss)
3198 http fetch GET 200 https://registry.npmjs.org/picomatch/-/picomatch-2.3.2.tgz 1252ms (cache miss)
3199 http fetch GET 200 https://registry.npmjs.org/is-extglob/-/is-extglob-2.1.1.tgz 1263ms (cache miss)
3200 http fetch GET 200 https://registry.npmjs.org/nanoid/-/nanoid-3.3.12.tgz 1299ms (cache miss)
3201 http fetch GET 200 https://registry.npmjs.org/detect-libc/-/detect-libc-2.1.2.tgz 1287ms (cache miss)
3202 http fetch GET 200 https://registry.npmjs.org/parent-module/-/parent-module-1.0.1.tgz 1285ms (cache miss)
3203 http fetch GET 200 https://registry.npmjs.org/side-channel/-/side-channel-1.1.0.tgz 1289ms (cache miss)
3204 http fetch GET 200 https://registry.npmjs.org/resolve-from/-/resolve-from-4.0.0.tgz 1289ms (cache miss)
3205 http fetch GET 200 https://registry.npmjs.org/keyv/-/keyv-4.5.4.tgz 1304ms (cache miss)
3206 http fetch GET 200 https://registry.npmjs.org/functions-have-names/-/functions-have-names-1.2.3.tgz 1307ms (cache miss)
3207 http fetch GET 200 https://registry.npmjs.org/prelude-ls/-/prelude-ls-1.2.1.tgz 1318ms (cache miss)
3208 http fetch GET 200 https://registry.npmjs.org/path-exists/-/path-exists-4.0.0.tgz 1318ms (cache miss)
3209 http fetch GET 200 https://registry.npmjs.org/braces/-/braces-3.0.3.tgz 1341ms (cache miss)
3210 http fetch GET 200 https://registry.npmjs.org/argparse/-/argparse-2.0.1.tgz 1336ms (cache miss)
3211 http fetch GET 200 https://registry.npmjs.org/set-function-name/-/set-function-name-2.0.2.tgz 1355ms (cache miss)
3212 http fetch GET 200 https://registry.npmjs.org/resolve-pkg-maps/-/resolve-pkg-maps-1.0.0.tgz 1352ms (cache miss)
3213 http fetch GET 200 https://registry.npmjs.org/reusify/-/reusify-1.1.0.tgz 1364ms (cache miss)
3214 http fetch GET 200 https://registry.npmjs.org/@nodelib/fs.scandir/-/fs.scandir-2.1.5.tgz 1369ms (cache miss)
3215 http fetch GET 200 https://registry.npmjs.org/flat-cache/-/flat-cache-4.0.1.tgz 1372ms (cache miss)
3216 http fetch GET 200 https://registry.npmjs.org/run-parallel/-/run-parallel-1.2.0.tgz 1372ms (cache miss)
3217 http fetch GET 200 https://registry.npmjs.org/@emnapi/core/-/core-1.10.0.tgz 1426ms (cache miss)
3218 http fetch GET 200 https://registry.npmjs.org/micromatch/-/micromatch-4.0.8.tgz 1384ms (cache miss)
3219 http fetch GET 200 https://registry.npmjs.org/merge2/-/merge2-1.4.1.tgz 1384ms (cache miss)
3220 http fetch GET 200 https://registry.npmjs.org/@nodelib/fs.walk/-/fs.walk-1.2.8.tgz 1388ms (cache miss)
3221 http fetch GET 200 https://registry.npmjs.org/styled-jsx/-/styled-jsx-5.1.6.tgz 1427ms (cache miss)
3222 http fetch GET 200 https://registry.npmjs.org/acorn-jsx/-/acorn-jsx-5.3.2.tgz 1403ms (cache miss)
3223 http fetch GET 200 https://registry.npmjs.org/@nodelib/fs.stat/-/fs.stat-2.0.5.tgz 1404ms (cache miss)
3224 http fetch GET 200 https://registry.npmjs.org/dunder-proto/-/dunder-proto-1.0.1.tgz 1416ms (cache miss)
3225 http fetch GET 200 https://registry.npmjs.org/esrecurse/-/esrecurse-4.3.0.tgz 1414ms (cache miss)
3226 http fetch GET 200 https://registry.npmjs.org/@typescript-eslint/type-utils/-/type-utils-8.59.3.tgz 1500ms (cache miss)
3227 http fetch GET 200 https://registry.npmjs.org/update-browserslist-db/-/update-browserslist-db-1.2.3.tgz 1454ms (cache miss)
3228 http fetch GET 200 https://registry.npmjs.org/fastq/-/fastq-1.20.1.tgz 1481ms (cache miss)
3229 http fetch GET 200 https://registry.npmjs.org/locate-path/-/locate-path-6.0.0.tgz 1476ms (cache miss)
3230 http fetch GET 200 https://registry.npmjs.org/flatted/-/flatted-3.4.2.tgz 1493ms (cache miss)
3231 http fetch GET 200 https://registry.npmjs.org/node-releases/-/node-releases-2.0.44.tgz 1496ms (cache miss)
3232 http fetch GET 200 https://registry.npmjs.org/hermes-estree/-/hermes-estree-0.25.1.tgz 1513ms (cache miss)
3233 http fetch GET 200 https://registry.npmjs.org/lru-cache/-/lru-cache-5.1.1.tgz 1507ms (cache miss)
3234 http fetch GET 200 https://registry.npmjs.org/@babel/helper-string-parser/-/helper-string-parser-7.27.1.tgz 1510ms (cache miss)
3235 http fetch GET 200 https://registry.npmjs.org/@babel/helper-globals/-/helper-globals-7.28.0.tgz 1509ms (cache miss)
3236 http fetch GET 200 https://registry.npmjs.org/baseline-browser-mapping/-/baseline-browser-mapping-2.10.29.tgz 1528ms (cache miss)
3237 http fetch GET 200 https://registry.npmjs.org/electron-to-chromium/-/electron-to-chromium-1.5.357.tgz 1531ms (cache miss)
3238 http fetch GET 200 https://registry.npmjs.org/@tybys/wasm-util/-/wasm-util-0.10.2.tgz 1607ms (cache miss)
3239 http fetch GET 200 https://registry.npmjs.org/picocolors/-/picocolors-1.1.1.tgz 1550ms (cache miss)
3240 http fetch GET 200 https://registry.npmjs.org/@babel/helper-validator-option/-/helper-validator-option-7.27.1.tgz 1556ms (cache miss)
3241 http fetch GET 200 https://registry.npmjs.org/@babel/compat-data/-/compat-data-7.29.3.tgz 1555ms (cache miss)
3242 http fetch GET 200 https://registry.npmjs.org/acorn/-/acorn-8.16.0.tgz 1566ms (cache miss)
3243 http fetch GET 200 https://registry.npmjs.org/jsesc/-/jsesc-3.1.0.tgz 1569ms (cache miss)
3244 http fetch GET 200 https://registry.npmjs.org/js-tokens/-/js-tokens-4.0.0.tgz 1569ms (cache miss)
3245 http fetch GET 200 https://registry.npmjs.org/browserslist/-/browserslist-4.28.2.tgz 1580ms (cache miss)
3246 http fetch GET 200 https://registry.npmjs.org/gensync/-/gensync-1.0.0-beta.2.tgz 1575ms (cache miss)
3247 http fetch GET 200 https://registry.npmjs.org/@babel/helper-module-imports/-/helper-module-imports-7.28.6.tgz 1590ms (cache miss)
3248 http fetch GET 200 https://registry.npmjs.org/convert-source-map/-/convert-source-map-2.0.0.tgz 1586ms (cache miss)
3249 http fetch GET 200 https://registry.npmjs.org/sharp/-/sharp-0.34.5.tgz 1640ms (cache miss)
3250 http fetch GET 200 https://registry.npmjs.org/@babel/helper-validator-identifier/-/helper-validator-identifier-7.28.5.tgz 1610ms (cache miss)
3251 http fetch GET 200 https://registry.npmjs.org/language-subtag-registry/-/language-subtag-registry-0.3.23.tgz 1637ms (cache miss)
3252 http fetch GET 200 https://registry.npmjs.org/@napi-rs/wasm-runtime/-/wasm-runtime-0.2.12.tgz 1736ms (cache miss)
3253 http fetch GET 200 https://registry.npmjs.org/json5/-/json5-2.2.3.tgz 1677ms (cache miss)
3254 http fetch GET 200 https://registry.npmjs.org/@babel/helper-compilation-targets/-/helper-compilation-targets-7.28.6.tgz 1716ms (cache miss)
3255 http fetch GET 200 https://registry.npmjs.org/@babel/template/-/template-7.28.6.tgz 1823ms (cache miss)
3256 http fetch GET 200 https://registry.npmjs.org/@babel/code-frame/-/code-frame-7.29.0.tgz 1831ms (cache miss)
3257 http fetch GET 200 https://registry.npmjs.org/@babel/helper-module-transforms/-/helper-module-transforms-7.28.6.tgz 1884ms (cache miss)
3258 http fetch GET 200 https://registry.npmjs.org/@typescript-eslint/typescript-estree/-/typescript-estree-8.59.3.tgz 1961ms (cache miss)
3259 http fetch GET 200 https://registry.npmjs.org/zod-validation-error/-/zod-validation-error-4.0.2.tgz 1906ms (cache miss)
3260 http fetch GET 200 https://registry.npmjs.org/@typescript-eslint/utils/-/utils-8.59.3.tgz 1976ms (cache miss)
3261 http fetch GET 200 https://registry.npmjs.org/string.prototype.matchall/-/string.prototype.matchall-4.0.12.tgz 1997ms (cache miss)
3262 http fetch GET 200 https://registry.npmjs.org/string.prototype.repeat/-/string.prototype.repeat-1.0.0.tgz 1998ms (cache miss)
3263 http fetch GET 200 https://registry.npmjs.org/iterator.prototype/-/iterator.prototype-1.1.5.tgz 2018ms (cache miss)
3264 http fetch GET 200 https://registry.npmjs.org/prop-types/-/prop-types-15.8.1.tgz 2076ms (cache miss)
3265 http fetch GET 200 https://registry.npmjs.org/@babel/generator/-/generator-7.29.1.tgz 2115ms (cache miss)
3266 http fetch GET 200 https://registry.npmjs.org/estraverse/-/estraverse-5.3.0.tgz 2121ms (cache miss)
3267 http fetch GET 200 https://registry.npmjs.org/array.prototype.findlast/-/array.prototype.findlast-1.2.5.tgz 2199ms (cache miss)
3268 http fetch GET 200 https://registry.npmjs.org/language-tags/-/language-tags-1.0.9.tgz 2206ms (cache miss)
3269 http fetch GET 200 https://registry.npmjs.org/string.prototype.includes/-/string.prototype.includes-2.0.1.tgz 2210ms (cache miss)
3270 http fetch GET 200 https://registry.npmjs.org/object.entries/-/object.entries-1.1.9.tgz 2214ms (cache miss)
3271 http fetch GET 200 https://registry.npmjs.org/damerau-levenshtein/-/damerau-levenshtein-1.0.8.tgz 2258ms (cache miss)
3272 http fetch GET 200 https://registry.npmjs.org/array.prototype.tosorted/-/array.prototype.tosorted-1.1.4.tgz 2295ms (cache miss)
3273 http fetch GET 200 https://registry.npmjs.org/@babel/traverse/-/traverse-7.29.0.tgz 2309ms (cache miss)
3274 http fetch GET 200 https://registry.npmjs.org/ast-types-flow/-/ast-types-flow-0.0.8.tgz 2297ms (cache miss)
3275 http fetch GET 200 https://registry.npmjs.org/emoji-regex/-/emoji-regex-9.2.2.tgz 2345ms (cache miss)
3276 http fetch GET 200 https://registry.npmjs.org/has-tostringtag/-/has-tostringtag-1.0.2.tgz 2376ms (cache miss)
3277 http fetch GET 200 https://registry.npmjs.org/is-date-object/-/is-date-object-1.1.0.tgz 2378ms (cache miss)
3278 http fetch GET 200 https://registry.npmjs.org/is-symbol/-/is-symbol-1.1.1.tgz 2381ms (cache miss)
3279 http fetch GET 200 https://registry.npmjs.org/typed-array-length/-/typed-array-length-1.0.7.tgz 2439ms (cache miss)
3280 http fetch GET 200 https://registry.npmjs.org/unbox-primitive/-/unbox-primitive-1.1.0.tgz 2456ms (cache miss)
3281 http fetch GET 200 https://registry.npmjs.org/possible-typed-array-names/-/possible-typed-array-names-1.1.0.tgz 2462ms (cache miss)
3282 http fetch GET 200 https://registry.npmjs.org/which-typed-array/-/which-typed-array-1.1.20.tgz 2499ms (cache miss)
3283 http fetch GET 200 https://registry.npmjs.org/@babel/parser/-/parser-7.29.3.tgz 2524ms (cache miss)
3284 http fetch GET 200 https://registry.npmjs.org/typed-array-byte-offset/-/typed-array-byte-offset-1.0.4.tgz 2521ms (cache miss)
3285 http fetch GET 200 https://registry.npmjs.org/typed-array-byte-length/-/typed-array-byte-length-1.0.3.tgz 2522ms (cache miss)
3286 http fetch GET 200 https://registry.npmjs.org/typed-array-buffer/-/typed-array-buffer-1.0.3.tgz 2523ms (cache miss)
3287 http fetch GET 200 https://registry.npmjs.org/string.prototype.trimstart/-/string.prototype.trimstart-1.0.8.tgz 2543ms (cache miss)
3288 http fetch GET 200 https://registry.npmjs.org/safe-regex-test/-/safe-regex-test-1.1.0.tgz 2542ms (cache miss)
3289 http fetch GET 200 https://registry.npmjs.org/set-proto/-/set-proto-1.0.0.tgz 2554ms (cache miss)
3290 http fetch GET 200 https://registry.npmjs.org/stop-iteration-iterator/-/stop-iteration-iterator-1.1.0.tgz 2604ms (cache miss)
3291 http fetch GET 200 https://registry.npmjs.org/own-keys/-/own-keys-1.0.1.tgz 2604ms (cache miss)
3292 http fetch GET 200 https://registry.npmjs.org/safe-array-concat/-/safe-array-concat-1.1.4.tgz 2608ms (cache miss)
3293 http fetch GET 200 https://registry.npmjs.org/safe-push-apply/-/safe-push-apply-1.0.0.tgz 2626ms (cache miss)
3294 http fetch GET 200 https://registry.npmjs.org/is-weakref/-/is-weakref-1.1.1.tgz 2625ms (cache miss)
3295 http fetch GET 200 https://registry.npmjs.org/string.prototype.trim/-/string.prototype.trim-1.2.10.tgz 2661ms (cache miss)
3296 http fetch GET 200 https://registry.npmjs.org/is-typed-array/-/is-typed-array-1.1.15.tgz 2668ms (cache miss)
3297 http fetch GET 200 https://registry.npmjs.org/is-set/-/is-set-2.0.3.tgz 2668ms (cache miss)
3298 http fetch GET 200 https://registry.npmjs.org/is-regex/-/is-regex-1.2.1.tgz 2672ms (cache miss)
3299 http fetch GET 200 https://registry.npmjs.org/is-data-view/-/is-data-view-1.0.2.tgz 2723ms (cache miss)
3300 http fetch GET 200 https://registry.npmjs.org/is-shared-array-buffer/-/is-shared-array-buffer-1.0.4.tgz 2728ms (cache miss)
3301 http fetch GET 200 https://registry.npmjs.org/regexp.prototype.flags/-/regexp.prototype.flags-1.5.4.tgz 2743ms (cache miss)
3302 http fetch GET 200 https://registry.npmjs.org/has-proto/-/has-proto-1.2.0.tgz 2756ms (cache miss)
3303 http fetch GET 200 https://registry.npmjs.org/is-negative-zero/-/is-negative-zero-2.0.3.tgz 2760ms (cache miss)
3304 http fetch GET 200 https://registry.npmjs.org/is-array-buffer/-/is-array-buffer-3.0.5.tgz 2761ms (cache miss)
3305 http fetch GET 200 https://registry.npmjs.org/has-symbols/-/has-symbols-1.1.0.tgz 2766ms (cache miss)
3306 http fetch GET 200 https://registry.npmjs.org/globalthis/-/globalthis-1.0.4.tgz 2773ms (cache miss)
3307 http fetch GET 200 https://registry.npmjs.org/get-symbol-description/-/get-symbol-description-1.1.0.tgz 2791ms (cache miss)
3308 http fetch GET 200 https://registry.npmjs.org/function.prototype.name/-/function.prototype.name-1.1.8.tgz 2798ms (cache miss)
3309 http fetch GET 200 https://registry.npmjs.org/object.assign/-/object.assign-4.1.7.tgz 2817ms (cache miss)
3310 http fetch GET 200 https://registry.npmjs.org/internal-slot/-/internal-slot-1.1.0.tgz 2813ms (cache miss)
3311 http fetch GET 200 https://registry.npmjs.org/es-set-tostringtag/-/es-set-tostringtag-2.1.0.tgz 2811ms (cache miss)
3312 http fetch GET 200 https://registry.npmjs.org/is-callable/-/is-callable-1.2.7.tgz 2820ms (cache miss)
3313 http fetch GET 200 https://registry.npmjs.org/data-view-byte-length/-/data-view-byte-length-1.0.2.tgz 2817ms (cache miss)
3314 http fetch GET 200 https://registry.npmjs.org/es-to-primitive/-/es-to-primitive-1.3.0.tgz 2829ms (cache miss)
3315 http fetch GET 200 https://registry.npmjs.org/data-view-buffer/-/data-view-buffer-1.0.2.tgz 2842ms (cache miss)
3316 http fetch GET 200 https://registry.npmjs.org/hermes-parser/-/hermes-parser-0.25.1.tgz 2877ms (cache miss)
3317 http fetch GET 200 https://registry.npmjs.org/arraybuffer.prototype.slice/-/arraybuffer.prototype.slice-1.0.4.tgz 2866ms (cache miss)
3318 http fetch GET 200 https://registry.npmjs.org/gopd/-/gopd-1.2.0.tgz 2871ms (cache miss)
3319 http fetch GET 200 https://registry.npmjs.org/array-buffer-byte-length/-/array-buffer-byte-length-1.0.2.tgz 2880ms (cache miss)
3320 http fetch GET 200 https://registry.npmjs.org/data-view-byte-offset/-/data-view-byte-offset-1.0.1.tgz 2878ms (cache miss)
3321 http fetch GET 200 https://registry.npmjs.org/get-proto/-/get-proto-1.0.1.tgz 3111ms (cache miss)
3322 http fetch GET 200 https://registry.npmjs.org/object-keys/-/object-keys-1.1.1.tgz 3152ms (cache miss)
3323 http fetch GET 200 https://registry.npmjs.org/has-property-descriptors/-/has-property-descriptors-1.0.2.tgz 3157ms (cache miss)
3324 http fetch GET 200 https://registry.npmjs.org/set-function-length/-/set-function-length-1.2.2.tgz 3204ms (cache miss)
3325 http fetch GET 200 https://registry.npmjs.org/function-bind/-/function-bind-1.1.2.tgz 3204ms (cache miss)
3326 http fetch GET 200 https://registry.npmjs.org/es-define-property/-/es-define-property-1.0.1.tgz 3205ms (cache miss)
3327 http fetch GET 200 https://registry.npmjs.org/es-errors/-/es-errors-1.3.0.tgz 3240ms (cache miss)
3328 http fetch GET 200 https://registry.npmjs.org/es-shim-unscopables/-/es-shim-unscopables-1.1.0.tgz 3241ms (cache miss)
3329 http fetch GET 200 https://registry.npmjs.org/math-intrinsics/-/math-intrinsics-1.1.0.tgz 3248ms (cache miss)
3330 http fetch GET 200 https://registry.npmjs.org/define-properties/-/define-properties-1.2.1.tgz 3255ms (cache miss)
3331 http fetch GET 200 https://registry.npmjs.org/es-object-atoms/-/es-object-atoms-1.1.1.tgz 3257ms (cache miss)
3332 http fetch GET 200 https://registry.npmjs.org/object.values/-/object.values-1.2.1.tgz 3256ms (cache miss)
3333 http fetch GET 200 https://registry.npmjs.org/object.groupby/-/object.groupby-1.0.3.tgz 3258ms (cache miss)
3334 http fetch GET 200 https://registry.npmjs.org/@rtsao/scc/-/scc-1.1.0.tgz 3253ms (cache miss)
3335 http fetch GET 200 https://registry.npmjs.org/is-core-module/-/is-core-module-2.16.2.tgz 3250ms (cache miss)
3336 http fetch GET 200 https://registry.npmjs.org/stable-hash/-/stable-hash-0.0.5.tgz 3253ms (cache miss)
3337 http fetch GET 200 https://registry.npmjs.org/array.prototype.flatmap/-/array.prototype.flatmap-1.3.3.tgz 3260ms (cache miss)
3338 http fetch GET 200 https://registry.npmjs.org/@nolyfill/is-core-module/-/is-core-module-1.0.39.tgz 3255ms (cache miss)
3339 http fetch GET 200 https://registry.npmjs.org/unrs-resolver/-/unrs-resolver-1.11.1.tgz 3269ms (cache miss)
3340 http fetch GET 200 https://registry.npmjs.org/get-intrinsic/-/get-intrinsic-1.3.0.tgz 3284ms (cache miss)
3341 http fetch GET 200 https://registry.npmjs.org/object.fromentries/-/object.fromentries-2.0.8.tgz 3279ms (cache miss)
3342 http fetch GET 200 https://registry.npmjs.org/array-includes/-/array-includes-3.1.9.tgz 3275ms (cache miss)
3343 http fetch GET 200 https://registry.npmjs.org/is-bun-module/-/is-bun-module-2.0.0.tgz 3273ms (cache miss)
3344 http fetch GET 200 https://registry.npmjs.org/typescript-eslint/-/typescript-eslint-8.59.3.tgz 3273ms (cache miss)
3345 http fetch GET 200 https://registry.npmjs.org/available-typed-arrays/-/available-typed-arrays-1.0.7.tgz 3305ms (cache miss)
3346 http fetch GET 200 https://registry.npmjs.org/eslint-import-resolver-typescript/-/eslint-import-resolver-typescript-3.10.1.tgz 3306ms (cache miss)
3347 http fetch GET 200 https://registry.npmjs.org/eslint-import-resolver-node/-/eslint-import-resolver-node-0.3.10.tgz 3315ms (cache miss)
3348 http fetch GET 200 https://registry.npmjs.org/ms/-/ms-2.1.3.tgz 3320ms (cache miss)
3349 http fetch GET 200 https://registry.npmjs.org/shebang-command/-/shebang-command-2.0.0.tgz 3324ms (cache miss)
3350 http fetch GET 200 https://registry.npmjs.org/which/-/which-2.0.2.tgz 3327ms (cache miss)
3351 http fetch GET 200 https://registry.npmjs.org/semver/-/semver-6.3.1.tgz 3349ms (cache miss)
3352 http fetch GET 200 https://registry.npmjs.org/path-key/-/path-key-3.1.1.tgz 3343ms (cache miss)
3353 http fetch GET 200 https://registry.npmjs.org/supports-color/-/supports-color-7.2.0.tgz 3350ms (cache miss)
3354 http fetch GET 200 https://registry.npmjs.org/color-name/-/color-name-1.1.4.tgz 3367ms (cache miss)
3355 http fetch GET 200 https://registry.npmjs.org/define-data-property/-/define-data-property-1.1.4.tgz 3405ms (cache miss)
3356 http fetch GET 200 https://registry.npmjs.org/tinyglobby/-/tinyglobby-0.2.16.tgz 3393ms (cache miss)
3357 http fetch GET 200 https://registry.npmjs.org/hasown/-/hasown-2.0.3.tgz 3423ms (cache miss)
3358 http fetch GET 200 https://registry.npmjs.org/call-bound/-/call-bound-1.0.4.tgz 3455ms (cache miss)
3359 http fetch GET 200 https://registry.npmjs.org/is-string/-/is-string-1.1.1.tgz 3459ms (cache miss)
3360 http fetch GET 200 https://registry.npmjs.org/@humanfs/types/-/types-0.15.0.tgz 3437ms (cache miss)
3361 http fetch GET 200 https://registry.npmjs.org/doctrine/-/doctrine-2.1.0.tgz 3456ms (cache miss)
3362 http fetch GET 200 https://registry.npmjs.org/json-schema-traverse/-/json-schema-traverse-0.4.1.tgz 3454ms (cache miss)
3363 http fetch GET 200 https://registry.npmjs.org/fast-json-stable-stringify/-/fast-json-stable-stringify-2.1.0.tgz 3468ms (cache miss)
3364 http fetch GET 200 https://registry.npmjs.org/ansi-styles/-/ansi-styles-4.3.0.tgz 3483ms (cache miss)
3365 http fetch GET 200 https://registry.npmjs.org/levn/-/levn-0.4.1.tgz 3481ms (cache miss)
3366 http fetch GET 200 https://registry.npmjs.org/color-convert/-/color-convert-2.0.1.tgz 3488ms (cache miss)
3367 http fetch GET 200 https://registry.npmjs.org/get-tsconfig/-/get-tsconfig-4.14.0.tgz 3503ms (cache miss)
3368 http fetch GET 200 https://registry.npmjs.org/strip-json-comments/-/strip-json-comments-3.1.1.tgz 3489ms (cache miss)
3369 http fetch GET 200 https://registry.npmjs.org/call-bind/-/call-bind-1.0.9.tgz 3570ms (cache miss)
3370 http fetch GET 200 https://registry.npmjs.org/import-fresh/-/import-fresh-3.3.1.tgz 3559ms (cache miss)
3371 http fetch GET 200 https://registry.npmjs.org/object-inspect/-/object-inspect-1.13.4.tgz 3637ms (cache miss)
3372 http fetch GET 200 https://registry.npmjs.org/@types/json-schema/-/json-schema-7.0.15.tgz 3592ms (cache miss)
3373 http fetch GET 200 https://registry.npmjs.org/optionator/-/optionator-0.9.4.tgz 3612ms (cache miss)
3374 http fetch GET 200 https://registry.npmjs.org/minimatch/-/minimatch-3.1.5.tgz 3614ms (cache miss)
3375 http fetch GET 200 https://registry.npmjs.org/natural-compare/-/natural-compare-1.4.0.tgz 3634ms (cache miss)
3376 http fetch GET 200 https://registry.npmjs.org/json-stable-stringify-without-jsonify/-/json-stable-stringify-without-jsonify-1.0.1.tgz 3642ms (cache miss)
3377 http fetch GET 200 https://registry.npmjs.org/lodash.merge/-/lodash.merge-4.6.2.tgz 3649ms (cache miss)
3378 http fetch GET 200 https://registry.npmjs.org/array.prototype.findlastindex/-/array.prototype.findlastindex-1.2.6.tgz 3680ms (cache miss)
3379 http fetch GET 200 https://registry.npmjs.org/string.prototype.trimend/-/string.prototype.trimend-1.0.9.tgz 3724ms (cache miss)
3380 http fetch GET 200 https://registry.npmjs.org/ignore/-/ignore-5.3.2.tgz 3691ms (cache miss)
3381 http fetch GET 200 https://registry.npmjs.org/glob-parent/-/glob-parent-6.0.2.tgz 3692ms (cache miss)
3382 http fetch GET 200 https://registry.npmjs.org/array.prototype.flat/-/array.prototype.flat-1.3.3.tgz 3727ms (cache miss)
3383 http fetch GET 200 https://registry.npmjs.org/imurmurhash/-/imurmurhash-0.1.4.tgz 3698ms (cache miss)
3384 http fetch GET 200 https://registry.npmjs.org/is-glob/-/is-glob-4.0.3.tgz 3712ms (cache miss)
3385 http fetch GET 200 https://registry.npmjs.org/globals/-/globals-14.0.0.tgz 3715ms (cache miss)
3386 http fetch GET 200 https://registry.npmjs.org/find-up/-/find-up-5.0.0.tgz 3715ms (cache miss)
3387 http fetch GET 200 https://registry.npmjs.org/fast-deep-equal/-/fast-deep-equal-3.1.3.tgz 3719ms (cache miss)
3388 http fetch GET 200 https://registry.npmjs.org/file-entry-cache/-/file-entry-cache-8.0.0.tgz 3723ms (cache miss)
3389 http fetch GET 200 https://registry.npmjs.org/axe-core/-/axe-core-4.11.4.tgz 3798ms (cache miss)
3390 http fetch GET 200 https://registry.npmjs.org/call-bind-apply-helpers/-/call-bind-apply-helpers-1.0.2.tgz 3773ms (cache miss)
3391 http fetch GET 200 https://registry.npmjs.org/esutils/-/esutils-2.0.3.tgz 3763ms (cache miss)
3392 http fetch GET 200 https://registry.npmjs.org/debug/-/debug-4.4.3.tgz 3781ms (cache miss)
3393 http fetch GET 200 https://registry.npmjs.org/cross-spawn/-/cross-spawn-7.0.6.tgz 3787ms (cache miss)
3394 http fetch GET 200 https://registry.npmjs.org/escape-string-regexp/-/escape-string-regexp-4.0.0.tgz 3789ms (cache miss)
3395 http fetch GET 200 https://registry.npmjs.org/@types/estree/-/estree-1.0.9.tgz 3806ms (cache miss)
3396 http fetch GET 200 https://registry.npmjs.org/@humanfs/node/-/node-0.16.8.tgz 3848ms (cache miss)
3397 http fetch GET 200 https://registry.npmjs.org/@humanfs/core/-/core-0.19.2.tgz 3878ms (cache miss)
3398 http fetch GET 200 https://registry.npmjs.org/@eslint/js/-/js-9.39.4.tgz 3869ms (cache miss)
3399 http fetch GET 200 https://registry.npmjs.org/chalk/-/chalk-4.1.2.tgz 3889ms (cache miss)
3400 http fetch GET 200 https://registry.npmjs.org/@eslint/object-schema/-/object-schema-2.1.7.tgz 3919ms (cache miss)
3401 http fetch GET 200 https://registry.npmjs.org/eslint-visitor-keys/-/eslint-visitor-keys-4.2.1.tgz 3922ms (cache miss)
3402 http fetch GET 200 https://registry.npmjs.org/@eslint/config-helpers/-/config-helpers-0.4.2.tgz 3938ms (cache miss)
3403 http fetch GET 200 https://registry.npmjs.org/eslint-module-utils/-/eslint-module-utils-2.12.1.tgz 4016ms (cache miss)
3404 http fetch GET 200 https://registry.npmjs.org/espree/-/espree-10.4.0.tgz 3988ms (cache miss)
3405 http fetch GET 200 https://registry.npmjs.org/@humanwhocodes/module-importer/-/module-importer-1.0.1.tgz 3990ms (cache miss)
3406 http fetch GET 200 https://registry.npmjs.org/@humanwhocodes/retry/-/retry-0.4.3.tgz 3997ms (cache miss)
3407 http fetch GET 200 https://registry.npmjs.org/graceful-fs/-/graceful-fs-4.2.11.tgz 3992ms (cache miss)
3408 http fetch GET 200 https://registry.npmjs.org/@eslint/plugin-kit/-/plugin-kit-0.4.1.tgz 4047ms (cache miss)
3409 http fetch GET 200 https://registry.npmjs.org/eslint-scope/-/eslint-scope-8.4.0.tgz 4073ms (cache miss)
3410 http fetch GET 200 https://registry.npmjs.org/@eslint/core/-/core-0.17.0.tgz 4072ms (cache miss)
3411 http fetch GET 200 https://registry.npmjs.org/@jridgewell/resolve-uri/-/resolve-uri-3.1.2.tgz 4073ms (cache miss)
3412 http fetch GET 200 https://registry.npmjs.org/@eslint-community/regexpp/-/regexpp-4.12.2.tgz 4131ms (cache miss)
3413 http fetch GET 200 https://registry.npmjs.org/@eslint-community/eslint-utils/-/eslint-utils-4.9.1.tgz 4136ms (cache miss)
3414 http fetch GET 200 https://registry.npmjs.org/tapable/-/tapable-2.3.3.tgz 4235ms (cache miss)
3415 http fetch GET 200 https://registry.npmjs.org/esquery/-/esquery-1.7.0.tgz 4252ms (cache miss)
3416 http fetch GET 200 https://registry.npmjs.org/@jridgewell/remapping/-/remapping-2.3.5.tgz 4236ms (cache miss)
3417 http fetch GET 200 https://registry.npmjs.org/@eslint/config-array/-/config-array-0.21.2.tgz 4250ms (cache miss)
3418 http fetch GET 200 https://registry.npmjs.org/csstype/-/csstype-3.2.3.tgz 4303ms (cache miss)
3419 http fetch GET 200 https://registry.npmjs.org/@tailwindcss/oxide/-/oxide-4.3.0.tgz 4311ms (cache miss)
3420 http fetch GET 200 https://registry.npmjs.org/magic-string/-/magic-string-0.30.21.tgz 4346ms (cache miss)
3421 http fetch GET 200 https://registry.npmjs.org/@alloc/quick-lru/-/quick-lru-5.2.0.tgz 4341ms (cache miss)
3422 http fetch GET 200 https://registry.npmjs.org/source-map-js/-/source-map-js-1.2.1.tgz 4404ms (cache miss)
3423 http fetch GET 200 https://registry.npmjs.org/js-yaml/-/js-yaml-4.1.1.tgz 4450ms (cache miss)
3424 http fetch GET 200 https://registry.npmjs.org/eslint-config-next/-/eslint-config-next-16.2.6.tgz 4436ms (cache miss)
3425 http fetch GET 200 https://registry.npmjs.org/@types/react-dom/-/react-dom-19.2.3.tgz 4444ms (cache miss)
3426 http fetch GET 200 https://registry.npmjs.org/eslint-plugin-react-hooks/-/eslint-plugin-react-hooks-7.1.1.tgz 4497ms (cache miss)
3427 http fetch GET 200 https://registry.npmjs.org/lightningcss/-/lightningcss-1.32.0.tgz 4468ms (cache miss)
3428 http fetch GET 200 https://registry.npmjs.org/@tailwindcss/node/-/node-4.3.0.tgz 4466ms (cache miss)
3429 http fetch GET 200 https://registry.npmjs.org/@jridgewell/sourcemap-codec/-/sourcemap-codec-1.5.5.tgz 4517ms (cache miss)
3430 http fetch GET 200 https://registry.npmjs.org/undici-types/-/undici-types-6.21.0.tgz 4559ms (cache miss)
3431 http fetch GET 200 https://registry.npmjs.org/@jridgewell/gen-mapping/-/gen-mapping-0.3.13.tgz 4592ms (cache miss)
3432 http fetch GET 200 https://registry.npmjs.org/balanced-match/-/balanced-match-4.0.4.tgz 4591ms (cache miss)
3433 http fetch GET 200 https://registry.npmjs.org/eslint-visitor-keys/-/eslint-visitor-keys-5.0.1.tgz 4596ms (cache miss)
3434 http fetch GET 200 https://registry.npmjs.org/@eslint/eslintrc/-/eslintrc-3.3.5.tgz 4639ms (cache miss)
3435 http fetch GET 200 https://registry.npmjs.org/@types/react/-/react-19.2.14.tgz 4712ms (cache miss)
3436 http fetch GET 200 https://registry.npmjs.org/@tailwindcss/postcss/-/postcss-4.3.0.tgz 4741ms (cache miss)
3437 http fetch GET 200 https://registry.npmjs.org/react/-/react-19.2.4.tgz 4763ms (cache miss)
3438 http fetch GET 200 https://registry.npmjs.org/es-iterator-helpers/-/es-iterator-helpers-1.3.2.tgz 4905ms (cache miss)
3439 http fetch GET 200 https://registry.npmjs.org/ignore/-/ignore-7.0.5.tgz 4845ms (cache miss)
3440 http fetch GET 200 https://registry.npmjs.org/fast-glob/-/fast-glob-3.3.1.tgz 4905ms (cache miss)
3441 http fetch GET 200 https://registry.npmjs.org/uri-js/-/uri-js-4.4.1.tgz 4907ms (cache miss)
3442 http fetch GET 200 https://registry.npmjs.org/brace-expansion/-/brace-expansion-5.0.6.tgz 4868ms (cache miss)
3443 http fetch GET 200 https://registry.npmjs.org/@babel/core/-/core-7.29.0.tgz 4979ms (cache miss)
3444 http fetch GET 200 https://registry.npmjs.org/lightningcss-win32-x64-msvc/-/lightningcss-win32-x64-msvc-1.32.0.tgz 5055ms (cache miss)
3445 http fetch GET 200 https://registry.npmjs.org/@next/eslint-plugin-next/-/eslint-plugin-next-16.2.6.tgz 4980ms (cache miss)
3446 http fetch GET 200 https://registry.npmjs.org/jsx-ast-utils/-/jsx-ast-utils-3.3.5.tgz 5056ms (cache miss)
3447 http fetch GET 200 https://registry.npmjs.org/fdir/-/fdir-6.5.0.tgz 4950ms (cache miss)
3448 http fetch GET 200 https://registry.npmjs.org/tailwindcss/-/tailwindcss-4.3.0.tgz 4982ms (cache miss)
3449 http fetch GET 200 https://registry.npmjs.org/json5/-/json5-1.0.2.tgz 4986ms (cache miss)
3450 http fetch GET 200 https://registry.npmjs.org/debug/-/debug-3.2.7.tgz 5001ms (cache miss)
3451 http fetch GET 200 https://registry.npmjs.org/picomatch/-/picomatch-4.0.4.tgz 5015ms (cache miss)
3452 http fetch GET 200 https://registry.npmjs.org/glob-parent/-/glob-parent-5.1.2.tgz 5029ms (cache miss)
3453 http fetch GET 200 https://registry.npmjs.org/eslint-visitor-keys/-/eslint-visitor-keys-3.4.3.tgz 5097ms (cache miss)
3454 http fetch GET 200 https://registry.npmjs.org/tsconfig-paths/-/tsconfig-paths-3.15.0.tgz 5172ms (cache miss)
3455 http fetch GET 200 https://registry.npmjs.org/jiti/-/jiti-2.7.0.tgz 5127ms (cache miss)
3456 http fetch GET 200 https://registry.npmjs.org/postcss/-/postcss-8.5.14.tgz 5137ms (cache miss)
3457 http fetch GET 200 https://registry.npmjs.org/debug/-/debug-3.2.7.tgz 5159ms (cache miss)
3458 http fetch GET 200 https://registry.npmjs.org/debug/-/debug-3.2.7.tgz 5176ms (cache miss)
3459 http fetch GET 200 https://registry.npmjs.org/enhanced-resolve/-/enhanced-resolve-5.21.3.tgz 5224ms (cache miss)
3460 http fetch GET 200 https://registry.npmjs.org/globals/-/globals-16.4.0.tgz 5235ms (cache miss)
3461 http fetch GET 200 https://registry.npmjs.org/postcss 5067ms (cache miss)
3462 silly packumentCache corgi:https://registry.npmjs.org/postcss set size:undefined disposed:false
3463 silly packumentCache corgi:https://registry.npmjs.org/next cache-miss
3464 http fetch GET 200 https://registry.npmjs.org/semver/-/semver-7.8.0.tgz 5426ms (cache miss)
3465 http fetch GET 200 https://registry.npmjs.org/semver/-/semver-7.8.0.tgz 5459ms (cache miss)
3466 http fetch GET 200 https://registry.npmjs.org/semver/-/semver-7.8.0.tgz 5562ms (cache miss)
3467 http fetch GET 200 https://registry.npmjs.org/@babel/types/-/types-7.29.0.tgz 5709ms (cache miss)
3468 http fetch GET 200 https://registry.npmjs.org/minimatch/-/minimatch-10.2.5.tgz 5607ms (cache miss)
3469 http fetch GET 200 https://registry.npmjs.org/@types/node/-/node-20.19.41.tgz 5639ms (cache miss)
3470 http fetch GET 200 https://registry.npmjs.org/ajv/-/ajv-6.15.0.tgz 5669ms (cache miss)
3471 http fetch GET 200 https://registry.npmjs.org/@jridgewell/trace-mapping/-/trace-mapping-0.3.31.tgz 5640ms (cache miss)
3472 http fetch GET 200 https://registry.npmjs.org/postcss/-/postcss-8.4.31.tgz 5657ms (cache miss)
3473 http fetch GET 200 https://registry.npmjs.org/resolve/-/resolve-2.0.0-next.7.tgz 5744ms (cache miss)
3474 http fetch GET 200 https://registry.npmjs.org/axobject-query/-/axobject-query-4.1.0.tgz 5820ms (cache miss)
3475 http fetch GET 200 https://registry.npmjs.org/eslint-plugin-import/-/eslint-plugin-import-2.32.0.tgz 5963ms (cache miss)
3476 http fetch GET 200 https://registry.npmjs.org/@babel/helpers/-/helpers-7.29.2.tgz 6063ms (cache miss)
3477 http fetch GET 200 https://registry.npmjs.org/@tailwindcss/oxide-win32-x64-msvc/-/oxide-win32-x64-msvc-4.3.0.tgz 6148ms (cache miss)
3478 http fetch GET 200 https://registry.npmjs.org/@swc/helpers/-/helpers-0.5.15.tgz 6445ms (cache miss)
3479 http fetch GET 200 https://registry.npmjs.org/aria-query/-/aria-query-5.3.2.tgz 6443ms (cache miss)
3480 http fetch GET 200 https://registry.npmjs.org/@typescript-eslint/scope-manager/-/scope-manager-8.59.3.tgz 6574ms (cache miss)
3481 http fetch GET 200 https://registry.npmjs.org/react-dom/-/react-dom-19.2.4.tgz 6734ms (cache miss)
3482 http fetch GET 200 https://registry.npmjs.org/eslint-plugin-jsx-a11y/-/eslint-plugin-jsx-a11y-6.10.2.tgz 6820ms (cache miss)
3483 http fetch GET 200 https://registry.npmjs.org/next 1742ms (cache miss)
3484 silly packumentCache corgi:https://registry.npmjs.org/next set size:undefined disposed:false
3485 http fetch GET 200 https://registry.npmjs.org/@typescript-eslint/eslint-plugin/-/eslint-plugin-8.59.3.tgz 8149ms (cache miss)
3486 http fetch GET 200 https://registry.npmjs.org/eslint-plugin-react/-/eslint-plugin-react-7.37.5.tgz 8622ms (cache miss)
3487 http fetch GET 200 https://registry.npmjs.org/@img/sharp-win32-x64/-/sharp-win32-x64-0.34.5.tgz 9462ms (cache miss)
3488 http fetch GET 200 https://registry.npmjs.org/eslint/-/eslint-9.39.4.tgz 9419ms (cache miss)
3489 http fetch GET 200 https://registry.npmjs.org/typescript/-/typescript-5.9.3.tgz 9655ms (cache miss)
3490 http fetch GET 200 https://registry.npmjs.org/caniuse-lite/-/caniuse-lite-1.0.30001792.tgz 10481ms (cache miss)
3491 http fetch GET 200 https://registry.npmjs.org/zod/-/zod-4.4.3.tgz 10478ms (cache miss)
3492 http fetch GET 200 https://registry.npmjs.org/es-abstract/-/es-abstract-1.24.2.tgz 12760ms (cache miss)
3493 http fetch GET 200 https://registry.npmjs.org/@next/swc-win32-x64-msvc/-/swc-win32-x64-msvc-16.2.6.tgz 18940ms (cache miss)
3494 http fetch GET 200 https://registry.npmjs.org/next/-/next-16.2.6.tgz 35590ms (cache miss)
3495 info run sharp@0.34.5 install node_modules/sharp node install/check.js || npm run build
3496 info run sharp@0.34.5 install { code: 0, signal: null }
3497 info run unrs-resolver@1.11.1 postinstall node_modules/unrs-resolver napi-postinstall unrs-resolver 1.11.1 check
3498 info run unrs-resolver@1.11.1 postinstall { code: 0, signal: null }
3499 silly ADD node_modules/is-weakset
3500 silly ADD node_modules/is-weakmap
3501 silly ADD node_modules/is-map
3502 silly ADD node_modules/generator-function
3503 silly ADD node_modules/async-function
3504 silly ADD node_modules/which-collection
3505 silly ADD node_modules/is-generator-function
3506 silly ADD node_modules/is-finalizationregistry
3507 silly ADD node_modules/is-async-function
3508 silly ADD node_modules/is-number-object
3509 silly ADD node_modules/is-boolean-object
3510 silly ADD node_modules/is-bigint
3511 silly ADD node_modules/isexe
3512 silly ADD node_modules/punycode
3513 silly ADD node_modules/escalade
3514 silly ADD node_modules/@emnapi/wasi-threads
3515 silly ADD node_modules/@tybys/wasm-util
3516 silly ADD node_modules/@emnapi/core
3517 silly ADD node_modules/@napi-rs/wasm-runtime
3518 silly ADD node_modules/napi-postinstall
3519 silly ADD node_modules/@unrs/resolver-binding-win32-x64-msvc
3520 silly ADD node_modules/which-boxed-primitive
3521 silly ADD node_modules/has-bigints
3522 silly ADD node_modules/@typescript-eslint/tsconfig-utils
3523 silly ADD node_modules/@typescript-eslint/project-service
3524 silly ADD node_modules/@typescript-eslint/types
3525 silly ADD node_modules/ts-api-utils
3526 silly ADD node_modules/@typescript-eslint/visitor-keys
3527 silly ADD node_modules/@typescript-eslint/visitor-keys/node_modules/eslint-visitor-keys
3528 silly ADD node_modules/@typescript-eslint/type-utils
3529 silly ADD node_modules/@typescript-eslint/scope-manager
3530 silly ADD node_modules/@typescript-eslint/utils
3531 silly ADD node_modules/@typescript-eslint/typescript-estree
3532 silly ADD node_modules/@typescript-eslint/typescript-estree/node_modules/balanced-match
3533 silly ADD node_modules/@typescript-eslint/typescript-estree/node_modules/brace-expansion
3534 silly ADD node_modules/@typescript-eslint/typescript-estree/node_modules/semver
3535 silly ADD node_modules/@typescript-eslint/typescript-estree/node_modules/minimatch
3536 silly ADD node_modules/@typescript-eslint/parser
3537 silly ADD node_modules/@typescript-eslint/eslint-plugin
3538 silly ADD node_modules/@typescript-eslint/eslint-plugin/node_modules/ignore
3539 silly ADD node_modules/which-builtin-type
3540 silly ADD node_modules/reflect.getprototypeof
3541 silly ADD node_modules/for-each
3542 silly ADD node_modules/strip-bom
3543 silly ADD node_modules/minimist
3544 silly ADD node_modules/@types/json5
3545 silly ADD node_modules/is-number
3546 silly ADD node_modules/has-flag
3547 silly ADD node_modules/client-only
3548 silly ADD node_modules/side-channel-weakmap
3549 silly ADD node_modules/side-channel-map
3550 silly ADD node_modules/side-channel-list
3551 silly ADD node_modules/shebang-regex
3552 silly ADD node_modules/@emnapi/runtime
3553 silly ADD node_modules/@img/sharp-win32-x64
3554 silly ADD node_modules/@img/colour
3555 silly ADD node_modules/isarray
3556 silly ADD node_modules/queue-microtask
3557 silly ADD node_modules/supports-preserve-symlinks-flag
3558 silly ADD node_modules/path-parse
3559 silly ADD node_modules/node-exports-info
3560 silly ADD node_modules/scheduler
3561 silly ADD node_modules/react-is
3562 silly ADD node_modules/object-assign
3563 silly ADD node_modules/loose-envify
3564 silly ADD node_modules/nanoid
3565 silly ADD node_modules/callsites
3566 silly ADD node_modules/yocto-queue
3567 silly ADD node_modules/p-limit
3568 silly ADD node_modules/word-wrap
3569 silly ADD node_modules/fast-levenshtein
3570 silly ADD node_modules/deep-is
3571 silly ADD node_modules/tslib
3572 silly ADD node_modules/styled-jsx
3573 silly ADD node_modules/sharp
3574 silly ADD node_modules/sharp/node_modules/semver
3575 silly ADD node_modules/@swc/helpers
3576 silly ADD node_modules/@next/swc-win32-x64-msvc
3577 silly ADD node_modules/@next/env
3578 silly ADD node_modules/concat-map
3579 silly ADD node_modules/balanced-match
3580 silly ADD node_modules/brace-expansion
3581 silly ADD node_modules/to-regex-range
3582 silly ADD node_modules/fill-range
3583 silly ADD node_modules/picomatch
3584 silly ADD node_modules/braces
3585 silly ADD node_modules/yallist
3586 silly ADD node_modules/p-locate
3587 silly ADD node_modules/lightningcss-win32-x64-msvc
3588 silly ADD node_modules/detect-libc
3589 silly ADD node_modules/type-check
3590 silly ADD node_modules/prelude-ls
3591 silly ADD node_modules/language-subtag-registry
3592 silly ADD node_modules/json-buffer
3593 silly ADD node_modules/argparse
3594 silly ADD node_modules/set-function-name
3595 silly ADD node_modules/is-extglob
3596 silly ADD node_modules/side-channel
3597 silly ADD node_modules/resolve-from
3598 silly ADD node_modules/parent-module
3599 silly ADD node_modules/hermes-estree
3600 silly ADD node_modules/resolve-pkg-maps
3601 silly ADD node_modules/dunder-proto
3602 silly ADD node_modules/functions-have-names
3603 silly ADD node_modules/keyv
3604 silly ADD node_modules/flatted
3605 silly ADD node_modules/path-exists
3606 silly ADD node_modules/locate-path
3607 silly ADD node_modules/flat-cache
3608 silly ADD node_modules/reusify
3609 silly ADD node_modules/run-parallel
3610 silly ADD node_modules/fastq
3611 silly ADD node_modules/@nodelib/fs.scandir
3612 silly ADD node_modules/micromatch
3613 silly ADD node_modules/merge2
3614 silly ADD node_modules/@nodelib/fs.walk
3615 silly ADD node_modules/@nodelib/fs.stat
3616 silly ADD node_modules/acorn-jsx
3617 silly ADD node_modules/acorn
3618 silly ADD node_modules/esrecurse
3619 silly ADD node_modules/update-browserslist-db
3620 silly ADD node_modules/node-releases
3621 silly ADD node_modules/electron-to-chromium
3622 silly ADD node_modules/caniuse-lite
3623 silly ADD node_modules/baseline-browser-mapping
3624 silly ADD node_modules/@babel/helper-string-parser
3625 silly ADD node_modules/@babel/helper-globals
3626 silly ADD node_modules/@babel/helper-module-imports
3627 silly ADD node_modules/lru-cache
3628 silly ADD node_modules/browserslist
3629 silly ADD node_modules/@babel/helper-validator-option
3630 silly ADD node_modules/@babel/compat-data
3631 silly ADD node_modules/jsesc
3632 silly ADD node_modules/picocolors
3633 silly ADD node_modules/js-tokens
3634 silly ADD node_modules/@babel/helper-validator-identifier
3635 silly ADD node_modules/json5
3636 silly ADD node_modules/gensync
3637 silly ADD node_modules/convert-source-map
3638 silly ADD node_modules/@babel/types
3639 silly ADD node_modules/@babel/traverse
3640 silly ADD node_modules/@babel/template
3641 silly ADD node_modules/@babel/helpers
3642 silly ADD node_modules/@babel/helper-module-transforms
3643 silly ADD node_modules/@babel/helper-compilation-targets
3644 silly ADD node_modules/@babel/generator
3645 silly ADD node_modules/@babel/code-frame
3646 silly ADD node_modules/zod-validation-error
3647 silly ADD node_modules/zod
3648 silly ADD node_modules/hermes-parser
3649 silly ADD node_modules/@babel/parser
3650 silly ADD node_modules/@babel/core
3651 silly ADD node_modules/iterator.prototype
3652 silly ADD node_modules/string.prototype.repeat
3653 silly ADD node_modules/string.prototype.matchall
3654 silly ADD node_modules/prop-types
3655 silly ADD node_modules/object.entries
3656 silly ADD node_modules/estraverse
3657 silly ADD node_modules/es-iterator-helpers
3658 silly ADD node_modules/array.prototype.tosorted
3659 silly ADD node_modules/array.prototype.findlast
3660 silly ADD node_modules/string.prototype.includes
3661 silly ADD node_modules/language-tags
3662 silly ADD node_modules/jsx-ast-utils
3663 silly ADD node_modules/emoji-regex
3664 silly ADD node_modules/damerau-levenshtein
3665 silly ADD node_modules/axobject-query
3666 silly ADD node_modules/axe-core
3667 silly ADD node_modules/ast-types-flow
3668 silly ADD node_modules/aria-query
3669 silly ADD node_modules/is-symbol
3670 silly ADD node_modules/is-date-object
3671 silly ADD node_modules/has-tostringtag
3672 silly ADD node_modules/possible-typed-array-names
3673 silly ADD node_modules/which-typed-array
3674 silly ADD node_modules/unbox-primitive
3675 silly ADD node_modules/typed-array-length
3676 silly ADD node_modules/typed-array-byte-offset
3677 silly ADD node_modules/typed-array-byte-length
3678 silly ADD node_modules/typed-array-buffer
3679 silly ADD node_modules/string.prototype.trimstart
3680 silly ADD node_modules/string.prototype.trim
3681 silly ADD node_modules/stop-iteration-iterator
3682 silly ADD node_modules/set-proto
3683 silly ADD node_modules/safe-regex-test
3684 silly ADD node_modules/safe-push-apply
3685 silly ADD node_modules/safe-array-concat
3686 silly ADD node_modules/regexp.prototype.flags
3687 silly ADD node_modules/own-keys
3688 silly ADD node_modules/object.assign
3689 silly ADD node_modules/object-inspect
3690 silly ADD node_modules/is-weakref
3691 silly ADD node_modules/is-typed-array
3692 silly ADD node_modules/is-shared-array-buffer
3693 silly ADD node_modules/is-set
3694 silly ADD node_modules/is-regex
3695 silly ADD node_modules/is-negative-zero
3696 silly ADD node_modules/is-data-view
3697 silly ADD node_modules/is-callable
3698 silly ADD node_modules/is-array-buffer
3699 silly ADD node_modules/internal-slot
3700 silly ADD node_modules/has-symbols
3701 silly ADD node_modules/has-proto
3702 silly ADD node_modules/globalthis
3703 silly ADD node_modules/get-symbol-description
3704 silly ADD node_modules/get-proto
3705 silly ADD node_modules/function.prototype.name
3706 silly ADD node_modules/es-to-primitive
3707 silly ADD node_modules/es-set-tostringtag
3708 silly ADD node_modules/data-view-byte-offset
3709 silly ADD node_modules/data-view-byte-length
3710 silly ADD node_modules/data-view-buffer
3711 silly ADD node_modules/available-typed-arrays
3712 silly ADD node_modules/arraybuffer.prototype.slice
3713 silly ADD node_modules/array-buffer-byte-length
3714 silly ADD node_modules/gopd
3715 silly ADD node_modules/object-keys
3716 silly ADD node_modules/has-property-descriptors
3717 silly ADD node_modules/define-data-property
3718 silly ADD node_modules/function-bind
3719 silly ADD node_modules/set-function-length
3720 silly ADD node_modules/es-define-property
3721 silly ADD node_modules/call-bind-apply-helpers
3722 silly ADD node_modules/es-shim-unscopables
3723 silly ADD node_modules/es-errors
3724 silly ADD node_modules/math-intrinsics
3725 silly ADD node_modules/is-string
3726 silly ADD node_modules/get-intrinsic
3727 silly ADD node_modules/es-object-atoms
3728 silly ADD node_modules/es-abstract
3729 silly ADD node_modules/define-properties
3730 silly ADD node_modules/call-bound
3731 silly ADD node_modules/call-bind
3732 silly ADD node_modules/tsconfig-paths
3733 silly ADD node_modules/tsconfig-paths/node_modules/json5
3734 silly ADD node_modules/string.prototype.trimend
3735 silly ADD node_modules/semver
3736 silly ADD node_modules/object.values
3737 silly ADD node_modules/object.groupby
3738 silly ADD node_modules/object.fromentries
3739 silly ADD node_modules/hasown
3740 silly ADD node_modules/eslint-module-utils
3741 silly ADD node_modules/eslint-module-utils/node_modules/debug
3742 silly ADD node_modules/doctrine
3743 silly ADD node_modules/array.prototype.flatmap
3744 silly ADD node_modules/array.prototype.flat
3745 silly ADD node_modules/array.prototype.findlastindex
3746 silly ADD node_modules/array-includes
3747 silly ADD node_modules/@rtsao/scc
3748 silly ADD node_modules/unrs-resolver
3749 silly ADD node_modules/tinyglobby
3750 silly ADD node_modules/tinyglobby/node_modules/picomatch
3751 silly ADD node_modules/tinyglobby/node_modules/fdir
3752 silly ADD node_modules/stable-hash
3753 silly ADD node_modules/is-bun-module
3754 silly ADD node_modules/is-bun-module/node_modules/semver
3755 silly ADD node_modules/get-tsconfig
3756 silly ADD node_modules/@nolyfill/is-core-module
3757 silly ADD node_modules/resolve
3758 silly ADD node_modules/is-core-module
3759 silly ADD node_modules/fast-glob
3760 silly ADD node_modules/fast-glob/node_modules/glob-parent
3761 silly ADD node_modules/typescript-eslint
3762 silly ADD node_modules/eslint-plugin-react-hooks
3763 silly ADD node_modules/eslint-plugin-react
3764 silly ADD node_modules/eslint-plugin-jsx-a11y
3765 silly ADD node_modules/eslint-plugin-import
3766 silly ADD node_modules/eslint-plugin-import/node_modules/debug
3767 silly ADD node_modules/eslint-import-resolver-typescript
3768 silly ADD node_modules/eslint-import-resolver-node
3769 silly ADD node_modules/eslint-import-resolver-node/node_modules/debug
3770 silly ADD node_modules/@next/eslint-plugin-next
3771 silly ADD node_modules/ms
3772 silly ADD node_modules/which
3773 silly ADD node_modules/shebang-command
3774 silly ADD node_modules/path-key
3775 silly ADD node_modules/color-name
3776 silly ADD node_modules/color-convert
3777 silly ADD node_modules/supports-color
3778 silly ADD node_modules/ansi-styles
3779 silly ADD node_modules/uri-js
3780 silly ADD node_modules/json-schema-traverse
3781 silly ADD node_modules/fast-json-stable-stringify
3782 silly ADD node_modules/@humanfs/types
3783 silly ADD node_modules/@humanfs/core
3784 silly ADD node_modules/levn
3785 silly ADD node_modules/strip-json-comments
3786 silly ADD node_modules/js-yaml
3787 silly ADD node_modules/import-fresh
3788 silly ADD node_modules/globals
3789 silly ADD node_modules/@types/json-schema
3790 silly ADD node_modules/@eslint/object-schema
3791 silly ADD node_modules/optionator
3792 silly ADD node_modules/natural-compare
3793 silly ADD node_modules/minimatch
3794 silly ADD node_modules/lodash.merge
3795 silly ADD node_modules/json-stable-stringify-without-jsonify
3796 silly ADD node_modules/is-glob
3797 silly ADD node_modules/imurmurhash
3798 silly ADD node_modules/ignore
3799 silly ADD node_modules/glob-parent
3800 silly ADD node_modules/find-up
3801 silly ADD node_modules/file-entry-cache
3802 silly ADD node_modules/fast-deep-equal
3803 silly ADD node_modules/esutils
3804 silly ADD node_modules/esquery
3805 silly ADD node_modules/espree
3806 silly ADD node_modules/eslint-visitor-keys
3807 silly ADD node_modules/eslint-scope
3808 silly ADD node_modules/escape-string-regexp
3809 silly ADD node_modules/debug
3810 silly ADD node_modules/cross-spawn
3811 silly ADD node_modules/chalk
3812 silly ADD node_modules/ajv
3813 silly ADD node_modules/@types/estree
3814 silly ADD node_modules/@humanwhocodes/retry
3815 silly ADD node_modules/@humanwhocodes/module-importer
3816 silly ADD node_modules/@humanfs/node
3817 silly ADD node_modules/@eslint/plugin-kit
3818 silly ADD node_modules/@eslint/js
3819 silly ADD node_modules/@eslint/eslintrc
3820 silly ADD node_modules/@eslint/core
3821 silly ADD node_modules/@eslint/config-helpers
3822 silly ADD node_modules/@eslint/config-array
3823 silly ADD node_modules/@eslint-community/regexpp
3824 silly ADD node_modules/@eslint-community/eslint-utils
3825 silly ADD node_modules/@eslint-community/eslint-utils/node_modules/eslint-visitor-keys
3826 silly ADD node_modules/tapable
3827 silly ADD node_modules/graceful-fs
3828 silly ADD node_modules/csstype
3829 silly ADD node_modules/undici-types
3830 silly ADD node_modules/@tailwindcss/oxide-win32-x64-msvc
3831 silly ADD node_modules/@jridgewell/resolve-uri
3832 silly ADD node_modules/@jridgewell/sourcemap-codec
3833 silly ADD node_modules/@jridgewell/trace-mapping
3834 silly ADD node_modules/@jridgewell/gen-mapping
3835 silly ADD node_modules/source-map-js
3836 silly ADD node_modules/magic-string
3837 silly ADD node_modules/lightningcss
3838 silly ADD node_modules/jiti
3839 silly ADD node_modules/enhanced-resolve
3840 silly ADD node_modules/@jridgewell/remapping
3841 silly ADD node_modules/postcss
3842 silly ADD node_modules/@tailwindcss/oxide
3843 silly ADD node_modules/@tailwindcss/node
3844 silly ADD node_modules/@alloc/quick-lru
3845 silly ADD node_modules/typescript
3846 silly ADD node_modules/tailwindcss
3847 silly ADD node_modules/react-dom
3848 silly ADD node_modules/react
3849 silly ADD node_modules/next
3850 silly ADD node_modules/next/node_modules/postcss
3851 silly ADD node_modules/eslint-config-next
3852 silly ADD node_modules/eslint-config-next/node_modules/globals
3853 silly ADD node_modules/eslint
3854 silly ADD node_modules/@types/react-dom
3855 silly ADD node_modules/@types/react
3856 silly ADD node_modules/@types/node
3857 silly ADD node_modules/@tailwindcss/postcss
3858 verbose cwd C:\Users\deweb\Documents\VSME Supplier Passport\supplier-passport-temp
3859 verbose os Windows_NT 10.0.22631
3860 verbose node v24.15.0
3861 verbose npm  v11.12.1
3862 verbose exit 0
3863 info ok
